# class=tennis player with racket
# object_index=3

FRAME 17
398 75
399 75
400 75
401 75
398 76
399 76
400 76
401 76
402 76
398 77
399 77
400 77
401 77
402 77
398 78
399 78
400 78
401 78
402 78
403 78
398 79
399 79
400 79
401 79
402 79
403 79
397 80
398 80
399 80
400 80
401 80
402 80
403 80
396 81
397 81
398 81
399 81
400 81
401 81
402 81
403 81
404 81
395 82
396 82
397 82
398 82
399 82
400 82
401 82
402 82
403 82
404 82
405 82
394 83
395 83
396 83
397 83
398 83
399 83
400 83
401 83
402 83
403 83
404 83
405 83
406 83
393 84
394 84
395 84
396 84
397 84
398 84
399 84
400 84
401 84
402 84
403 84
404 84
405 84
406 84
393 85
394 85
395 85
396 85
397 85
398 85
399 85
400 85
401 85
402 85
403 85
404 85
405 85
406 85
407 85
393 86
394 86
395 86
396 86
397 86
398 86
399 86
400 86
401 86
402 86
403 86
404 86
405 86
406 86
407 86
392 87
393 87
394 87
395 87
396 87
397 87
398 87
399 87
400 87
401 87
402 87
403 87
404 87
405 87
406 87
407 87
392 88
393 88
394 88
395 88
396 88
397 88
398 88
399 88
400 88
401 88
402 88
403 88
404 88
405 88
406 88
407 88
392 89
393 89
394 89
395 89
396 89
397 89
398 89
399 89
400 89
401 89
402 89
403 89
404 89
405 89
406 89
407 89
392 90
393 90
394 90
395 90
396 90
397 90
398 90
399 90
400 90
401 90
402 90
403 90
404 90
405 90
406 90
407 90
392 91
393 91
394 91
395 91
396 91
397 91
398 91
399 91
400 91
401 91
402 91
403 91
404 91
405 91
406 91
407 91
408 91
393 92
394 92
395 92
396 92
397 92
398 92
399 92
400 92
401 92
402 92
403 92
404 92
405 92
406 92
407 92
408 92
393 93
394 93
395 93
396 93
397 93
398 93
399 93
400 93
401 93
402 93
403 93
404 93
405 93
406 93
407 93
408 93
394 94
395 94
396 94
397 94
398 94
399 94
400 94
401 94
402 94
403 94
404 94
405 94
406 94
407 94
408 94
409 94
394 95
395 95
396 95
397 95
398 95
399 95
400 95
401 95
402 95
403 95
404 95
405 95
406 95
407 95
408 95
409 95
395 96
396 96
397 96
398 96
399 96
400 96
401 96
402 96
403 96
404 96
405 96
406 96
407 96
408 96
409 96
395 97
396 97
397 97
398 97
399 97
400 97
401 97
404 97
405 97
406 97
407 97
408 97
409 97
395 98
396 98
397 98
398 98
399 98
400 98
405 98
406 98
407 98
408 98
409 98
395 99
396 99
397 99
398 99
399 99
405 99
406 99
407 99
408 99
409 99
410 99
395 100
396 100
397 100
398 100
399 100
406 100
407 100
408 100
409 100
410 100
394 101
395 101
396 101
397 101
398 101
406 101
407 101
408 101
409 101
410 101
394 102
395 102
396 102
397 102
398 102
407 102
408 102
409 102
410 102
411 102
394 103
395 103
396 103
397 103
407 103
408 103
409 103
410 103
411 103
394 104
395 104
396 104
397 104
408 104
409 104
410 104
411 104
412 104
394 105
395 105
396 105
397 105
408 105
409 105
410 105
411 105
412 105
394 106
395 106
396 106
397 106
409 106
410 106
411 106
412 106
394 107
395 107
396 107
397 107
410 107
411 107
412 107
413 107
394 108
395 108
396 108
411 108
412 108
413 108
394 109
395 109
396 109
411 109
412 109
413 109
394 110
395 110
396 110
412 110
413 110
414 110
394 111
395 111
396 111
412 111
413 111
414 111
394 112
395 112
396 112
412 112
413 112
414 112
394 113
395 113
396 113
412 113
413 113
414 113
393 114
394 114
395 114
396 114
413 114
414 114
393 115
394 115
395 115
393 116
394 116
395 116
393 117
394 117
395 117

FRAME 47
380 70
381 70
382 70
383 70
379 71
380 71
381 71
382 71
383 71
379 72
380 72
381 72
382 72
383 72
384 72
379 73
380 73
381 73
382 73
383 73
384 73
385 73
369 74
370 74
371 74
378 74
379 74
380 74
381 74
382 74
383 74
384 74
385 74
386 74
369 75
370 75
371 75
372 75
373 75
374 75
377 75
378 75
379 75
380 75
381 75
382 75
383 75
384 75
385 75
386 75
387 75
369 76
370 76
371 76
372 76
373 76
374 76
375 76
376 76
377 76
378 76
379 76
380 76
381 76
382 76
383 76
384 76
385 76
386 76
387 76
388 76
370 77
371 77
372 77
373 77
374 77
375 77
376 77
377 77
378 77
379 77
380 77
381 77
382 77
383 77
384 77
385 77
386 77
387 77
388 77
389 77
372 78
373 78
374 78
375 78
376 78
377 78
378 78
379 78
380 78
381 78
382 78
383 78
384 78
385 78
386 78
387 78
388 78
389 78
374 79
375 79
376 79
377 79
378 79
379 79
380 79
381 79
382 79
383 79
384 79
385 79
386 79
387 79
388 79
389 79
390 79
378 80
379 80
380 80
381 80
382 80
383 80
384 80
385 80
386 80
387 80
388 80
389 80
390 80
380 81
381 81
382 81
383 81
384 81
385 81
386 81
387 81
388 81
389 81
390 81
381 82
382 82
383 82
384 82
385 82
386 82
387 82
388 82
389 82
390 82
391 82
382 83
383 83
384 83
385 83
386 83
387 83
388 83
389 83
390 83
391 83
383 84
384 84
385 84
386 84
387 84
388 84
389 84
390 84
391 84
383 85
384 85
385 85
386 85
387 85
388 85
389 85
390 85
391 85
392 85
383 86
384 86
385 86
386 86
387 86
388 86
389 86
390 86
391 86
392 86
384 87
385 87
386 87
387 87
388 87
389 87
390 87
391 87
392 87
383 88
384 88
385 88
386 88
387 88
388 88
389 88
390 88
391 88
392 88
383 89
384 89
385 89
386 89
387 89
388 89
389 89
390 89
391 89
392 89
381 90
382 90
383 90
384 90
385 90
386 90
387 90
388 90
389 90
390 90
391 90
392 90
380 91
381 91
382 91
383 91
384 91
385 91
386 91
387 91
388 91
389 91
390 91
391 91
392 91
379 92
380 92
381 92
382 92
383 92
384 92
385 92
386 92
387 92
388 92
389 92
390 92
391 92
392 92
378 93
379 93
380 93
381 93
382 93
383 93
384 93
385 93
386 93
387 93
388 93
389 93
390 93
391 93
378 94
379 94
380 94
381 94
382 94
383 94
384 94
385 94
386 94
387 94
388 94
389 94
390 94
391 94
378 95
379 95
380 95
381 95
382 95
383 95
384 95
385 95
386 95
387 95
388 95
389 95
390 95
378 96
379 96
380 96
381 96
382 96
383 96
384 96
385 96
386 96
387 96
388 96
389 96
390 96
378 97
379 97
380 97
381 97
382 97
384 97
385 97
386 97
387 97
388 97
389 97
390 97
378 98
379 98
380 98
381 98
382 98
384 98
385 98
386 98
387 98
388 98
389 98
390 98
378 99
379 99
380 99
381 99
382 99
385 99
386 99
387 99
388 99
389 99
390 99
379 100
380 100
381 100
382 100
385 100
386 100
387 100
388 100
389 100
390 100
391 100
379 101
380 101
381 101
382 101
385 101
386 101
387 101
388 101
389 101
390 101
391 101
392 101
379 102
380 102
381 102
382 102
385 102
386 102
387 102
388 102
389 102
390 102
391 102
392 102
393 102
379 103
380 103
381 103
382 103
386 103
387 103
388 103
389 103
390 103
391 103
392 103
393 103
394 103
395 103
396 103
378 104
379 104
380 104
381 104
382 104
388 104
389 104
390 104
391 104
392 104
393 104
394 104
395 104
396 104
397 104
398 104
399 104
377 105
378 105
379 105
380 105
381 105
382 105
392 105
393 105
394 105
395 105
396 105
397 105
398 105
399 105
377 106
378 106
379 106
380 106
381 106
382 106
395 106
396 106
397 106
398 106
399 106
400 106
376 107
377 107
378 107
379 107
380 107
381 107
396 107
397 107
398 107
399 107
400 107
396 108
397 108
398 108
399 108
400 108
397 109
398 109
399 109
400 109
397 110
398 110
399 110

FRAME 50
380 69
381 69
378 70
379 70
380 70
381 70
382 70
378 71
379 71
380 71
381 71
382 71
383 71
378 72
379 72
380 72
381 72
382 72
383 72
378 73
379 73
380 73
381 73
382 73
383 73
384 73
378 74
379 74
380 74
381 74
382 74
383 74
384 74
385 74
379 75
380 75
381 75
382 75
383 75
384 75
385 75
386 75
387 75
378 76
379 76
380 76
381 76
382 76
383 76
384 76
385 76
386 76
387 76
388 76
389 76
378 77
379 77
380 77
381 77
382 77
383 77
384 77
385 77
386 77
387 77
388 77
389 77
376 78
377 78
378 78
379 78
380 78
381 78
382 78
383 78
384 78
385 78
386 78
387 78
388 78
389 78
366 79
367 79
368 79
369 79
370 79
371 79
372 79
373 79
374 79
375 79
376 79
377 79
378 79
379 79
380 79
381 79
382 79
383 79
384 79
385 79
386 79
387 79
388 79
389 79
390 79
365 80
366 80
367 80
368 80
369 80
370 80
371 80
372 80
373 80
374 80
375 80
376 80
377 80
378 80
379 80
380 80
381 80
382 80
383 80
384 80
385 80
386 80
387 80
388 80
389 80
390 80
366 81
367 81
368 81
369 81
370 81
371 81
372 81
373 81
374 81
375 81
376 81
377 81
380 81
381 81
382 81
383 81
384 81
385 81
386 81
387 81
388 81
389 81
390 81
391 81
370 82
371 82
372 82
373 82
374 82
382 82
383 82
384 82
385 82
386 82
387 82
388 82
389 82
390 82
391 82
382 83
383 83
384 83
385 83
386 83
387 83
388 83
389 83
390 83
391 83
383 84
384 84
385 84
386 84
387 84
388 84
389 84
390 84
391 84
392 84
383 85
384 85
385 85
386 85
387 85
388 85
389 85
390 85
391 85
392 85
383 86
384 86
385 86
386 86
387 86
388 86
389 86
390 86
391 86
392 86
383 87
384 87
385 87
386 87
387 87
388 87
389 87
390 87
391 87
392 87
393 87
383 88
384 88
385 88
386 88
387 88
388 88
389 88
390 88
391 88
392 88
393 88
382 89
383 89
384 89
385 89
386 89
387 89
388 89
389 89
390 89
391 89
392 89
393 89
381 90
382 90
383 90
384 90
385 90
386 90
387 90
388 90
389 90
390 90
391 90
392 90
380 91
381 91
382 91
383 91
384 91
385 91
386 91
387 91
388 91
389 91
390 91
391 91
392 91
379 92
380 92
381 92
382 92
383 92
384 92
385 92
386 92
387 92
388 92
389 92
390 92
391 92
392 92
378 93
379 93
380 93
381 93
382 93
383 93
384 93
385 93
386 93
387 93
388 93
389 93
390 93
391 93
378 94
379 94
380 94
381 94
382 94
383 94
385 94
386 94
387 94
388 94
389 94
390 94
391 94
378 95
379 95
380 95
381 95
382 95
387 95
388 95
389 95
390 95
391 95
378 96
379 96
380 96
381 96
387 96
388 96
389 96
390 96
391 96
378 97
379 97
380 97
381 97
387 97
388 97
389 97
390 97
391 97
378 98
379 98
380 98
381 98
387 98
388 98
389 98
390 98
391 98
378 99
379 99
380 99
381 99
387 99
388 99
389 99
390 99
391 99
379 100
380 100
381 100
382 100
387 100
388 100
389 100
390 100
391 100
392 100
393 100
379 101
380 101
381 101
382 101
388 101
389 101
390 101
391 101
392 101
393 101
394 101
379 102
380 102
381 102
382 102
388 102
389 102
390 102
391 102
392 102
393 102
394 102
395 102
379 103
380 103
381 103
382 103
390 103
391 103
392 103
393 103
394 103
395 103
396 103
397 103
398 103
378 104
379 104
380 104
381 104
382 104
392 104
393 104
394 104
395 104
396 104
397 104
398 104
399 104
377 105
378 105
379 105
380 105
381 105
382 105
383 105
394 105
395 105
396 105
397 105
398 105
399 105
400 105
376 106
377 106
378 106
379 106
380 106
381 106
382 106
396 106
397 106
398 106
399 106
400 106
401 106
376 107
377 107
378 107
379 107
380 107
381 107
382 107
397 107
398 107
399 107
400 107
401 107
397 108
398 108
399 108
400 108
401 108
397 109
398 109
399 109
400 109
401 109
397 110
398 110
399 110
400 110
401 110

FRAME 51
378 68
379 68
380 68
381 68
378 69
379 69
380 69
381 69
382 69
383 69
378 70
379 70
380 70
381 70
382 70
383 70
378 71
379 71
380 71
381 71
382 71
383 71
384 71
378 72
379 72
380 72
381 72
382 72
383 72
384 72
385 72
379 73
380 73
381 73
382 73
383 73
384 73
385 73
386 73
379 74
380 74
381 74
382 74
383 74
384 74
385 74
386 74
387 74
379 75
380 75
381 75
382 75
383 75
384 75
385 75
386 75
387 75
388 75
379 76
380 76
381 76
382 76
383 76
384 76
385 76
386 76
387 76
388 76
389 76
379 77
380 77
381 77
382 77
383 77
384 77
385 77
386 77
387 77
388 77
389 77
378 78
379 78
380 78
381 78
382 78
383 78
384 78
385 78
386 78
387 78
388 78
389 78
390 78
376 79
377 79
378 79
379 79
380 79
381 79
382 79
383 79
384 79
385 79
386 79
387 79
388 79
389 79
390 79
372 80
373 80
374 80
375 80
376 80
377 80
378 80
379 80
380 80
381 80
382 80
383 80
384 80
385 80
386 80
387 80
388 80
389 80
390 80
391 80
369 81
370 81
371 81
372 81
373 81
374 81
375 81
376 81
377 81
378 81
379 81
380 81
381 81
382 81
383 81
384 81
385 81
386 81
387 81
388 81
389 81
390 81
391 81
369 82
370 82
371 82
372 82
373 82
374 82
375 82
376 82
377 82
378 82
382 82
383 82
384 82
385 82
386 82
387 82
388 82
389 82
390 82
391 82
392 82
369 83
370 83
371 83
372 83
373 83
374 83
375 83
382 83
383 83
384 83
385 83
386 83
387 83
388 83
389 83
390 83
391 83
392 83
383 84
384 84
385 84
386 84
387 84
388 84
389 84
390 84
391 84
392 84
383 85
384 85
385 85
386 85
387 85
388 85
389 85
390 85
391 85
392 85
393 85
383 86
384 86
385 86
386 86
387 86
388 86
389 86
390 86
391 86
392 86
393 86
383 87
384 87
385 87
386 87
387 87
388 87
389 87
390 87
391 87
392 87
393 87
382 88
383 88
384 88
385 88
386 88
387 88
388 88
389 88
390 88
391 88
392 88
393 88
381 89
382 89
383 89
384 89
385 89
386 89
387 89
388 89
389 89
390 89
391 89
392 89
393 89
380 90
381 90
382 90
383 90
384 90
385 90
386 90
387 90
388 90
389 90
390 90
391 90
392 90
393 90
380 91
381 91
382 91
383 91
384 91
385 91
386 91
387 91
388 91
389 91
390 91
391 91
392 91
379 92
380 92
381 92
382 92
383 92
384 92
385 92
386 92
387 92
388 92
389 92
390 92
391 92
392 92
378 93
379 93
380 93
381 93
382 93
383 93
384 93
385 93
386 93
387 93
388 93
389 93
390 93
391 93
392 93
378 94
379 94
380 94
381 94
382 94
383 94
387 94
388 94
389 94
390 94
391 94
392 94
378 95
379 95
380 95
381 95
382 95
388 95
389 95
390 95
391 95
392 95
378 96
379 96
380 96
381 96
382 96
388 96
389 96
390 96
391 96
392 96
378 97
379 97
380 97
381 97
382 97
388 97
389 97
390 97
391 97
392 97
393 97
378 98
379 98
380 98
381 98
382 98
388 98
389 98
390 98
391 98
392 98
393 98
379 99
380 99
381 99
382 99
389 99
390 99
391 99
392 99
393 99
394 99
379 100
380 100
381 100
382 100
390 100
391 100
392 100
393 100
394 100
395 100
379 101
380 101
381 101
382 101
391 101
392 101
393 101
394 101
395 101
396 101
379 102
380 102
381 102
382 102
392 102
393 102
394 102
395 102
396 102
397 102
379 103
380 103
381 103
382 103
393 103
394 103
395 103
396 103
397 103
398 103
378 104
379 104
380 104
381 104
382 104
395 104
396 104
397 104
398 104
399 104
377 105
378 105
379 105
380 105
381 105
382 105
396 105
397 105
398 105
399 105
400 105
376 106
377 106
378 106
379 106
380 106
381 106
382 106
397 106
398 106
399 106
400 106
401 106
376 107
377 107
378 107
379 107
380 107
381 107
382 107
397 107
398 107
399 107
400 107
401 107
397 108
398 108
399 108
400 108
401 108
397 109
398 109
399 109
400 109
401 109
398 110
399 110
400 110
401 110

FRAME 52
379 67
380 67
381 67
378 68
379 68
380 68
381 68
382 68
378 69
379 69
380 69
381 69
382 69
383 69
378 70
379 70
380 70
381 70
382 70
383 70
384 70
378 71
379 71
380 71
381 71
382 71
383 71
384 71
378 72
379 72
380 72
381 72
382 72
383 72
384 72
385 72
386 72
379 73
380 73
381 73
382 73
383 73
384 73
385 73
386 73
387 73
380 74
381 74
382 74
383 74
384 74
385 74
386 74
387 74
388 74
380 75
381 75
382 75
383 75
384 75
385 75
386 75
387 75
388 75
389 75
380 76
381 76
382 76
383 76
384 76
385 76
386 76
387 76
388 76
389 76
379 77
380 77
381 77
382 77
383 77
384 77
385 77
386 77
387 77
388 77
389 77
390 77
378 78
379 78
380 78
381 78
382 78
383 78
384 78
385 78
386 78
387 78
388 78
389 78
390 78
377 79
378 79
379 79
380 79
381 79
382 79
383 79
384 79
385 79
386 79
387 79
388 79
389 79
390 79
391 79
375 80
376 80
377 80
378 80
379 80
380 80
381 80
382 80
383 80
384 80
385 80
386 80
387 80
388 80
389 80
390 80
391 80
373 81
374 81
375 81
376 81
377 81
378 81
379 81
380 81
381 81
382 81
383 81
384 81
385 81
386 81
387 81
388 81
389 81
390 81
391 81
392 81
372 82
373 82
374 82
375 82
376 82
377 82
378 82
379 82
380 82
382 82
383 82
384 82
385 82
386 82
387 82
388 82
389 82
390 82
391 82
392 82
373 83
374 83
375 83
376 83
383 83
384 83
385 83
386 83
387 83
388 83
389 83
390 83
391 83
392 83
393 83
383 84
384 84
385 84
386 84
387 84
388 84
389 84
390 84
391 84
392 84
393 84
383 85
384 85
385 85
386 85
387 85
388 85
389 85
390 85
391 85
392 85
393 85
383 86
384 86
385 86
386 86
387 86
388 86
389 86
390 86
391 86
392 86
393 86
383 87
384 87
385 87
386 87
387 87
388 87
389 87
390 87
391 87
392 87
393 87
382 88
383 88
384 88
385 88
386 88
387 88
388 88
389 88
390 88
391 88
392 88
393 88
381 89
382 89
383 89
384 89
385 89
386 89
387 89
388 89
389 89
390 89
391 89
392 89
393 89
380 90
381 90
382 90
383 90
384 90
385 90
386 90
387 90
388 90
389 90
390 90
391 90
392 90
393 90
380 91
381 91
382 91
383 91
384 91
385 91
386 91
387 91
388 91
389 91
390 91
391 91
392 91
393 91
379 92
380 92
381 92
382 92
383 92
384 92
385 92
386 92
387 92
388 92
389 92
390 92
391 92
392 92
393 92
378 93
379 93
380 93
381 93
382 93
383 93
384 93
387 93
388 93
389 93
390 93
391 93
392 93
393 93
378 94
379 94
380 94
381 94
382 94
383 94
388 94
389 94
390 94
391 94
392 94
393 94
378 95
379 95
380 95
381 95
382 95
389 95
390 95
391 95
392 95
393 95
378 96
379 96
380 96
381 96
382 96
389 96
390 96
391 96
392 96
393 96
378 97
379 97
380 97
381 97
382 97
389 97
390 97
391 97
392 97
393 97
394 97
378 98
379 98
380 98
381 98
382 98
390 98
391 98
392 98
393 98
394 98
379 99
380 99
381 99
382 99
391 99
392 99
393 99
394 99
395 99
379 100
380 100
381 100
382 100
391 100
392 100
393 100
394 100
395 100
396 100
379 101
380 101
381 101
382 101
393 101
394 101
395 101
396 101
397 101
379 102
380 102
381 102
382 102
394 102
395 102
396 102
397 102
398 102
379 103
380 103
381 103
382 103
395 103
396 103
397 103
398 103
399 103
378 104
379 104
380 104
381 104
382 104
396 104
397 104
398 104
399 104
400 104
377 105
378 105
379 105
380 105
381 105
382 105
397 105
398 105
399 105
400 105
376 106
377 106
378 106
379 106
380 106
381 106
382 106
397 106
398 106
399 106
400 106
401 106
376 107
377 107
378 107
379 107
380 107
381 107
397 107
398 107
399 107
400 107
401 107
397 108
398 108
399 108
400 108
401 108
397 109
398 109
399 109
400 109
401 109
398 110
399 110
400 110
401 110

FRAME 53
380 65
381 65
378 66
379 66
380 66
381 66
382 66
378 67
379 67
380 67
381 67
382 67
383 67
378 68
379 68
380 68
381 68
382 68
383 68
378 69
379 69
380 69
381 69
382 69
383 69
384 69
379 70
380 70
381 70
382 70
383 70
384 70
385 70
379 71
380 71
381 71
382 71
383 71
384 71
385 71
386 71
380 72
381 72
382 72
383 72
384 72
385 72
386 72
387 72
380 73
381 73
382 73
383 73
384 73
385 73
386 73
387 73
388 73
380 74
381 74
382 74
383 74
384 74
385 74
386 74
387 74
388 74
389 74
380 75
381 75
382 75
383 75
384 75
385 75
386 75
387 75
388 75
389 75
380 76
381 76
382 76
383 76
384 76
385 76
386 76
387 76
388 76
389 76
390 76
380 77
381 77
382 77
383 77
384 77
385 77
386 77
387 77
388 77
389 77
390 77
391 77
380 78
381 78
382 78
383 78
384 78
385 78
386 78
387 78
388 78
389 78
390 78
391 78
379 79
380 79
381 79
382 79
383 79
384 79
385 79
386 79
387 79
388 79
389 79
390 79
391 79
392 79
378 80
379 80
380 80
381 80
382 80
383 80
384 80
385 80
386 80
387 80
388 80
389 80
390 80
391 80
392 80
378 81
379 81
380 81
381 81
382 81
383 81
384 81
385 81
386 81
387 81
388 81
389 81
390 81
391 81
392 81
378 82
379 82
380 82
381 82
382 82
383 82
384 82
385 82
386 82
387 82
388 82
389 82
390 82
391 82
392 82
393 82
379 83
380 83
381 83
382 83
383 83
384 83
385 83
386 83
387 83
388 83
389 83
390 83
391 83
392 83
393 83
380 84
381 84
382 84
383 84
384 84
385 84
386 84
387 84
388 84
389 84
390 84
391 84
392 84
393 84
381 85
382 85
383 85
384 85
385 85
386 85
387 85
388 85
389 85
390 85
391 85
392 85
393 85
381 86
382 86
383 86
384 86
385 86
386 86
387 86
388 86
389 86
390 86
391 86
392 86
393 86
382 87
383 87
384 87
385 87
386 87
387 87
388 87
389 87
390 87
391 87
392 87
393 87
381 88
382 88
383 88
384 88
385 88
386 88
387 88
388 88
389 88
390 88
391 88
392 88
393 88
381 89
382 89
383 89
384 89
385 89
386 89
387 89
388 89
389 89
390 89
391 89
392 89
393 89
394 89
380 90
381 90
382 90
383 90
384 90
385 90
386 90
387 90
388 90
389 90
390 90
391 90
392 90
393 90
394 90
380 91
381 91
382 91
383 91
384 91
385 91
386 91
387 91
388 91
389 91
390 91
391 91
392 91
393 91
394 91
379 92
380 92
381 92
382 92
383 92
384 92
385 92
390 92
391 92
392 92
393 92
394 92
379 93
380 93
381 93
382 93
383 93
384 93
390 93
391 93
392 93
393 93
394 93
379 94
380 94
381 94
382 94
383 94
390 94
391 94
392 94
393 94
394 94
395 94
379 95
380 95
381 95
382 95
391 95
392 95
393 95
394 95
395 95
379 96
380 96
381 96
382 96
391 96
392 96
393 96
394 96
395 96
396 96
379 97
380 97
381 97
382 97
392 97
393 97
394 97
395 97
396 97
379 98
380 98
381 98
382 98
393 98
394 98
395 98
396 98
397 98
379 99
380 99
381 99
382 99
394 99
395 99
396 99
397 99
379 100
380 100
381 100
382 100
394 100
395 100
396 100
397 100
398 100
379 101
380 101
381 101
382 101
395 101
396 101
397 101
398 101
379 102
380 102
381 102
382 102
396 102
397 102
398 102
399 102
379 103
380 103
381 103
382 103
397 103
398 103
399 103
378 104
379 104
380 104
381 104
382 104
397 104
398 104
399 104
400 104
377 105
378 105
379 105
380 105
381 105
382 105
383 105
397 105
398 105
399 105
400 105
376 106
377 106
378 106
379 106
380 106
381 106
382 106
397 106
398 106
399 106
400 106
401 106
376 107
377 107
378 107
379 107
380 107
381 107
382 107
397 107
398 107
399 107
400 107
401 107
397 108
398 108
399 108
400 108
401 108
397 109
398 109
399 109
400 109
401 109
397 110
398 110
399 110
400 110
401 110

FRAME 54
379 64
380 64
381 64
382 64
378 65
379 65
380 65
381 65
382 65
383 65
378 66
379 66
380 66
381 66
382 66
383 66
384 66
379 67
380 67
381 67
382 67
383 67
384 67
380 68
381 68
382 68
383 68
384 68
385 68
380 69
381 69
382 69
383 69
384 69
385 69
386 69
381 70
382 70
383 70
384 70
385 70
386 70
387 70
388 70
380 71
381 71
382 71
383 71
384 71
385 71
386 71
387 71
388 71
389 71
380 72
381 72
382 72
383 72
384 72
385 72
386 72
387 72
388 72
389 72
380 73
381 73
382 73
383 73
384 73
385 73
386 73
387 73
388 73
389 73
390 73
379 74
380 74
381 74
382 74
383 74
384 74
385 74
386 74
387 74
388 74
389 74
390 74
391 74
379 75
380 75
381 75
382 75
383 75
384 75
385 75
386 75
387 75
388 75
389 75
390 75
391 75
378 76
379 76
380 76
381 76
382 76
383 76
384 76
385 76
386 76
387 76
388 76
389 76
390 76
391 76
378 77
379 77
380 77
381 77
382 77
383 77
384 77
385 77
386 77
387 77
388 77
389 77
390 77
391 77
392 77
378 78
379 78
380 78
381 78
382 78
383 78
384 78
385 78
386 78
387 78
388 78
389 78
390 78
391 78
392 78
393 78
377 79
378 79
379 79
380 79
381 79
382 79
383 79
384 79
385 79
386 79
387 79
388 79
389 79
390 79
391 79
392 79
393 79
376 80
377 80
378 80
379 80
382 80
383 80
384 80
385 80
386 80
387 80
388 80
389 80
390 80
391 80
392 80
393 80
376 81
377 81
378 81
379 81
383 81
384 81
385 81
386 81
387 81
388 81
389 81
390 81
391 81
392 81
393 81
375 82
376 82
377 82
378 82
383 82
384 82
385 82
386 82
387 82
388 82
389 82
390 82
391 82
392 82
393 82
394 82
374 83
375 83
376 83
377 83
383 83
384 83
385 83
386 83
387 83
388 83
389 83
390 83
391 83
392 83
393 83
394 83
374 84
375 84
376 84
383 84
384 84
385 84
386 84
387 84
388 84
389 84
390 84
391 84
392 84
393 84
394 84
373 85
374 85
375 85
376 85
383 85
384 85
385 85
386 85
387 85
388 85
389 85
390 85
391 85
392 85
393 85
394 85
373 86
374 86
375 86
383 86
384 86
385 86
386 86
387 86
388 86
389 86
390 86
391 86
392 86
393 86
394 86
395 86
373 87
374 87
382 87
383 87
384 87
385 87
386 87
387 87
388 87
389 87
390 87
391 87
392 87
393 87
394 87
395 87
382 88
383 88
384 88
385 88
386 88
387 88
388 88
389 88
390 88
391 88
392 88
393 88
394 88
395 88
381 89
382 89
383 89
384 89
385 89
386 89
387 89
390 89
391 89
392 89
393 89
394 89
395 89
381 90
382 90
383 90
384 90
385 90
386 90
391 90
392 90
393 90
394 90
395 90
380 91
381 91
382 91
383 91
384 91
385 91
391 91
392 91
393 91
394 91
395 91
380 92
381 92
382 92
383 92
384 92
392 92
393 92
394 92
395 92
380 93
381 93
382 93
383 93
384 93
392 93
393 93
394 93
395 93
396 93
379 94
380 94
381 94
382 94
383 94
393 94
394 94
395 94
396 94
379 95
380 95
381 95
382 95
383 95
393 95
394 95
395 95
396 95
379 96
380 96
381 96
382 96
383 96
394 96
395 96
396 96
397 96
379 97
380 97
381 97
382 97
383 97
394 97
395 97
396 97
397 97
380 98
381 98
382 98
383 98
395 98
396 98
397 98
398 98
380 99
381 99
382 99
395 99
396 99
397 99
398 99
380 100
381 100
382 100
396 100
397 100
398 100
380 101
381 101
382 101
396 101
397 101
398 101
399 101
380 102
381 102
382 102
396 102
397 102
398 102
399 102
379 103
380 103
381 103
382 103
396 103
397 103
398 103
399 103
378 104
379 104
380 104
381 104
382 104
397 104
398 104
399 104
377 105
378 105
379 105
380 105
381 105
382 105
397 105
398 105
399 105
376 106
377 106
378 106
379 106
380 106
381 106
382 106
397 106
398 106
399 106
376 107
377 107
378 107
379 107
380 107
381 107
396 107
397 107
398 107
399 107
397 108
398 108
399 108
398 109

FRAME 55
380 63
381 63
382 63
378 64
379 64
380 64
381 64
382 64
383 64
378 65
379 65
380 65
381 65
382 65
383 65
384 65
378 66
379 66
380 66
381 66
382 66
383 66
384 66
385 66
379 67
380 67
381 67
382 67
383 67
384 67
385 67
386 67
380 68
381 68
382 68
383 68
384 68
385 68
386 68
387 68
380 69
381 69
382 69
383 69
384 69
385 69
386 69
387 69
388 69
380 70
381 70
382 70
383 70
384 70
385 70
386 70
387 70
388 70
389 70
380 71
381 71
382 71
383 71
384 71
385 71
386 71
387 71
388 71
389 71
390 71
380 72
381 72
382 72
383 72
384 72
385 72
386 72
387 72
388 72
389 72
390 72
391 72
379 73
380 73
381 73
382 73
383 73
384 73
385 73
386 73
387 73
388 73
389 73
390 73
391 73
378 74
379 74
380 74
381 74
382 74
383 74
384 74
385 74
386 74
387 74
388 74
389 74
390 74
391 74
378 75
379 75
380 75
381 75
382 75
383 75
384 75
385 75
386 75
387 75
388 75
389 75
390 75
391 75
392 75
378 76
379 76
380 76
381 76
382 76
383 76
384 76
385 76
386 76
387 76
388 76
389 76
390 76
391 76
392 76
377 77
378 77
379 77
380 77
381 77
382 77
383 77
384 77
385 77
386 77
387 77
388 77
389 77
390 77
391 77
392 77
377 78
378 78
379 78
380 78
381 78
382 78
383 78
384 78
385 78
386 78
387 78
388 78
389 78
390 78
391 78
392 78
393 78
376 79
377 79
378 79
379 79
380 79
382 79
383 79
384 79
385 79
386 79
387 79
388 79
389 79
390 79
391 79
392 79
393 79
375 80
376 80
377 80
378 80
379 80
383 80
384 80
385 80
386 80
387 80
388 80
389 80
390 80
391 80
392 80
393 80
374 81
375 81
376 81
377 81
378 81
383 81
384 81
385 81
386 81
387 81
388 81
389 81
390 81
391 81
392 81
393 81
373 82
374 82
375 82
376 82
377 82
383 82
384 82
385 82
386 82
387 82
388 82
389 82
390 82
391 82
392 82
393 82
394 82
372 83
373 83
374 83
375 83
376 83
383 83
384 83
385 83
386 83
387 83
388 83
389 83
390 83
391 83
392 83
393 83
394 83
371 84
372 84
373 84
374 84
375 84
383 84
384 84
385 84
386 84
387 84
388 84
389 84
390 84
391 84
392 84
393 84
394 84
395 84
371 85
372 85
373 85
374 85
383 85
384 85
385 85
386 85
387 85
388 85
389 85
390 85
391 85
392 85
393 85
394 85
395 85
370 86
371 86
372 86
373 86
383 86
384 86
385 86
386 86
387 86
388 86
389 86
390 86
391 86
392 86
393 86
394 86
395 86
370 87
371 87
382 87
383 87
384 87
385 87
386 87
387 87
388 87
389 87
390 87
391 87
392 87
393 87
394 87
395 87
382 88
383 88
384 88
385 88
386 88
387 88
388 88
389 88
390 88
391 88
392 88
393 88
394 88
395 88
382 89
383 89
384 89
385 89
386 89
391 89
392 89
393 89
394 89
395 89
381 90
382 90
383 90
384 90
385 90
386 90
392 90
393 90
394 90
395 90
381 91
382 91
383 91
384 91
385 91
392 91
393 91
394 91
395 91
396 91
380 92
381 92
382 92
383 92
384 92
393 92
394 92
395 92
396 92
380 93
381 93
382 93
383 93
384 93
393 93
394 93
395 93
396 93
380 94
381 94
382 94
383 94
393 94
394 94
395 94
396 94
380 95
381 95
382 95
383 95
394 95
395 95
396 95
397 95
380 96
381 96
382 96
383 96
394 96
395 96
396 96
397 96
380 97
381 97
382 97
383 97
395 97
396 97
397 97
380 98
381 98
382 98
383 98
395 98
396 98
397 98
398 98
380 99
381 99
382 99
383 99
395 99
396 99
397 99
398 99
380 100
381 100
382 100
383 100
396 100
397 100
398 100
380 101
381 101
382 101
383 101
396 101
397 101
398 101
380 102
381 102
382 102
396 102
397 102
398 102
379 103
380 103
381 103
382 103
397 103
398 103
399 103
379 104
380 104
381 104
382 104
383 104
397 104
398 104
399 104
377 105
378 105
379 105
380 105
381 105
382 105
383 105
397 105
398 105
399 105
377 106
378 106
379 106
380 106
381 106
382 106
397 106
398 106
399 106
377 107
378 107
379 107
380 107
381 107
398 107

FRAME 57
380 62
381 62
382 62
383 62
380 63
381 63
382 63
383 63
384 63
379 64
380 64
381 64
382 64
383 64
384 64
379 65
380 65
381 65
382 65
383 65
384 65
385 65
379 66
380 66
381 66
382 66
383 66
384 66
385 66
386 66
380 67
381 67
382 67
383 67
384 67
385 67
386 67
387 67
388 67
380 68
381 68
382 68
383 68
384 68
385 68
386 68
387 68
388 68
389 68
380 69
381 69
382 69
383 69
384 69
385 69
386 69
387 69
388 69
389 69
390 69
380 70
381 70
382 70
383 70
384 70
385 70
386 70
387 70
388 70
389 70
390 70
391 70
380 71
381 71
382 71
383 71
384 71
385 71
386 71
387 71
388 71
389 71
390 71
391 71
392 71
380 72
381 72
382 72
383 72
384 72
385 72
386 72
387 72
388 72
389 72
390 72
391 72
392 72
379 73
380 73
381 73
382 73
383 73
384 73
385 73
386 73
387 73
388 73
389 73
390 73
391 73
392 73
379 74
380 74
381 74
382 74
383 74
384 74
385 74
386 74
387 74
388 74
389 74
390 74
391 74
392 74
380 75
381 75
382 75
383 75
384 75
385 75
386 75
387 75
388 75
389 75
390 75
391 75
392 75
381 76
382 76
383 76
384 76
385 76
386 76
387 76
388 76
389 76
390 76
391 76
392 76
382 77
383 77
384 77
385 77
386 77
387 77
388 77
389 77
390 77
391 77
392 77
393 77
382 78
383 78
384 78
385 78
386 78
387 78
388 78
389 78
390 78
391 78
392 78
393 78
383 79
384 79
385 79
386 79
387 79
388 79
389 79
390 79
391 79
392 79
393 79
383 80
384 80
385 80
386 80
387 80
388 80
389 80
390 80
391 80
392 80
393 80
383 81
384 81
385 81
386 81
387 81
388 81
389 81
390 81
391 81
392 81
393 81
394 81
383 82
384 82
385 82
386 82
387 82
388 82
389 82
390 82
391 82
392 82
393 82
394 82
395 82
383 83
384 83
385 83
386 83
387 83
388 83
389 83
390 83
391 83
392 83
393 83
394 83
395 83
396 83
383 84
384 84
385 84
386 84
387 84
388 84
389 84
390 84
391 84
392 84
393 84
394 84
395 84
396 84
383 85
384 85
385 85
386 85
387 85
388 85
389 85
390 85
391 85
392 85
393 85
394 85
395 85
396 85
383 86
384 86
385 86
386 86
387 86
388 86
389 86
390 86
391 86
392 86
393 86
394 86
395 86
396 86
382 87
383 87
384 87
385 87
386 87
387 87
388 87
389 87
392 87
393 87
394 87
395 87
396 87
382 88
383 88
384 88
385 88
386 88
387 88
393 88
394 88
395 88
396 88
397 88
382 89
383 89
384 89
385 89
386 89
394 89
395 89
396 89
397 89
381 90
382 90
383 90
384 90
385 90
386 90
394 90
395 90
396 90
397 90
381 91
382 91
383 91
384 91
385 91
394 91
395 91
396 91
397 91
381 92
382 92
383 92
384 92
385 92
395 92
396 92
397 92
398 92
381 93
382 93
383 93
384 93
395 93
396 93
397 93
398 93
380 94
381 94
382 94
383 94
384 94
395 94
396 94
397 94
398 94
380 95
381 95
382 95
383 95
396 95
397 95
398 95
380 96
381 96
382 96
383 96
396 96
397 96
398 96
380 97
381 97
382 97
383 97
396 97
397 97
398 97
380 98
381 98
382 98
383 98
396 98
397 98
398 98
399 98
380 99
381 99
382 99
383 99
397 99
398 99
399 99
380 100
381 100
382 100
383 100
397 100
398 100
399 100
380 101
381 101
382 101
397 101
398 101
399 101
380 102
381 102
382 102
397 102
398 102
399 102
380 103
381 103
382 103
398 103
399 103
379 104
380 104
381 104
382 104
378 105
379 105
380 105
381 105
382 105
377 106
378 106
379 106
380 106
381 106
382 106
377 107
378 107
379 107
380 107
381 107

FRAME 58
381 62
382 62
383 62
380 63
381 63
382 63
383 63
384 63
380 64
381 64
382 64
383 64
384 64
380 65
381 65
382 65
383 65
384 65
385 65
380 66
381 66
382 66
383 66
384 66
385 66
380 67
381 67
382 67
383 67
384 67
385 67
386 67
387 67
388 67
380 68
381 68
382 68
383 68
384 68
385 68
386 68
387 68
388 68
389 68
390 68
380 69
381 69
382 69
383 69
384 69
385 69
386 69
387 69
388 69
389 69
390 69
391 69
380 70
381 70
382 70
383 70
384 70
385 70
386 70
387 70
388 70
389 70
390 70
391 70
380 71
381 71
382 71
383 71
384 71
385 71
386 71
387 71
388 71
389 71
390 71
391 71
392 71
380 72
381 72
382 72
383 72
384 72
385 72
386 72
387 72
388 72
389 72
390 72
391 72
392 72
393 72
380 73
381 73
382 73
383 73
384 73
385 73
386 73
387 73
388 73
389 73
390 73
391 73
392 73
393 73
380 74
381 74
382 74
383 74
384 74
385 74
386 74
387 74
388 74
389 74
390 74
391 74
392 74
393 74
381 75
382 75
383 75
384 75
385 75
386 75
387 75
388 75
389 75
390 75
391 75
392 75
393 75
381 76
382 76
383 76
384 76
385 76
386 76
387 76
388 76
389 76
390 76
391 76
392 76
393 76
382 77
383 77
384 77
385 77
386 77
387 77
388 77
389 77
390 77
391 77
392 77
393 77
382 78
383 78
384 78
385 78
386 78
387 78
388 78
389 78
390 78
391 78
392 78
393 78
383 79
384 79
385 79
386 79
387 79
388 79
389 79
390 79
391 79
392 79
393 79
383 80
384 80
385 80
386 80
387 80
388 80
389 80
390 80
391 80
392 80
393 80
383 81
384 81
385 81
386 81
387 81
388 81
389 81
390 81
391 81
392 81
393 81
394 81
383 82
384 82
385 82
386 82
387 82
388 82
389 82
390 82
391 82
392 82
393 82
394 82
395 82
383 83
384 83
385 83
386 83
387 83
388 83
389 83
390 83
391 83
392 83
393 83
394 83
395 83
396 83
383 84
384 84
385 84
386 84
387 84
388 84
389 84
390 84
391 84
392 84
393 84
394 84
395 84
396 84
383 85
384 85
385 85
386 85
387 85
388 85
389 85
390 85
391 85
392 85
393 85
394 85
395 85
396 85
382 86
383 86
384 86
385 86
386 86
387 86
388 86
389 86
390 86
391 86
392 86
393 86
394 86
395 86
396 86
397 86
382 87
383 87
384 87
385 87
386 87
387 87
388 87
389 87
393 87
394 87
395 87
396 87
397 87
382 88
383 88
384 88
385 88
386 88
387 88
393 88
394 88
395 88
396 88
397 88
382 89
383 89
384 89
385 89
386 89
394 89
395 89
396 89
397 89
381 90
382 90
383 90
384 90
385 90
394 90
395 90
396 90
397 90
398 90
381 91
382 91
383 91
384 91
385 91
395 91
396 91
397 91
398 91
381 92
382 92
383 92
384 92
395 92
396 92
397 92
398 92
380 93
381 93
382 93
383 93
384 93
395 93
396 93
397 93
398 93
380 94
381 94
382 94
383 94
384 94
396 94
397 94
398 94
380 95
381 95
382 95
383 95
396 95
397 95
398 95
380 96
381 96
382 96
383 96
396 96
397 96
398 96
399 96
380 97
381 97
382 97
383 97
396 97
397 97
398 97
399 97
380 98
381 98
382 98
383 98
397 98
398 98
399 98
380 99
381 99
382 99
383 99
397 99
398 99
399 99
380 100
381 100
382 100
397 100
398 100
399 100
380 101
381 101
382 101
397 101
398 101
399 101
380 102
381 102
382 102
397 102
398 102
399 102
379 103
380 103
381 103
382 103
379 104
380 104
381 104
382 104
378 105
379 105
380 105
381 105
382 105
377 106
378 106
379 106
380 106
381 106
382 106
377 107
378 107
379 107
380 107
381 107

FRAME 59
381 62
382 62
383 62
384 62
380 63
381 63
382 63
383 63
384 63
380 64
381 64
382 64
383 64
384 64
385 64
380 65
381 65
382 65
383 65
384 65
385 65
380 66
381 66
382 66
383 66
384 66
385 66
386 66
387 66
380 67
381 67
382 67
383 67
384 67
385 67
386 67
387 67
388 67
389 67
380 68
381 68
382 68
383 68
384 68
385 68
386 68
387 68
388 68
389 68
390 68
380 69
381 69
382 69
383 69
384 69
385 69
386 69
387 69
388 69
389 69
390 69
391 69
380 70
381 70
382 70
383 70
384 70
385 70
386 70
387 70
388 70
389 70
390 70
391 70
380 71
381 71
382 71
383 71
384 71
385 71
386 71
387 71
388 71
389 71
390 71
391 71
392 71
380 72
381 72
382 72
383 72
384 72
385 72
386 72
387 72
388 72
389 72
390 72
391 72
392 72
393 72
381 73
382 73
383 73
384 73
385 73
386 73
387 73
388 73
389 73
390 73
391 73
392 73
393 73
381 74
382 74
383 74
384 74
385 74
386 74
387 74
388 74
389 74
390 74
391 74
392 74
393 74
381 75
382 75
383 75
384 75
385 75
386 75
387 75
388 75
389 75
390 75
391 75
392 75
393 75
382 76
383 76
384 76
385 76
386 76
387 76
388 76
389 76
390 76
391 76
392 76
393 76
382 77
383 77
384 77
385 77
386 77
387 77
388 77
389 77
390 77
391 77
392 77
393 77
382 78
383 78
384 78
385 78
386 78
387 78
388 78
389 78
390 78
391 78
392 78
393 78
382 79
383 79
384 79
385 79
386 79
387 79
388 79
389 79
390 79
391 79
392 79
393 79
383 80
384 80
385 80
386 80
387 80
388 80
389 80
390 80
391 80
392 80
393 80
394 80
383 81
384 81
385 81
386 81
387 81
388 81
389 81
390 81
391 81
392 81
393 81
394 81
383 82
384 82
385 82
386 82
387 82
388 82
389 82
390 82
391 82
392 82
393 82
394 82
395 82
383 83
384 83
385 83
386 83
387 83
388 83
389 83
390 83
391 83
392 83
393 83
394 83
395 83
396 83
383 84
384 84
385 84
386 84
387 84
388 84
389 84
390 84
391 84
392 84
393 84
394 84
395 84
396 84
382 85
383 85
384 85
385 85
386 85
387 85
388 85
389 85
390 85
391 85
392 85
393 85
394 85
395 85
396 85
397 85
382 86
383 86
384 86
385 86
386 86
387 86
388 86
389 86
390 86
391 86
392 86
393 86
394 86
395 86
396 86
397 86
382 87
383 87
384 87
385 87
386 87
387 87
388 87
393 87
394 87
395 87
396 87
397 87
382 88
383 88
384 88
385 88
386 88
387 88
394 88
395 88
396 88
397 88
398 88
381 89
382 89
383 89
384 89
385 89
386 89
394 89
395 89
396 89
397 89
398 89
381 90
382 90
383 90
384 90
385 90
395 90
396 90
397 90
398 90
381 91
382 91
383 91
384 91
385 91
395 91
396 91
397 91
398 91
380 92
381 92
382 92
383 92
384 92
396 92
397 92
398 92
380 93
381 93
382 93
383 93
384 93
396 93
397 93
398 93
380 94
381 94
382 94
383 94
396 94
397 94
398 94
399 94
380 95
381 95
382 95
383 95
397 95
398 95
399 95
380 96
381 96
382 96
383 96
397 96
398 96
399 96
380 97
381 97
382 97
383 97
397 97
398 97
399 97
380 98
381 98
382 98
397 98
398 98
399 98
380 99
381 99
382 99
397 99
398 99
399 99
380 100
381 100
382 100
397 100
398 100
399 100
400 100
380 101
381 101
382 101
397 101
398 101
399 101
380 102
381 102
382 102
398 102
399 102
379 103
380 103
381 103
382 103
379 104
380 104
381 104
382 104
378 105
379 105
380 105
381 105
382 105
377 106
378 106
379 106
380 106
381 106
382 106
377 107
378 107
379 107
380 107
381 107

FRAME 60
382 61
383 61
384 61
381 62
382 62
383 62
384 62
385 62
381 63
382 63
383 63
384 63
385 63
381 64
382 64
383 64
384 64
385 64
386 64
381 65
382 65
383 65
384 65
385 65
386 65
387 65
388 65
381 66
382 66
383 66
384 66
385 66
386 66
387 66
388 66
389 66
390 66
381 67
382 67
383 67
384 67
385 67
386 67
387 67
388 67
389 67
390 67
391 67
381 68
382 68
383 68
384 68
385 68
386 68
387 68
388 68
389 68
390 68
391 68
381 69
382 69
383 69
384 69
385 69
386 69
387 69
388 69
389 69
390 69
391 69
381 70
382 70
383 70
384 70
385 70
386 70
387 70
388 70
389 70
390 70
391 70
392 70
381 71
382 71
383 71
384 71
385 71
386 71
387 71
388 71
389 71
390 71
391 71
392 71
393 71
381 72
382 72
383 72
384 72
385 72
386 72
387 72
388 72
389 72
390 72
391 72
392 72
393 72
381 73
382 73
383 73
384 73
385 73
386 73
387 73
388 73
389 73
390 73
391 73
392 73
393 73
381 74
382 74
383 74
384 74
385 74
386 74
387 74
388 74
389 74
390 74
391 74
392 74
393 74
382 75
383 75
384 75
385 75
386 75
387 75
388 75
389 75
390 75
391 75
392 75
393 75
382 76
383 76
384 76
385 76
386 76
387 76
388 76
389 76
390 76
391 76
392 76
393 76
382 77
383 77
384 77
385 77
386 77
387 77
388 77
389 77
390 77
391 77
392 77
393 77
382 78
383 78
384 78
385 78
386 78
387 78
388 78
389 78
390 78
391 78
392 78
393 78
383 79
384 79
385 79
386 79
387 79
388 79
389 79
390 79
391 79
392 79
393 79
394 79
383 80
384 80
385 80
386 80
387 80
388 80
389 80
390 80
391 80
392 80
393 80
394 80
383 81
384 81
385 81
386 81
387 81
388 81
389 81
390 81
391 81
392 81
393 81
394 81
395 81
383 82
384 82
385 82
386 82
387 82
388 82
389 82
390 82
391 82
392 82
393 82
394 82
395 82
396 82
383 83
384 83
385 83
386 83
387 83
388 83
389 83
390 83
391 83
392 83
393 83
394 83
395 83
396 83
383 84
384 84
385 84
386 84
387 84
388 84
389 84
390 84
391 84
392 84
393 84
394 84
395 84
396 84
397 84
382 85
383 85
384 85
385 85
386 85
387 85
388 85
389 85
390 85
391 85
392 85
393 85
394 85
395 85
396 85
397 85
382 86
383 86
384 86
385 86
386 86
387 86
388 86
389 86
390 86
392 86
393 86
394 86
395 86
396 86
397 86
398 86
382 87
383 87
384 87
385 87
386 87
387 87
388 87
394 87
395 87
396 87
397 87
398 87
382 88
383 88
384 88
385 88
386 88
394 88
395 88
396 88
397 88
398 88
381 89
382 89
383 89
384 89
385 89
386 89
395 89
396 89
397 89
398 89
381 90
382 90
383 90
384 90
385 90
395 90
396 90
397 90
398 90
399 90
381 91
382 91
383 91
384 91
396 91
397 91
398 91
399 91
380 92
381 92
382 92
383 92
384 92
396 92
397 92
398 92
399 92
380 93
381 93
382 93
383 93
384 93
397 93
398 93
399 93
380 94
381 94
382 94
383 94
397 94
398 94
399 94
380 95
381 95
382 95
383 95
397 95
398 95
399 95
380 96
381 96
382 96
383 96
397 96
398 96
399 96
380 97
381 97
382 97
383 97
397 97
398 97
399 97
400 97
380 98
381 98
382 98
383 98
398 98
399 98
400 98
380 99
381 99
382 99
398 99
399 99
400 99
380 100
381 100
382 100
398 100
399 100
400 100
401 100
380 101
381 101
382 101
399 101
400 101
380 102
381 102
382 102
379 103
380 103
381 103
382 103
379 104
380 104
381 104
382 104
378 105
379 105
380 105
381 105
382 105
377 106
378 106
379 106
380 106
381 106
382 106
377 107
378 107
379 107
380 107
381 107

FRAME 61
382 61
383 61
384 61
385 61
381 62
382 62
383 62
384 62
385 62
381 63
382 63
383 63
384 63
385 63
386 63
381 64
382 64
383 64
384 64
385 64
386 64
387 64
381 65
382 65
383 65
384 65
385 65
386 65
387 65
388 65
389 65
390 65
381 66
382 66
383 66
384 66
385 66
386 66
387 66
388 66
389 66
390 66
391 66
392 66
393 66
394 66
395 66
381 67
382 67
383 67
384 67
385 67
386 67
387 67
388 67
389 67
390 67
391 67
392 67
393 67
394 67
381 68
382 68
383 68
384 68
385 68
386 68
387 68
388 68
389 68
390 68
391 68
392 68
381 69
382 69
383 69
384 69
385 69
386 69
387 69
388 69
389 69
390 69
391 69
392 69
381 70
382 70
383 70
384 70
385 70
386 70
387 70
388 70
389 70
390 70
391 70
392 70
381 71
382 71
383 71
384 71
385 71
386 71
387 71
388 71
389 71
390 71
391 71
392 71
393 71
381 72
382 72
383 72
384 72
385 72
386 72
387 72
388 72
389 72
390 72
391 72
392 72
393 72
381 73
382 73
383 73
384 73
385 73
386 73
387 73
388 73
389 73
390 73
391 73
392 73
393 73
382 74
383 74
384 74
385 74
386 74
387 74
388 74
389 74
390 74
391 74
392 74
393 74
382 75
383 75
384 75
385 75
386 75
387 75
388 75
389 75
390 75
391 75
392 75
393 75
394 75
382 76
383 76
384 76
385 76
386 76
387 76
388 76
389 76
390 76
391 76
392 76
393 76
382 77
383 77
384 77
385 77
386 77
387 77
388 77
389 77
390 77
391 77
392 77
393 77
383 78
384 78
385 78
386 78
387 78
388 78
389 78
390 78
391 78
392 78
393 78
394 78
383 79
384 79
385 79
386 79
387 79
388 79
389 79
390 79
391 79
392 79
393 79
394 79
383 80
384 80
385 80
386 80
387 80
388 80
389 80
390 80
391 80
392 80
393 80
394 80
395 80
383 81
384 81
385 81
386 81
387 81
388 81
389 81
390 81
391 81
392 81
393 81
394 81
395 81
383 82
384 82
385 82
386 82
387 82
388 82
389 82
390 82
391 82
392 82
393 82
394 82
395 82
396 82
383 83
384 83
385 83
386 83
387 83
388 83
389 83
390 83
391 83
392 83
393 83
394 83
395 83
396 83
383 84
384 84
385 84
386 84
387 84
388 84
389 84
390 84
391 84
392 84
393 84
394 84
395 84
396 84
397 84
382 85
383 85
384 85
385 85
386 85
387 85
388 85
389 85
390 85
391 85
392 85
393 85
394 85
395 85
396 85
397 85
382 86
383 86
384 86
385 86
386 86
387 86
388 86
389 86
392 86
393 86
394 86
395 86
396 86
397 86
398 86
382 87
383 87
384 87
385 87
386 87
387 87
388 87
394 87
395 87
396 87
397 87
398 87
382 88
383 88
384 88
385 88
386 88
395 88
396 88
397 88
398 88
381 89
382 89
383 89
384 89
385 89
386 89
395 89
396 89
397 89
398 89
399 89
381 90
382 90
383 90
384 90
385 90
396 90
397 90
398 90
399 90
381 91
382 91
383 91
384 91
396 91
397 91
398 91
399 91
381 92
382 92
383 92
384 92
396 92
397 92
398 92
399 92
380 93
381 93
382 93
383 93
384 93
397 93
398 93
399 93
380 94
381 94
382 94
383 94
397 94
398 94
399 94
380 95
381 95
382 95
383 95
397 95
398 95
399 95
380 96
381 96
382 96
383 96
397 96
398 96
399 96
400 96
380 97
381 97
382 97
383 97
398 97
399 97
400 97
380 98
381 98
382 98
383 98
398 98
399 98
400 98
401 98
380 99
381 99
382 99
383 99
398 99
399 99
400 99
401 99
380 100
381 100
382 100
399 100
400 100
401 100
380 101
381 101
382 101
400 101
401 101
380 102
381 102
382 102
379 103
380 103
381 103
382 103
379 104
380 104
381 104
382 104
378 105
379 105
380 105
381 105
382 105
377 106
378 106
379 106
380 106
381 106
382 106
377 107
378 107
379 107
380 107
381 107

FRAME 63
385 59
386 59
387 59
384 60
385 60
386 60
387 60
388 60
384 61
385 61
386 61
387 61
388 61
384 62
385 62
386 62
387 62
388 62
384 63
385 63
386 63
387 63
388 63
384 64
385 64
386 64
387 64
388 64
389 64
384 65
385 65
386 65
387 65
388 65
389 65
390 65
383 66
384 66
385 66
386 66
387 66
388 66
389 66
390 66
391 66
392 66
383 67
384 67
385 67
386 67
387 67
388 67
389 67
390 67
391 67
392 67
393 67
394 67
383 68
384 68
385 68
386 68
387 68
388 68
389 68
390 68
391 68
392 68
393 68
394 68
395 68
383 69
384 69
385 69
386 69
387 69
388 69
389 69
390 69
391 69
392 69
393 69
394 69
395 69
383 70
384 70
385 70
386 70
387 70
388 70
389 70
390 70
391 70
392 70
393 70
394 70
383 71
384 71
385 71
386 71
387 71
388 71
389 71
390 71
391 71
392 71
393 71
383 72
384 72
385 72
386 72
387 72
388 72
389 72
390 72
391 72
392 72
393 72
394 72
383 73
384 73
385 73
386 73
387 73
388 73
389 73
390 73
391 73
392 73
393 73
394 73
383 74
384 74
385 74
386 74
387 74
388 74
389 74
390 74
391 74
392 74
393 74
394 74
395 74
383 75
384 75
385 75
386 75
387 75
388 75
389 75
390 75
391 75
392 75
393 75
394 75
395 75
383 76
384 76
385 76
386 76
387 76
388 76
389 76
390 76
391 76
392 76
393 76
394 76
383 77
384 77
385 77
386 77
387 77
388 77
389 77
390 77
391 77
392 77
393 77
394 77
383 78
384 78
385 78
386 78
387 78
388 78
389 78
390 78
391 78
392 78
393 78
394 78
395 78
383 79
384 79
385 79
386 79
387 79
388 79
389 79
390 79
391 79
392 79
393 79
394 79
395 79
383 80
384 80
385 80
386 80
387 80
388 80
389 80
390 80
391 80
392 80
393 80
394 80
395 80
396 80
383 81
384 81
385 81
386 81
387 81
388 81
389 81
390 81
391 81
392 81
393 81
394 81
395 81
396 81
383 82
384 82
385 82
386 82
387 82
388 82
389 82
390 82
391 82
392 82
393 82
394 82
395 82
396 82
383 83
384 83
385 83
386 83
387 83
388 83
389 83
390 83
391 83
392 83
393 83
394 83
395 83
396 83
383 84
384 84
385 84
386 84
387 84
388 84
389 84
390 84
391 84
392 84
393 84
394 84
395 84
396 84
397 84
383 85
384 85
385 85
386 85
387 85
388 85
389 85
390 85
391 85
392 85
393 85
394 85
395 85
396 85
397 85
383 86
384 86
385 86
386 86
387 86
388 86
392 86
393 86
394 86
395 86
396 86
397 86
382 87
383 87
384 87
385 87
386 87
387 87
393 87
394 87
395 87
396 87
397 87
398 87
382 88
383 88
384 88
385 88
386 88
394 88
395 88
396 88
397 88
398 88
382 89
383 89
384 89
385 89
386 89
394 89
395 89
396 89
397 89
398 89
381 90
382 90
383 90
384 90
385 90
395 90
396 90
397 90
398 90
399 90
381 91
382 91
383 91
384 91
385 91
396 91
397 91
398 91
399 91
381 92
382 92
383 92
384 92
396 92
397 92
398 92
399 92
381 93
382 93
383 93
384 93
397 93
398 93
399 93
380 94
381 94
382 94
383 94
384 94
397 94
398 94
399 94
380 95
381 95
382 95
383 95
398 95
399 95
400 95
380 96
381 96
382 96
383 96
398 96
399 96
400 96
401 96
380 97
381 97
382 97
383 97
398 97
399 97
400 97
401 97
380 98
381 98
382 98
383 98
399 98
400 98
401 98
380 99
381 99
382 99
383 99
399 99
400 99
401 99
402 99
380 100
381 100
382 100
400 100
401 100
402 100
380 101
381 101
382 101
400 101
401 101
379 102
380 102
381 102
382 102
379 103
380 103
381 103
382 103
378 104
379 104
380 104
381 104
382 104
377 105
378 105
379 105
380 105
381 105
382 105
377 106
378 106
379 106
380 106
381 106
382 106
377 107
378 107
379 107
380 107

FRAME 64
385 59
386 59
387 59
388 59
385 60
386 60
387 60
388 60
385 61
386 61
387 61
388 61
389 61
385 62
386 62
387 62
388 62
389 62
385 63
386 63
387 63
388 63
389 63
384 64
385 64
386 64
387 64
388 64
389 64
390 64
384 65
385 65
386 65
387 65
388 65
389 65
390 65
391 65
384 66
385 66
386 66
387 66
388 66
389 66
390 66
391 66
392 66
393 66
384 67
385 67
386 67
387 67
388 67
389 67
390 67
391 67
392 67
393 67
394 67
383 68
384 68
385 68
386 68
387 68
388 68
389 68
390 68
391 68
392 68
393 68
394 68
395 68
383 69
384 69
385 69
386 69
387 69
388 69
389 69
390 69
391 69
392 69
393 69
394 69
395 69
383 70
384 70
385 70
386 70
387 70
388 70
389 70
390 70
391 70
392 70
393 70
394 70
383 71
384 71
385 71
386 71
387 71
388 71
389 71
390 71
391 71
392 71
393 71
394 71
383 72
384 72
385 72
386 72
387 72
388 72
389 72
390 72
391 72
392 72
393 72
394 72
383 73
384 73
385 73
386 73
387 73
388 73
389 73
390 73
391 73
392 73
393 73
394 73
395 73
383 74
384 74
385 74
386 74
387 74
388 74
389 74
390 74
391 74
392 74
393 74
394 74
395 74
383 75
384 75
385 75
386 75
387 75
388 75
389 75
390 75
391 75
392 75
393 75
394 75
395 75
383 76
384 76
385 76
386 76
387 76
388 76
389 76
390 76
391 76
392 76
393 76
394 76
395 76
383 77
384 77
385 77
386 77
387 77
388 77
389 77
390 77
391 77
392 77
393 77
394 77
383 78
384 78
385 78
386 78
387 78
388 78
389 78
390 78
391 78
392 78
393 78
394 78
395 78
383 79
384 79
385 79
386 79
387 79
388 79
389 79
390 79
391 79
392 79
393 79
394 79
395 79
383 80
384 80
385 80
386 80
387 80
388 80
389 80
390 80
391 80
392 80
393 80
394 80
395 80
396 80
383 81
384 81
385 81
386 81
387 81
388 81
389 81
390 81
391 81
392 81
393 81
394 81
395 81
396 81
383 82
384 82
385 82
386 82
387 82
388 82
389 82
390 82
391 82
392 82
393 82
394 82
395 82
396 82
383 83
384 83
385 83
386 83
387 83
388 83
389 83
390 83
391 83
392 83
393 83
394 83
395 83
396 83
383 84
384 84
385 84
386 84
387 84
388 84
389 84
390 84
391 84
392 84
393 84
394 84
395 84
396 84
383 85
384 85
385 85
386 85
387 85
388 85
389 85
390 85
391 85
392 85
393 85
394 85
395 85
396 85
397 85
383 86
384 86
385 86
386 86
387 86
388 86
389 86
392 86
393 86
394 86
395 86
396 86
397 86
383 87
384 87
385 87
386 87
387 87
393 87
394 87
395 87
396 87
397 87
382 88
383 88
384 88
385 88
386 88
394 88
395 88
396 88
397 88
398 88
382 89
383 89
384 89
385 89
386 89
394 89
395 89
396 89
397 89
398 89
381 90
382 90
383 90
384 90
385 90
395 90
396 90
397 90
398 90
399 90
381 91
382 91
383 91
384 91
385 91
395 91
396 91
397 91
398 91
399 91
381 92
382 92
383 92
384 92
396 92
397 92
398 92
399 92
381 93
382 93
383 93
384 93
397 93
398 93
399 93
381 94
382 94
383 94
384 94
397 94
398 94
399 94
400 94
380 95
381 95
382 95
383 95
398 95
399 95
400 95
380 96
381 96
382 96
383 96
398 96
399 96
400 96
401 96
380 97
381 97
382 97
383 97
399 97
400 97
401 97
380 98
381 98
382 98
383 98
399 98
400 98
401 98
380 99
381 99
382 99
383 99
399 99
400 99
401 99
402 99
380 100
381 100
382 100
400 100
401 100
402 100
380 101
381 101
382 101
400 101
401 101
379 102
380 102
381 102
382 102
379 103
380 103
381 103
382 103
378 104
379 104
380 104
381 104
382 104
377 105
378 105
379 105
380 105
381 105
382 105
377 106
378 106
379 106
380 106
381 106
382 106
377 107
378 107
379 107
380 107
381 107

FRAME 65
387 59
388 59
389 59
386 60
387 60
388 60
389 60
386 61
387 61
388 61
389 61
390 61
386 62
387 62
388 62
389 62
390 62
386 63
387 63
388 63
389 63
390 63
386 64
387 64
388 64
389 64
390 64
391 64
386 65
387 65
388 65
389 65
390 65
391 65
392 65
385 66
386 66
387 66
388 66
389 66
390 66
391 66
392 66
393 66
394 66
385 67
386 67
387 67
388 67
389 67
390 67
391 67
392 67
393 67
394 67
395 67
384 68
385 68
386 68
387 68
388 68
389 68
390 68
391 68
392 68
393 68
394 68
395 68
396 68
384 69
385 69
386 69
387 69
388 69
389 69
390 69
391 69
392 69
393 69
394 69
395 69
396 69
384 70
385 70
386 70
387 70
388 70
389 70
390 70
391 70
392 70
393 70
394 70
395 70
396 70
384 71
385 71
386 71
387 71
388 71
389 71
390 71
391 71
392 71
393 71
394 71
395 71
396 71
384 72
385 72
386 72
387 72
388 72
389 72
390 72
391 72
392 72
393 72
394 72
395 72
384 73
385 73
386 73
387 73
388 73
389 73
390 73
391 73
392 73
393 73
394 73
395 73
384 74
385 74
386 74
387 74
388 74
389 74
390 74
391 74
392 74
393 74
394 74
395 74
384 75
385 75
386 75
387 75
388 75
389 75
390 75
391 75
392 75
393 75
394 75
384 76
385 76
386 76
387 76
388 76
389 76
390 76
391 76
392 76
393 76
394 76
384 77
385 77
386 77
387 77
388 77
389 77
390 77
391 77
392 77
393 77
394 77
395 77
384 78
385 78
386 78
387 78
388 78
389 78
390 78
391 78
392 78
393 78
394 78
395 78
384 79
385 79
386 79
387 79
388 79
389 79
390 79
391 79
392 79
393 79
394 79
395 79
384 80
385 80
386 80
387 80
388 80
389 80
390 80
391 80
392 80
393 80
394 80
395 80
384 81
385 81
386 81
387 81
388 81
389 81
390 81
391 81
392 81
393 81
394 81
395 81
396 81
384 82
385 82
386 82
387 82
388 82
389 82
390 82
391 82
392 82
393 82
394 82
395 82
396 82
384 83
385 83
386 83
387 83
388 83
389 83
390 83
391 83
392 83
393 83
394 83
395 83
396 83
383 84
384 84
385 84
386 84
387 84
388 84
389 84
390 84
391 84
392 84
393 84
394 84
395 84
396 84
383 85
384 85
385 85
386 85
387 85
388 85
389 85
390 85
391 85
392 85
393 85
394 85
395 85
396 85
397 85
383 86
384 86
385 86
386 86
387 86
388 86
389 86
390 86
391 86
392 86
393 86
394 86
395 86
396 86
397 86
383 87
384 87
385 87
386 87
387 87
388 87
392 87
393 87
394 87
395 87
396 87
397 87
382 88
383 88
384 88
385 88
386 88
393 88
394 88
395 88
396 88
397 88
382 89
383 89
384 89
385 89
386 89
393 89
394 89
395 89
396 89
397 89
398 89
381 90
382 90
383 90
384 90
385 90
394 90
395 90
396 90
397 90
398 90
381 91
382 91
383 91
384 91
385 91
395 91
396 91
397 91
398 91
399 91
381 92
382 92
383 92
384 92
385 92
395 92
396 92
397 92
398 92
399 92
381 93
382 93
383 93
384 93
396 93
397 93
398 93
399 93
381 94
382 94
383 94
384 94
397 94
398 94
399 94
400 94
380 95
381 95
382 95
383 95
397 95
398 95
399 95
400 95
380 96
381 96
382 96
383 96
398 96
399 96
400 96
380 97
381 97
382 97
383 97
398 97
399 97
400 97
401 97
380 98
381 98
382 98
383 98
399 98
400 98
401 98
380 99
381 99
382 99
383 99
399 99
400 99
401 99
380 100
381 100
382 100
399 100
400 100
401 100
402 100
379 101
380 101
381 101
382 101
400 101
401 101
379 102
380 102
381 102
382 102
401 102
379 103
380 103
381 103
382 103
378 104
379 104
380 104
381 104
382 104
377 105
378 105
379 105
380 105
381 105
382 105
377 106
378 106
379 106
380 106
381 106
378 107
379 107
380 107

FRAME 66
388 59
389 59
387 60
388 60
389 60
390 60
391 60
387 61
388 61
389 61
390 61
391 61
386 62
387 62
388 62
389 62
390 62
391 62
386 63
387 63
388 63
389 63
390 63
391 63
392 63
386 64
387 64
388 64
389 64
390 64
391 64
392 64
386 65
387 65
388 65
389 65
390 65
391 65
392 65
386 66
387 66
388 66
389 66
390 66
391 66
392 66
393 66
394 66
386 67
387 67
388 67
389 67
390 67
391 67
392 67
393 67
394 67
395 67
386 68
387 68
388 68
389 68
390 68
391 68
392 68
393 68
394 68
395 68
396 68
385 69
386 69
387 69
388 69
389 69
390 69
391 69
392 69
393 69
394 69
395 69
396 69
385 70
386 70
387 70
388 70
389 70
390 70
391 70
392 70
393 70
394 70
395 70
396 70
397 70
385 71
386 71
387 71
388 71
389 71
390 71
391 71
392 71
393 71
394 71
395 71
396 71
397 71
385 72
386 72
387 72
388 72
389 72
390 72
391 72
392 72
393 72
394 72
395 72
396 72
385 73
386 73
387 73
388 73
389 73
390 73
391 73
392 73
393 73
394 73
395 73
396 73
385 74
386 74
387 74
388 74
389 74
390 74
391 74
392 74
393 74
394 74
395 74
385 75
386 75
387 75
388 75
389 75
390 75
391 75
392 75
393 75
394 75
395 75
385 76
386 76
387 76
388 76
389 76
390 76
391 76
392 76
393 76
394 76
395 76
385 77
386 77
387 77
388 77
389 77
390 77
391 77
392 77
393 77
394 77
395 77
385 78
386 78
387 78
388 78
389 78
390 78
391 78
392 78
393 78
394 78
395 78
385 79
386 79
387 79
388 79
389 79
390 79
391 79
392 79
393 79
394 79
395 79
385 80
386 80
387 80
388 80
389 80
390 80
391 80
392 80
393 80
394 80
395 80
396 80
384 81
385 81
386 81
387 81
388 81
389 81
390 81
391 81
392 81
393 81
394 81
395 81
396 81
384 82
385 82
386 82
387 82
388 82
389 82
390 82
391 82
392 82
393 82
394 82
395 82
396 82
384 83
385 83
386 83
387 83
388 83
389 83
390 83
391 83
392 83
393 83
394 83
395 83
396 83
384 84
385 84
386 84
387 84
388 84
389 84
390 84
391 84
392 84
393 84
394 84
395 84
396 84
397 84
384 85
385 85
386 85
387 85
388 85
389 85
390 85
391 85
392 85
393 85
394 85
395 85
396 85
397 85
384 86
385 86
386 86
387 86
388 86
389 86
390 86
391 86
392 86
393 86
394 86
395 86
396 86
397 86
383 87
384 87
385 87
386 87
387 87
388 87
389 87
390 87
391 87
392 87
393 87
394 87
395 87
396 87
397 87
383 88
384 88
385 88
386 88
387 88
388 88
392 88
393 88
394 88
395 88
396 88
397 88
383 89
384 89
385 89
386 89
387 89
393 89
394 89
395 89
396 89
397 89
382 90
383 90
384 90
385 90
386 90
394 90
395 90
396 90
397 90
398 90
382 91
383 91
384 91
385 91
394 91
395 91
396 91
397 91
398 91
381 92
382 92
383 92
384 92
385 92
395 92
396 92
397 92
398 92
399 92
381 93
382 93
383 93
384 93
395 93
396 93
397 93
398 93
399 93
381 94
382 94
383 94
384 94
396 94
397 94
398 94
399 94
381 95
382 95
383 95
384 95
397 95
398 95
399 95
400 95
380 96
381 96
382 96
383 96
397 96
398 96
399 96
400 96
380 97
381 97
382 97
383 97
398 97
399 97
400 97
380 98
381 98
382 98
383 98
398 98
399 98
400 98
401 98
380 99
381 99
382 99
383 99
399 99
400 99
401 99
380 100
381 100
382 100
399 100
400 100
401 100
379 101
380 101
381 101
382 101
399 101
400 101
401 101
402 101
379 102
380 102
381 102
382 102
399 102
400 102
401 102
402 102
378 103
379 103
380 103
381 103
382 103
400 103
401 103
402 103
377 104
378 104
379 104
380 104
381 104
377 105
378 105
379 105
380 105
381 105
377 106
378 106
379 106
380 106

FRAME 67
388 60
389 60
390 60
391 60
387 61
388 61
389 61
390 61
391 61
387 62
388 62
389 62
390 62
391 62
392 62
387 63
388 63
389 63
390 63
391 63
392 63
386 64
387 64
388 64
389 64
390 64
391 64
392 64
386 65
387 65
388 65
389 65
390 65
391 65
392 65
393 65
386 66
387 66
388 66
389 66
390 66
391 66
392 66
393 66
386 67
387 67
388 67
389 67
390 67
391 67
392 67
393 67
394 67
395 67
386 68
387 68
388 68
389 68
390 68
391 68
392 68
393 68
394 68
395 68
396 68
386 69
387 69
388 69
389 69
390 69
391 69
392 69
393 69
394 69
395 69
396 69
397 69
385 70
386 70
387 70
388 70
389 70
390 70
391 70
392 70
393 70
394 70
395 70
396 70
397 70
398 70
385 71
386 71
387 71
388 71
389 71
390 71
391 71
392 71
393 71
394 71
395 71
396 71
397 71
398 71
385 72
386 72
387 72
388 72
389 72
390 72
391 72
392 72
393 72
394 72
395 72
396 72
397 72
385 73
386 73
387 73
388 73
389 73
390 73
391 73
392 73
393 73
394 73
395 73
396 73
397 73
385 74
386 74
387 74
388 74
389 74
390 74
391 74
392 74
393 74
394 74
395 74
396 74
385 75
386 75
387 75
388 75
389 75
390 75
391 75
392 75
393 75
394 75
395 75
396 75
385 76
386 76
387 76
388 76
389 76
390 76
391 76
392 76
393 76
394 76
395 76
396 76
385 77
386 77
387 77
388 77
389 77
390 77
391 77
392 77
393 77
394 77
395 77
396 77
385 78
386 78
387 78
388 78
389 78
390 78
391 78
392 78
393 78
394 78
395 78
396 78
385 79
386 79
387 79
388 79
389 79
390 79
391 79
392 79
393 79
394 79
395 79
396 79
385 80
386 80
387 80
388 80
389 80
390 80
391 80
392 80
393 80
394 80
395 80
396 80
385 81
386 81
387 81
388 81
389 81
390 81
391 81
392 81
393 81
394 81
395 81
396 81
385 82
386 82
387 82
388 82
389 82
390 82
391 82
392 82
393 82
394 82
395 82
396 82
384 83
385 83
386 83
387 83
388 83
389 83
390 83
391 83
392 83
393 83
394 83
395 83
396 83
384 84
385 84
386 84
387 84
388 84
389 84
390 84
391 84
392 84
393 84
394 84
395 84
396 84
397 84
384 85
385 85
386 85
387 85
388 85
389 85
390 85
391 85
392 85
393 85
394 85
395 85
396 85
397 85
384 86
385 86
386 86
387 86
388 86
389 86
390 86
391 86
392 86
393 86
394 86
395 86
396 86
397 86
384 87
385 87
386 87
387 87
388 87
389 87
390 87
391 87
392 87
393 87
394 87
395 87
396 87
397 87
383 88
384 88
385 88
386 88
387 88
388 88
389 88
392 88
393 88
394 88
395 88
396 88
397 88
383 89
384 89
385 89
386 89
387 89
393 89
394 89
395 89
396 89
397 89
382 90
383 90
384 90
385 90
386 90
394 90
395 90
396 90
397 90
398 90
382 91
383 91
384 91
385 91
386 91
394 91
395 91
396 91
397 91
398 91
382 92
383 92
384 92
385 92
395 92
396 92
397 92
398 92
381 93
382 93
383 93
384 93
385 93
395 93
396 93
397 93
398 93
399 93
381 94
382 94
383 94
384 94
385 94
396 94
397 94
398 94
399 94
381 95
382 95
383 95
384 95
397 95
398 95
399 95
400 95
380 96
381 96
382 96
383 96
384 96
397 96
398 96
399 96
400 96
380 97
381 97
382 97
383 97
397 97
398 97
399 97
400 97
380 98
381 98
382 98
383 98
398 98
399 98
400 98
380 99
381 99
382 99
398 99
399 99
400 99
401 99
380 100
381 100
382 100
398 100
399 100
400 100
401 100
379 101
380 101
381 101
382 101
399 101
400 101
401 101
379 102
380 102
381 102
382 102
399 102
400 102
401 102
402 102
378 103
379 103
380 103
381 103
400 103
401 103
402 103
377 104
378 104
379 104
380 104
381 104
377 105
378 105
379 105
380 105
381 105
377 106
378 106
379 106
380 106

FRAME 68
390 62
391 62
392 62
390 63
391 63
392 63
393 63
389 64
390 64
391 64
392 64
393 64
388 65
389 65
390 65
391 65
392 65
393 65
388 66
389 66
390 66
391 66
392 66
393 66
394 66
388 67
389 67
390 67
391 67
392 67
393 67
394 67
388 68
389 68
390 68
391 68
392 68
393 68
394 68
387 69
388 69
389 69
390 69
391 69
392 69
393 69
394 69
395 69
396 69
387 70
388 70
389 70
390 70
391 70
392 70
393 70
394 70
395 70
396 70
397 70
386 71
387 71
388 71
389 71
390 71
391 71
392 71
393 71
394 71
395 71
396 71
397 71
398 71
386 72
387 72
388 72
389 72
390 72
391 72
392 72
393 72
394 72
395 72
396 72
397 72
398 72
386 73
387 73
388 73
389 73
390 73
391 73
392 73
393 73
394 73
395 73
396 73
397 73
398 73
386 74
387 74
388 74
389 74
390 74
391 74
392 74
393 74
394 74
395 74
396 74
397 74
398 74
385 75
386 75
387 75
388 75
389 75
390 75
391 75
392 75
393 75
394 75
395 75
396 75
397 75
398 75
386 76
387 76
388 76
389 76
390 76
391 76
392 76
393 76
394 76
395 76
396 76
397 76
398 76
386 77
387 77
388 77
389 77
390 77
391 77
392 77
393 77
394 77
395 77
396 77
397 77
398 77
399 77
386 78
387 78
388 78
389 78
390 78
391 78
392 78
393 78
394 78
395 78
396 78
397 78
398 78
399 78
386 79
387 79
388 79
389 79
390 79
391 79
392 79
393 79
394 79
395 79
396 79
397 79
398 79
399 79
386 80
387 80
388 80
389 80
390 80
391 80
392 80
393 80
394 80
395 80
396 80
385 81
386 81
387 81
388 81
389 81
390 81
391 81
392 81
393 81
394 81
395 81
385 82
386 82
387 82
388 82
389 82
390 82
391 82
392 82
393 82
394 82
395 82
396 82
385 83
386 83
387 83
388 83
389 83
390 83
391 83
392 83
393 83
394 83
395 83
396 83
385 84
386 84
387 84
388 84
389 84
390 84
391 84
392 84
393 84
394 84
395 84
396 84
385 85
386 85
387 85
388 85
389 85
390 85
391 85
392 85
393 85
394 85
395 85
396 85
397 85
385 86
386 86
387 86
388 86
389 86
390 86
391 86
392 86
393 86
394 86
395 86
396 86
397 86
385 87
386 87
387 87
388 87
389 87
390 87
391 87
392 87
393 87
394 87
395 87
396 87
397 87
384 88
385 88
386 88
387 88
388 88
389 88
390 88
391 88
392 88
393 88
394 88
395 88
396 88
397 88
384 89
385 89
386 89
387 89
388 89
389 89
392 89
393 89
394 89
395 89
396 89
397 89
398 89
384 90
385 90
386 90
387 90
388 90
394 90
395 90
396 90
397 90
398 90
383 91
384 91
385 91
386 91
387 91
394 91
395 91
396 91
397 91
398 91
383 92
384 92
385 92
386 92
387 92
395 92
396 92
397 92
398 92
382 93
383 93
384 93
385 93
386 93
395 93
396 93
397 93
398 93
399 93
382 94
383 94
384 94
385 94
386 94
396 94
397 94
398 94
399 94
382 95
383 95
384 95
385 95
396 95
397 95
398 95
399 95
381 96
382 96
383 96
384 96
385 96
397 96
398 96
399 96
381 97
382 97
383 97
384 97
397 97
398 97
399 97
380 98
381 98
382 98
383 98
397 98
398 98
399 98
380 99
381 99
382 99
383 99
397 99
398 99
399 99
400 99
380 100
381 100
382 100
397 100
398 100
399 100
400 100
379 101
380 101
381 101
398 101
399 101
400 101
401 101
378 102
379 102
380 102
381 102
398 102
399 102
400 102
401 102
377 103
378 103
379 103
380 103
381 103
399 103
400 103
401 103
402 103
377 104
378 104
379 104
380 104
376 105
377 105
378 105
379 105
380 105
376 106
377 106
378 106
379 106

FRAME 77
386 62
387 62
385 63
386 63
387 63
388 63
384 64
385 64
386 64
387 64
388 64
389 64
384 65
385 65
386 65
387 65
388 65
389 65
384 66
385 66
386 66
387 66
388 66
389 66
384 67
385 67
386 67
387 67
388 67
389 67
383 68
384 68
385 68
386 68
387 68
388 68
389 68
381 69
382 69
383 69
384 69
385 69
386 69
387 69
388 69
389 69
390 69
380 70
381 70
382 70
383 70
384 70
385 70
386 70
387 70
388 70
389 70
390 70
379 71
380 71
381 71
382 71
383 71
384 71
385 71
386 71
387 71
388 71
389 71
390 71
391 71
379 72
380 72
381 72
382 72
383 72
384 72
385 72
386 72
387 72
388 72
389 72
390 72
391 72
378 73
379 73
380 73
381 73
382 73
383 73
384 73
385 73
386 73
387 73
388 73
389 73
390 73
391 73
378 74
379 74
380 74
381 74
382 74
383 74
384 74
385 74
386 74
387 74
388 74
389 74
390 74
391 74
378 75
379 75
380 75
381 75
382 75
383 75
384 75
385 75
386 75
387 75
388 75
389 75
390 75
391 75
378 76
379 76
380 76
381 76
382 76
383 76
384 76
385 76
386 76
387 76
388 76
389 76
390 76
391 76
378 77
379 77
380 77
381 77
382 77
383 77
384 77
385 77
386 77
387 77
388 77
389 77
390 77
378 78
379 78
380 78
381 78
382 78
383 78
384 78
385 78
386 78
387 78
388 78
389 78
390 78
378 79
379 79
380 79
381 79
382 79
383 79
384 79
385 79
386 79
387 79
388 79
389 79
390 79
379 80
380 80
381 80
382 80
383 80
384 80
385 80
386 80
387 80
388 80
389 80
390 80
379 81
380 81
381 81
382 81
383 81
384 81
385 81
386 81
387 81
388 81
389 81
390 81
379 82
380 82
381 82
382 82
383 82
384 82
385 82
386 82
387 82
388 82
389 82
390 82
379 83
380 83
381 83
382 83
383 83
384 83
385 83
386 83
387 83
388 83
389 83
390 83
391 83
379 84
380 84
381 84
382 84
383 84
384 84
385 84
386 84
387 84
388 84
389 84
390 84
391 84
379 85
380 85
381 85
382 85
383 85
384 85
385 85
386 85
387 85
388 85
389 85
390 85
391 85
379 86
380 86
381 86
382 86
383 86
384 86
385 86
386 86
387 86
388 86
389 86
390 86
391 86
379 87
380 87
381 87
382 87
383 87
384 87
385 87
386 87
387 87
388 87
389 87
390 87
391 87
392 87
379 88
380 88
381 88
382 88
383 88
384 88
387 88
388 88
389 88
390 88
391 88
392 88
379 89
380 89
381 89
382 89
383 89
388 89
389 89
390 89
391 89
392 89
379 90
380 90
381 90
382 90
383 90
389 90
390 90
391 90
392 90
393 90
379 91
380 91
381 91
382 91
383 91
390 91
391 91
392 91
393 91
379 92
380 92
381 92
382 92
383 92
390 92
391 92
392 92
393 92
379 93
380 93
381 93
382 93
391 93
392 93
393 93
394 93
378 94
379 94
380 94
381 94
382 94
391 94
392 94
393 94
394 94
378 95
379 95
380 95
381 95
382 95
392 95
393 95
394 95
378 96
379 96
380 96
381 96
392 96
393 96
394 96
395 96
378 97
379 97
380 97
381 97
393 97
394 97
395 97
378 98
379 98
380 98
393 98
394 98
395 98
378 99
379 99
380 99
393 99
394 99
395 99
378 100
379 100
393 100
394 100
395 100
396 100
377 101
378 101
379 101
393 101
394 101
395 101
396 101
397 101
377 102
378 102
379 102
394 102
395 102
396 102
397 102
398 102
377 103
378 103
379 103
395 103
396 103
397 103
398 103
376 104
377 104
378 104
379 104
376 105
377 105
378 105

FRAME 85
378 63
379 63
377 64
378 64
379 64
380 64
376 65
377 65
378 65
379 65
380 65
376 66
377 66
378 66
379 66
380 66
381 66
376 67
377 67
378 67
379 67
380 67
381 67
375 68
376 68
377 68
378 68
379 68
380 68
381 68
373 69
374 69
375 69
376 69
377 69
378 69
379 69
380 69
381 69
373 70
374 70
375 70
376 70
377 70
378 70
379 70
380 70
381 70
382 70
373 71
374 71
375 71
376 71
377 71
378 71
379 71
380 71
381 71
382 71
372 72
373 72
374 72
375 72
376 72
377 72
378 72
379 72
380 72
381 72
382 72
383 72
372 73
373 73
374 73
375 73
376 73
377 73
378 73
379 73
380 73
381 73
382 73
383 73
371 74
372 74
373 74
374 74
375 74
376 74
377 74
378 74
379 74
380 74
381 74
382 74
383 74
371 75
372 75
373 75
374 75
375 75
376 75
377 75
378 75
379 75
380 75
381 75
382 75
383 75
371 76
372 76
373 76
374 76
375 76
376 76
377 76
378 76
379 76
380 76
381 76
382 76
383 76
371 77
372 77
373 77
374 77
375 77
376 77
377 77
378 77
379 77
380 77
381 77
382 77
383 77
371 78
372 78
373 78
374 78
375 78
376 78
377 78
378 78
379 78
380 78
381 78
382 78
383 78
371 79
372 79
373 79
374 79
375 79
376 79
377 79
378 79
379 79
380 79
381 79
382 79
383 79
371 80
372 80
373 80
374 80
375 80
376 80
377 80
378 80
379 80
380 80
381 80
382 80
371 81
372 81
373 81
374 81
375 81
376 81
377 81
378 81
379 81
380 81
381 81
382 81
371 82
372 82
373 82
374 82
375 82
376 82
377 82
378 82
379 82
380 82
381 82
382 82
383 82
371 83
372 83
373 83
374 83
375 83
376 83
377 83
378 83
379 83
380 83
381 83
382 83
383 83
371 84
372 84
373 84
374 84
375 84
376 84
377 84
378 84
379 84
380 84
381 84
382 84
383 84
371 85
372 85
373 85
374 85
375 85
376 85
377 85
378 85
379 85
380 85
381 85
382 85
383 85
384 85
371 86
372 86
373 86
374 86
375 86
376 86
377 86
378 86
379 86
380 86
381 86
382 86
383 86
384 86
371 87
372 87
373 87
374 87
375 87
376 87
377 87
378 87
379 87
380 87
381 87
382 87
383 87
384 87
370 88
371 88
372 88
373 88
374 88
379 88
380 88
381 88
382 88
383 88
384 88
370 89
371 89
372 89
373 89
374 89
380 89
381 89
382 89
383 89
384 89
369 90
370 90
371 90
372 90
373 90
380 90
381 90
382 90
383 90
384 90
369 91
370 91
371 91
372 91
373 91
381 91
382 91
383 91
384 91
385 91
369 92
370 92
371 92
372 92
373 92
382 92
383 92
384 92
385 92
368 93
369 93
370 93
371 93
372 93
382 93
383 93
384 93
385 93
367 94
368 94
369 94
370 94
371 94
382 94
383 94
384 94
385 94
367 95
368 95
369 95
370 95
371 95
382 95
383 95
384 95
385 95
366 96
367 96
368 96
369 96
370 96
382 96
383 96
384 96
385 96
366 97
367 97
368 97
369 97
382 97
383 97
384 97
365 98
366 98
367 98
368 98
382 98
383 98
384 98
365 99
366 99
367 99
368 99
382 99
383 99
384 99
364 100
365 100
366 100
367 100
382 100
383 100
384 100
364 101
365 101
366 101
382 101
383 101
384 101
363 102
364 102
365 102
366 102
382 102
383 102
384 102
385 102
363 103
364 103
365 103
382 103
383 103
384 103
385 103
363 104
364 104
365 104
383 104
384 104
385 104
386 104
363 105
364 105
365 105
383 105
384 105
385 105
386 105
363 106
364 106
365 106
385 106
386 106
363 107
364 107

FRAME 94
375 63
376 63
373 64
374 64
375 64
376 64
377 64
373 65
374 65
375 65
376 65
377 65
378 65
373 66
374 66
375 66
376 66
377 66
378 66
372 67
373 67
374 67
375 67
376 67
377 67
378 67
372 68
373 68
374 68
375 68
376 68
377 68
378 68
379 68
372 69
373 69
374 69
375 69
376 69
377 69
378 69
379 69
371 70
372 70
373 70
374 70
375 70
376 70
377 70
378 70
379 70
380 70
370 71
371 71
372 71
373 71
374 71
375 71
376 71
377 71
378 71
379 71
380 71
370 72
371 72
372 72
373 72
374 72
375 72
376 72
377 72
378 72
379 72
380 72
369 73
370 73
371 73
372 73
373 73
374 73
375 73
376 73
377 73
378 73
379 73
380 73
381 73
369 74
370 74
371 74
372 74
373 74
374 74
375 74
376 74
377 74
378 74
379 74
380 74
381 74
369 75
370 75
371 75
372 75
373 75
374 75
375 75
376 75
377 75
378 75
379 75
380 75
381 75
369 76
370 76
371 76
372 76
373 76
374 76
375 76
376 76
377 76
378 76
379 76
380 76
381 76
369 77
370 77
371 77
372 77
373 77
374 77
375 77
376 77
377 77
378 77
379 77
380 77
369 78
370 78
371 78
372 78
373 78
374 78
375 78
376 78
377 78
378 78
379 78
380 78
369 79
370 79
371 79
372 79
373 79
374 79
375 79
376 79
377 79
378 79
379 79
380 79
369 80
370 80
371 80
372 80
373 80
374 80
375 80
376 80
377 80
378 80
379 80
380 80
369 81
370 81
371 81
372 81
373 81
374 81
375 81
376 81
377 81
378 81
379 81
380 81
381 81
369 82
370 82
371 82
372 82
373 82
374 82
375 82
376 82
377 82
378 82
379 82
380 82
381 82
369 83
370 83
371 83
372 83
373 83
374 83
375 83
376 83
377 83
378 83
379 83
380 83
381 83
382 83
368 84
369 84
370 84
371 84
372 84
373 84
374 84
375 84
376 84
377 84
378 84
379 84
380 84
381 84
382 84
368 85
369 85
370 85
371 85
372 85
373 85
374 85
375 85
376 85
377 85
378 85
379 85
380 85
381 85
382 85
368 86
369 86
370 86
371 86
372 86
373 86
374 86
375 86
377 86
378 86
379 86
380 86
381 86
382 86
383 86
367 87
368 87
369 87
370 87
371 87
372 87
378 87
379 87
380 87
381 87
382 87
383 87
367 88
368 88
369 88
370 88
371 88
379 88
380 88
381 88
382 88
383 88
367 89
368 89
369 89
370 89
371 89
379 89
380 89
381 89
382 89
383 89
366 90
367 90
368 90
369 90
370 90
380 90
381 90
382 90
383 90
366 91
367 91
368 91
369 91
370 91
381 91
382 91
383 91
384 91
366 92
367 92
368 92
369 92
381 92
382 92
383 92
384 92
365 93
366 93
367 93
368 93
369 93
381 93
382 93
383 93
384 93
365 94
366 94
367 94
368 94
381 94
382 94
383 94
384 94
364 95
365 95
366 95
367 95
382 95
383 95
384 95
364 96
365 96
366 96
367 96
382 96
383 96
384 96
363 97
364 97
365 97
366 97
382 97
383 97
384 97
363 98
364 98
365 98
366 98
382 98
383 98
384 98
363 99
364 99
365 99
382 99
383 99
384 99
363 100
364 100
365 100
382 100
383 100
384 100
385 100
362 101
363 101
364 101
365 101
383 101
384 101
385 101
362 102
363 102
364 102
365 102
383 102
384 102
385 102
362 103
363 103
364 103
383 103
384 103
385 103
362 104
363 104
364 104
383 104
384 104
385 104
361 105
362 105
363 105
364 105
383 105
384 105
385 105
386 105
361 106
362 106
363 106
364 106
383 106
384 106
385 106
386 106
361 107
362 107
363 107

FRAME 95
375 63
376 63
373 64
374 64
375 64
376 64
377 64
373 65
374 65
375 65
376 65
377 65
378 65
373 66
374 66
375 66
376 66
377 66
378 66
372 67
373 67
374 67
375 67
376 67
377 67
378 67
379 67
372 68
373 68
374 68
375 68
376 68
377 68
378 68
379 68
371 69
372 69
373 69
374 69
375 69
376 69
377 69
378 69
379 69
371 70
372 70
373 70
374 70
375 70
376 70
377 70
378 70
379 70
380 70
370 71
371 71
372 71
373 71
374 71
375 71
376 71
377 71
378 71
379 71
380 71
370 72
371 72
372 72
373 72
374 72
375 72
376 72
377 72
378 72
379 72
380 72
369 73
370 73
371 73
372 73
373 73
374 73
375 73
376 73
377 73
378 73
379 73
380 73
381 73
369 74
370 74
371 74
372 74
373 74
374 74
375 74
376 74
377 74
378 74
379 74
380 74
381 74
369 75
370 75
371 75
372 75
373 75
374 75
375 75
376 75
377 75
378 75
379 75
380 75
381 75
369 76
370 76
371 76
372 76
373 76
374 76
375 76
376 76
377 76
378 76
379 76
380 76
381 76
369 77
370 77
371 77
372 77
373 77
374 77
375 77
376 77
377 77
378 77
379 77
380 77
381 77
369 78
370 78
371 78
372 78
373 78
374 78
375 78
376 78
377 78
378 78
379 78
380 78
381 78
369 79
370 79
371 79
372 79
373 79
374 79
375 79
376 79
377 79
378 79
379 79
380 79
381 79
370 80
371 80
372 80
373 80
374 80
375 80
376 80
377 80
378 80
379 80
380 80
381 80
369 81
370 81
371 81
372 81
373 81
374 81
375 81
376 81
377 81
378 81
379 81
380 81
381 81
369 82
370 82
371 82
372 82
373 82
374 82
375 82
376 82
377 82
378 82
379 82
380 82
381 82
382 82
369 83
370 83
371 83
372 83
373 83
374 83
375 83
376 83
377 83
378 83
379 83
380 83
381 83
382 83
369 84
370 84
371 84
372 84
373 84
374 84
375 84
376 84
377 84
378 84
379 84
380 84
381 84
382 84
368 85
369 85
370 85
371 85
372 85
373 85
374 85
375 85
376 85
377 85
378 85
379 85
380 85
381 85
382 85
383 85
368 86
369 86
370 86
371 86
372 86
373 86
377 86
378 86
379 86
380 86
381 86
382 86
383 86
367 87
368 87
369 87
370 87
371 87
372 87
378 87
379 87
380 87
381 87
382 87
383 87
367 88
368 88
369 88
370 88
371 88
379 88
380 88
381 88
382 88
383 88
367 89
368 89
369 89
370 89
371 89
380 89
381 89
382 89
383 89
384 89
366 90
367 90
368 90
369 90
370 90
380 90
381 90
382 90
383 90
384 90
366 91
367 91
368 91
369 91
370 91
381 91
382 91
383 91
384 91
366 92
367 92
368 92
369 92
381 92
382 92
383 92
384 92
365 93
366 93
367 93
368 93
382 93
383 93
384 93
385 93
365 94
366 94
367 94
368 94
382 94
383 94
384 94
385 94
364 95
365 95
366 95
367 95
382 95
383 95
384 95
385 95
364 96
365 96
366 96
367 96
383 96
384 96
385 96
363 97
364 97
365 97
366 97
383 97
384 97
385 97
363 98
364 98
365 98
366 98
383 98
384 98
385 98
363 99
364 99
365 99
383 99
384 99
385 99
363 100
364 100
365 100
384 100
385 100
386 100
362 101
363 101
364 101
365 101
384 101
385 101
386 101
362 102
363 102
364 102
365 102
384 102
385 102
386 102
362 103
363 103
364 103
384 103
385 103
386 103
361 104
362 104
363 104
364 104
384 104
385 104
386 104
361 105
362 105
363 105
364 105
384 105
385 105
386 105
361 106
362 106
363 106
385 106
386 106

FRAME 97
374 64
375 64
376 64
377 64
373 65
374 65
375 65
376 65
377 65
378 65
373 66
374 66
375 66
376 66
377 66
378 66
373 67
374 67
375 67
376 67
377 67
378 67
379 67
372 68
373 68
374 68
375 68
376 68
377 68
378 68
379 68
372 69
373 69
374 69
375 69
376 69
377 69
378 69
379 69
371 70
372 70
373 70
374 70
375 70
376 70
377 70
378 70
379 70
380 70
370 71
371 71
372 71
373 71
374 71
375 71
376 71
377 71
378 71
379 71
380 71
370 72
371 72
372 72
373 72
374 72
375 72
376 72
377 72
378 72
379 72
380 72
381 72
369 73
370 73
371 73
372 73
373 73
374 73
375 73
376 73
377 73
378 73
379 73
380 73
381 73
369 74
370 74
371 74
372 74
373 74
374 74
375 74
376 74
377 74
378 74
379 74
380 74
381 74
369 75
370 75
371 75
372 75
373 75
374 75
375 75
376 75
377 75
378 75
379 75
380 75
381 75
369 76
370 76
371 76
372 76
373 76
374 76
375 76
376 76
377 76
378 76
379 76
380 76
381 76
369 77
370 77
371 77
372 77
373 77
374 77
375 77
376 77
377 77
378 77
379 77
380 77
381 77
369 78
370 78
371 78
372 78
373 78
374 78
375 78
376 78
377 78
378 78
379 78
380 78
381 78
369 79
370 79
371 79
372 79
373 79
374 79
375 79
376 79
377 79
378 79
379 79
380 79
381 79
370 80
371 80
372 80
373 80
374 80
375 80
376 80
377 80
378 80
379 80
380 80
381 80
370 81
371 81
372 81
373 81
374 81
375 81
376 81
377 81
378 81
379 81
380 81
381 81
369 82
370 82
371 82
372 82
373 82
374 82
375 82
376 82
377 82
378 82
379 82
380 82
381 82
382 82
369 83
370 83
371 83
372 83
373 83
374 83
375 83
376 83
377 83
378 83
379 83
380 83
381 83
382 83
369 84
370 84
371 84
372 84
373 84
374 84
375 84
376 84
377 84
378 84
379 84
380 84
381 84
382 84
383 84
369 85
370 85
371 85
372 85
373 85
374 85
375 85
376 85
377 85
378 85
379 85
380 85
381 85
382 85
383 85
368 86
369 86
370 86
371 86
372 86
373 86
374 86
377 86
378 86
379 86
380 86
381 86
382 86
383 86
368 87
369 87
370 87
371 87
372 87
373 87
378 87
379 87
380 87
381 87
382 87
383 87
367 88
368 88
369 88
370 88
371 88
372 88
379 88
380 88
381 88
382 88
383 88
384 88
367 89
368 89
369 89
370 89
371 89
380 89
381 89
382 89
383 89
384 89
366 90
367 90
368 90
369 90
370 90
381 90
382 90
383 90
384 90
366 91
367 91
368 91
369 91
370 91
381 91
382 91
383 91
384 91
385 91
365 92
366 92
367 92
368 92
369 92
382 92
383 92
384 92
385 92
365 93
366 93
367 93
368 93
382 93
383 93
384 93
385 93
365 94
366 94
367 94
368 94
383 94
384 94
385 94
386 94
364 95
365 95
366 95
367 95
383 95
384 95
385 95
386 95
364 96
365 96
366 96
384 96
385 96
386 96
363 97
364 97
365 97
366 97
385 97
386 97
387 97
363 98
364 98
365 98
385 98
386 98
387 98
363 99
364 99
365 99
385 99
386 99
387 99
362 100
363 100
364 100
365 100
385 100
386 100
387 100
362 101
363 101
364 101
365 101
385 101
386 101
387 101
388 101
362 102
363 102
364 102
385 102
386 102
387 102
388 102
362 103
363 103
364 103
386 103
387 103
388 103
389 103
361 104
362 104
363 104
364 104
386 104
387 104
388 104
389 104
362 105
363 105
387 105
388 105
389 105

FRAME 111
348 67
349 67
350 67
348 68
349 68
350 68
351 68
348 69
349 69
350 69
351 69
348 70
349 70
350 70
351 70
352 70
348 71
349 71
350 71
351 71
352 71
353 71
348 72
349 72
350 72
351 72
352 72
353 72
354 72
355 72
356 72
347 73
348 73
349 73
350 73
351 73
352 73
353 73
354 73
355 73
356 73
357 73
358 73
359 73
360 73
361 73
347 74
348 74
349 74
350 74
351 74
352 74
353 74
354 74
355 74
356 74
357 74
358 74
359 74
360 74
361 74
362 74
363 74
346 75
347 75
348 75
349 75
350 75
351 75
352 75
353 75
354 75
355 75
356 75
357 75
358 75
359 75
360 75
361 75
362 75
363 75
364 75
345 76
346 76
347 76
348 76
349 76
350 76
351 76
352 76
353 76
354 76
355 76
356 76
357 76
358 76
359 76
360 76
361 76
362 76
363 76
364 76
365 76
344 77
345 77
346 77
347 77
348 77
349 77
350 77
351 77
352 77
353 77
354 77
355 77
356 77
357 77
358 77
359 77
360 77
361 77
362 77
363 77
364 77
365 77
366 77
343 78
344 78
345 78
346 78
347 78
348 78
349 78
350 78
351 78
352 78
353 78
354 78
355 78
356 78
357 78
358 78
359 78
360 78
361 78
362 78
363 78
364 78
365 78
366 78
367 78
343 79
344 79
345 79
350 79
351 79
352 79
353 79
354 79
355 79
356 79
357 79
358 79
359 79
360 79
361 79
362 79
363 79
364 79
365 79
366 79
367 79
368 79
343 80
344 80
345 80
352 80
353 80
354 80
355 80
356 80
357 80
358 80
359 80
360 80
361 80
362 80
363 80
364 80
365 80
366 80
367 80
368 80
342 81
343 81
344 81
345 81
353 81
354 81
355 81
356 81
357 81
358 81
359 81
360 81
361 81
362 81
363 81
364 81
365 81
366 81
367 81
368 81
342 82
343 82
344 82
345 82
355 82
356 82
357 82
358 82
359 82
360 82
361 82
362 82
363 82
364 82
342 83
343 83
344 83
345 83
355 83
356 83
357 83
358 83
359 83
360 83
361 83
362 83
363 83
364 83
342 84
343 84
344 84
345 84
355 84
356 84
357 84
358 84
359 84
360 84
361 84
362 84
363 84
364 84
342 85
343 85
344 85
345 85
355 85
356 85
357 85
358 85
359 85
360 85
361 85
362 85
363 85
364 85
342 86
343 86
344 86
345 86
354 86
355 86
356 86
357 86
358 86
359 86
360 86
361 86
362 86
363 86
364 86
354 87
355 87
356 87
357 87
358 87
359 87
360 87
361 87
362 87
363 87
364 87
353 88
354 88
355 88
356 88
357 88
358 88
359 88
360 88
361 88
362 88
363 88
364 88
353 89
354 89
355 89
356 89
357 89
358 89
359 89
360 89
361 89
362 89
363 89
364 89
352 90
353 90
354 90
355 90
356 90
357 90
358 90
359 90
360 90
361 90
362 90
363 90
364 90
351 91
352 91
353 91
354 91
355 91
356 91
357 91
358 91
359 91
360 91
361 91
362 91
363 91
364 91
351 92
352 92
353 92
354 92
355 92
356 92
357 92
359 92
360 92
361 92
362 92
363 92
364 92
351 93
352 93
353 93
354 93
355 93
356 93
357 93
360 93
361 93
362 93
363 93
364 93
365 93
351 94
352 94
353 94
354 94
355 94
356 94
357 94
358 94
359 94
360 94
361 94
362 94
363 94
364 94
365 94
366 94
353 95
354 95
355 95
356 95
357 95
358 95
359 95
360 95
361 95
362 95
363 95
364 95
365 95
366 95
367 95
368 95
357 96
358 96
359 96
360 96
361 96
362 96
363 96
364 96
365 96
366 96
367 96
368 96
369 96
370 96
359 97
360 97
361 97
362 97
363 97
364 97
365 97
366 97
367 97
368 97
369 97
370 97
371 97
372 97
361 98
362 98
363 98
368 98
369 98
370 98
371 98
372 98
373 98
374 98
370 99
371 99
372 99
373 99
374 99
375 99
371 100
372 100
373 100
374 100
375 100
372 101
373 101
374 101
375 101
372 102
373 102
374 102
375 102
371 103
372 103
373 103
374 103

FRAME 113
343 66
344 66
345 66
346 66
347 66
342 67
343 67
344 67
345 67
346 67
347 67
342 68
343 68
344 68
345 68
346 68
347 68
348 68
342 69
343 69
344 69
345 69
346 69
347 69
348 69
342 70
343 70
344 70
345 70
346 70
347 70
348 70
349 70
342 71
343 71
344 71
345 71
346 71
347 71
348 71
349 71
350 71
341 72
342 72
343 72
344 72
345 72
346 72
347 72
348 72
349 72
350 72
351 72
341 73
342 73
343 73
344 73
345 73
346 73
347 73
348 73
349 73
350 73
351 73
352 73
340 74
341 74
342 74
343 74
344 74
345 74
346 74
347 74
348 74
349 74
350 74
351 74
352 74
353 74
354 74
340 75
341 75
342 75
343 75
344 75
345 75
346 75
347 75
348 75
349 75
350 75
351 75
352 75
353 75
354 75
355 75
356 75
339 76
340 76
341 76
342 76
343 76
344 76
345 76
346 76
347 76
348 76
349 76
350 76
351 76
352 76
353 76
354 76
355 76
356 76
357 76
358 76
338 77
339 77
340 77
341 77
342 77
343 77
344 77
345 77
346 77
347 77
348 77
349 77
350 77
351 77
352 77
353 77
354 77
355 77
356 77
357 77
358 77
338 78
339 78
340 78
341 78
345 78
346 78
347 78
348 78
349 78
350 78
351 78
352 78
353 78
354 78
355 78
356 78
357 78
358 78
359 78
337 79
338 79
339 79
340 79
346 79
347 79
348 79
349 79
350 79
351 79
352 79
353 79
354 79
355 79
356 79
357 79
358 79
359 79
360 79
337 80
338 80
339 80
347 80
348 80
349 80
350 80
351 80
352 80
353 80
354 80
355 80
356 80
357 80
358 80
359 80
360 80
336 81
337 81
338 81
339 81
347 81
348 81
349 81
350 81
351 81
352 81
353 81
354 81
355 81
356 81
357 81
358 81
359 81
360 81
361 81
336 82
337 82
338 82
347 82
348 82
349 82
350 82
351 82
352 82
353 82
354 82
355 82
356 82
357 82
358 82
359 82
360 82
336 83
337 83
338 83
348 83
349 83
350 83
351 83
352 83
353 83
354 83
355 83
356 83
357 83
358 83
336 84
337 84
338 84
347 84
348 84
349 84
350 84
351 84
352 84
353 84
354 84
355 84
356 84
357 84
358 84
336 85
337 85
338 85
347 85
348 85
349 85
350 85
351 85
352 85
353 85
354 85
355 85
356 85
357 85
358 85
336 86
337 86
338 86
346 86
347 86
348 86
349 86
350 86
351 86
352 86
353 86
354 86
355 86
356 86
357 86
358 86
336 87
337 87
338 87
345 87
346 87
347 87
348 87
349 87
350 87
351 87
352 87
353 87
354 87
355 87
356 87
357 87
358 87
345 88
346 88
347 88
348 88
349 88
350 88
351 88
352 88
353 88
354 88
355 88
356 88
357 88
358 88
344 89
345 89
346 89
347 89
348 89
349 89
353 89
354 89
355 89
356 89
357 89
358 89
359 89
344 90
345 90
346 90
347 90
348 90
349 90
355 90
356 90
357 90
358 90
359 90
360 90
361 90
344 91
345 91
346 91
347 91
348 91
349 91
356 91
357 91
358 91
359 91
360 91
361 91
362 91
363 91
344 92
345 92
346 92
347 92
348 92
349 92
357 92
358 92
359 92
360 92
361 92
362 92
363 92
364 92
345 93
346 93
347 93
348 93
349 93
350 93
358 93
359 93
360 93
361 93
362 93
363 93
364 93
365 93
366 93
346 94
347 94
348 94
349 94
350 94
360 94
361 94
362 94
363 94
364 94
365 94
366 94
367 94
347 95
348 95
349 95
350 95
351 95
362 95
363 95
364 95
365 95
366 95
367 95
368 95
369 95
348 96
349 96
350 96
351 96
352 96
364 96
365 96
366 96
367 96
368 96
369 96
370 96
349 97
350 97
351 97
352 97
353 97
366 97
367 97
368 97
369 97
370 97
371 97
350 98
351 98
352 98
353 98
354 98
368 98
369 98
370 98
371 98
372 98
350 99
351 99
352 99
353 99
354 99
369 99
370 99
371 99
372 99
351 100
352 100
353 100
354 100
370 100
371 100
372 100
373 100
351 101
352 101
353 101
370 101
371 101
372 101
373 101
370 102
371 102
372 102
373 102
371 103
372 103

FRAME 114
340 66
341 66
342 66
343 66
340 67
341 67
342 67
343 67
344 67
339 68
340 68
341 68
342 68
343 68
344 68
339 69
340 69
341 69
342 69
343 69
344 69
345 69
339 70
340 70
341 70
342 70
343 70
344 70
345 70
339 71
340 71
341 71
342 71
343 71
344 71
345 71
346 71
338 72
339 72
340 72
341 72
342 72
343 72
344 72
345 72
346 72
338 73
339 73
340 73
341 73
342 73
343 73
344 73
345 73
346 73
347 73
338 74
339 74
340 74
341 74
342 74
343 74
344 74
345 74
346 74
347 74
348 74
337 75
338 75
339 75
340 75
341 75
342 75
343 75
344 75
345 75
346 75
347 75
348 75
349 75
336 76
337 76
338 76
339 76
340 76
341 76
342 76
343 76
344 76
345 76
346 76
347 76
348 76
349 76
336 77
337 77
338 77
339 77
340 77
341 77
342 77
343 77
344 77
345 77
346 77
347 77
348 77
349 77
350 77
351 77
335 78
336 78
337 78
342 78
343 78
344 78
345 78
346 78
347 78
348 78
349 78
350 78
351 78
352 78
334 79
335 79
336 79
337 79
343 79
344 79
345 79
346 79
347 79
348 79
349 79
350 79
351 79
352 79
333 80
334 80
335 80
336 80
343 80
344 80
345 80
346 80
347 80
348 80
349 80
350 80
351 80
352 80
333 81
334 81
335 81
336 81
344 81
345 81
346 81
347 81
348 81
349 81
350 81
351 81
352 81
333 82
334 82
335 82
344 82
345 82
346 82
347 82
348 82
349 82
350 82
351 82
352 82
332 83
333 83
334 83
335 83
344 83
345 83
346 83
347 83
348 83
349 83
350 83
351 83
352 83
332 84
333 84
334 84
335 84
344 84
345 84
346 84
347 84
348 84
349 84
350 84
351 84
352 84
353 84
332 85
333 85
334 85
335 85
344 85
345 85
346 85
347 85
348 85
349 85
350 85
351 85
352 85
353 85
333 86
334 86
343 86
344 86
345 86
346 86
347 86
348 86
349 86
350 86
351 86
352 86
353 86
333 87
334 87
343 87
344 87
345 87
346 87
347 87
348 87
349 87
350 87
351 87
352 87
353 87
333 88
334 88
342 88
343 88
344 88
345 88
346 88
347 88
348 88
349 88
350 88
351 88
352 88
353 88
354 88
333 89
334 89
342 89
343 89
344 89
345 89
346 89
347 89
348 89
349 89
350 89
351 89
352 89
353 89
354 89
341 90
342 90
343 90
344 90
345 90
346 90
350 90
351 90
352 90
353 90
354 90
355 90
341 91
342 91
343 91
344 91
345 91
346 91
351 91
352 91
353 91
354 91
355 91
356 91
357 91
341 92
342 92
343 92
344 92
345 92
346 92
352 92
353 92
354 92
355 92
356 92
357 92
358 92
359 92
342 93
343 93
344 93
345 93
346 93
353 93
354 93
355 93
356 93
357 93
358 93
359 93
360 93
361 93
362 93
363 93
342 94
343 94
344 94
345 94
346 94
347 94
354 94
355 94
356 94
357 94
358 94
359 94
360 94
361 94
362 94
363 94
364 94
365 94
366 94
343 95
344 95
345 95
346 95
347 95
356 95
357 95
358 95
359 95
360 95
361 95
362 95
363 95
364 95
365 95
366 95
367 95
344 96
345 96
346 96
347 96
348 96
362 96
363 96
364 96
365 96
366 96
367 96
368 96
345 97
346 97
347 97
348 97
349 97
366 97
367 97
368 97
369 97
346 98
347 98
348 98
349 98
350 98
367 98
368 98
369 98
347 99
348 99
349 99
350 99
368 99
369 99
347 100
348 100
349 100
350 100
351 100
368 100
369 100
370 100
347 101
348 101
349 101
350 101
351 101
347 102
348 102
349 102
350 102
351 102
346 103
347 103
348 103
349 103
350 103
351 103
346 104
347 104
348 104
349 104
350 104
346 105
347 105
348 105
349 105

FRAME 115
338 66
339 66
340 66
338 67
339 67
340 67
341 67
337 68
338 68
339 68
340 68
341 68
342 68
337 69
338 69
339 69
340 69
341 69
342 69
337 70
338 70
339 70
340 70
341 70
342 70
337 71
338 71
339 71
340 71
341 71
342 71
343 71
337 72
338 72
339 72
340 72
341 72
342 72
343 72
344 72
336 73
337 73
338 73
339 73
340 73
341 73
342 73
343 73
344 73
345 73
336 74
337 74
338 74
339 74
340 74
341 74
342 74
343 74
344 74
345 74
346 74
336 75
337 75
338 75
339 75
340 75
341 75
342 75
343 75
344 75
345 75
346 75
335 76
336 76
337 76
338 76
339 76
340 76
341 76
342 76
343 76
344 76
345 76
346 76
347 76
334 77
335 77
336 77
337 77
338 77
339 77
340 77
341 77
342 77
343 77
344 77
345 77
346 77
347 77
348 77
333 78
334 78
335 78
336 78
337 78
340 78
341 78
342 78
343 78
344 78
345 78
346 78
347 78
348 78
349 78
333 79
334 79
335 79
341 79
342 79
343 79
344 79
345 79
346 79
347 79
348 79
349 79
332 80
333 80
334 80
342 80
343 80
344 80
345 80
346 80
347 80
348 80
349 80
350 80
331 81
332 81
333 81
334 81
343 81
344 81
345 81
346 81
347 81
348 81
349 81
350 81
331 82
332 82
333 82
343 82
344 82
345 82
346 82
347 82
348 82
349 82
350 82
331 83
332 83
333 83
343 83
344 83
345 83
346 83
347 83
348 83
349 83
350 83
331 84
332 84
333 84
343 84
344 84
345 84
346 84
347 84
348 84
349 84
350 84
331 85
332 85
343 85
344 85
345 85
346 85
347 85
348 85
349 85
350 85
342 86
343 86
344 86
345 86
346 86
347 86
348 86
349 86
350 86
342 87
343 87
344 87
345 87
346 87
347 87
348 87
349 87
350 87
341 88
342 88
343 88
344 88
345 88
346 88
347 88
348 88
349 88
350 88
351 88
341 89
342 89
343 89
344 89
345 89
346 89
347 89
348 89
349 89
350 89
351 89
341 90
342 90
343 90
344 90
345 90
346 90
347 90
348 90
349 90
350 90
351 90
352 90
353 90
340 91
341 91
342 91
343 91
344 91
345 91
346 91
347 91
348 91
349 91
350 91
351 91
352 91
353 91
354 91
340 92
341 92
342 92
343 92
344 92
345 92
347 92
348 92
349 92
350 92
351 92
352 92
353 92
354 92
355 92
356 92
357 92
340 93
341 93
342 93
343 93
344 93
345 93
346 93
347 93
349 93
350 93
351 93
352 93
353 93
354 93
355 93
356 93
357 93
358 93
359 93
360 93
361 93
362 93
363 93
341 94
342 94
343 94
344 94
345 94
346 94
347 94
349 94
350 94
351 94
352 94
353 94
354 94
355 94
356 94
357 94
358 94
359 94
360 94
361 94
362 94
363 94
364 94
342 95
343 95
344 95
345 95
346 95
347 95
351 95
352 95
353 95
354 95
355 95
356 95
357 95
358 95
359 95
360 95
361 95
362 95
363 95
364 95
365 95
343 96
344 96
345 96
346 96
347 96
362 96
363 96
364 96
365 96
366 96
344 97
345 97
346 97
347 97
348 97
364 97
365 97
366 97
345 98
346 98
347 98
348 98
349 98
365 98
366 98
346 99
347 99
348 99
349 99
350 99
366 99
347 100
348 100
349 100
350 100
347 101
348 101
349 101
350 101
351 101
347 102
348 102
349 102
350 102
351 102
346 103
347 103
348 103
349 103
350 103
351 103
346 104
347 104
348 104
349 104
350 104
351 104
346 105
347 105
348 105
349 105
350 105

FRAME 116
333 65
334 65
335 65
333 66
334 66
335 66
336 66
333 67
334 67
335 67
336 67
337 67
333 68
334 68
335 68
336 68
337 68
333 69
334 69
335 69
336 69
337 69
338 69
333 70
334 70
335 70
336 70
337 70
338 70
334 71
335 71
336 71
337 71
338 71
339 71
334 72
335 72
336 72
337 72
338 72
339 72
340 72
341 72
333 73
334 73
335 73
336 73
337 73
338 73
339 73
340 73
341 73
342 73
333 74
334 74
335 74
336 74
337 74
338 74
339 74
340 74
341 74
342 74
343 74
333 75
334 75
335 75
336 75
337 75
338 75
339 75
340 75
341 75
342 75
343 75
332 76
333 76
334 76
335 76
336 76
337 76
338 76
339 76
340 76
341 76
342 76
343 76
344 76
331 77
332 77
333 77
334 77
335 77
336 77
337 77
338 77
339 77
340 77
341 77
342 77
343 77
344 77
345 77
330 78
331 78
332 78
333 78
334 78
335 78
336 78
337 78
338 78
339 78
340 78
341 78
342 78
343 78
344 78
345 78
346 78
330 79
331 79
332 79
333 79
337 79
338 79
339 79
340 79
341 79
342 79
343 79
344 79
345 79
346 79
329 80
330 80
331 80
332 80
337 80
338 80
339 80
340 80
341 80
342 80
343 80
344 80
345 80
346 80
328 81
329 81
330 81
331 81
338 81
339 81
340 81
341 81
342 81
343 81
344 81
345 81
346 81
347 81
328 82
329 82
330 82
331 82
338 82
339 82
340 82
341 82
342 82
343 82
344 82
345 82
346 82
347 82
327 83
328 83
329 83
330 83
339 83
340 83
341 83
342 83
343 83
344 83
345 83
346 83
347 83
327 84
328 84
329 84
339 84
340 84
341 84
342 84
343 84
344 84
345 84
346 84
347 84
328 85
340 85
341 85
342 85
343 85
344 85
345 85
346 85
347 85
340 86
341 86
342 86
343 86
344 86
345 86
346 86
340 87
341 87
342 87
343 87
344 87
345 87
346 87
341 88
342 88
343 88
344 88
345 88
346 88
340 89
341 89
342 89
343 89
344 89
345 89
346 89
340 90
341 90
342 90
343 90
344 90
345 90
346 90
340 91
341 91
342 91
343 91
344 91
345 91
346 91
347 91
340 92
341 92
342 92
343 92
344 92
345 92
346 92
347 92
348 92
349 92
350 92
351 92
352 92
353 92
354 92
355 92
356 92
340 93
341 93
342 93
343 93
344 93
345 93
346 93
347 93
348 93
349 93
350 93
351 93
352 93
353 93
354 93
355 93
356 93
357 93
340 94
341 94
342 94
343 94
344 94
345 94
346 94
347 94
348 94
349 94
350 94
351 94
352 94
353 94
354 94
355 94
356 94
357 94
358 94
341 95
342 95
343 95
344 95
345 95
346 95
347 95
348 95
349 95
350 95
352 95
353 95
354 95
355 95
356 95
357 95
358 95
342 96
343 96
344 96
345 96
346 96
347 96
348 96
357 96
358 96
343 97
344 97
345 97
346 97
347 97
348 97
344 98
345 98
346 98
347 98
348 98
349 98
345 99
346 99
347 99
348 99
349 99
350 99
346 100
347 100
348 100
349 100
350 100
351 100
346 101
347 101
348 101
349 101
350 101
351 101
347 102
348 102
349 102
350 102
351 102
352 102
347 103
348 103
349 103
350 103
351 103
352 103
346 104
347 104
348 104
349 104
350 104
351 104
346 105
347 105
348 105
349 105
350 105
351 105

FRAME 117
330 66
331 66
332 66
329 67
330 67
331 67
332 67
333 67
329 68
330 68
331 68
332 68
333 68
334 68
329 69
330 69
331 69
332 69
333 69
334 69
335 69
336 69
329 70
330 70
331 70
332 70
333 70
334 70
335 70
336 70
329 71
330 71
331 71
332 71
333 71
334 71
335 71
336 71
330 72
331 72
332 72
333 72
334 72
335 72
336 72
337 72
330 73
331 73
332 73
333 73
334 73
335 73
336 73
337 73
338 73
330 74
331 74
332 74
333 74
334 74
335 74
336 74
337 74
338 74
330 75
331 75
332 75
333 75
334 75
335 75
336 75
337 75
338 75
339 75
330 76
331 76
332 76
333 76
334 76
335 76
336 76
337 76
338 76
339 76
340 76
329 77
330 77
331 77
332 77
333 77
334 77
335 77
336 77
337 77
338 77
339 77
340 77
341 77
325 78
326 78
327 78
328 78
329 78
330 78
331 78
332 78
333 78
334 78
335 78
336 78
337 78
338 78
339 78
340 78
341 78
324 79
325 79
326 79
327 79
328 79
329 79
330 79
331 79
332 79
333 79
334 79
335 79
336 79
337 79
338 79
339 79
340 79
341 79
342 79
323 80
324 80
325 80
326 80
327 80
328 80
329 80
330 80
331 80
332 80
333 80
334 80
335 80
336 80
337 80
338 80
339 80
340 80
341 80
342 80
343 80
323 81
324 81
325 81
326 81
327 81
328 81
329 81
330 81
331 81
332 81
333 81
334 81
335 81
336 81
337 81
338 81
339 81
340 81
341 81
342 81
343 81
323 82
324 82
325 82
326 82
327 82
328 82
329 82
330 82
331 82
332 82
333 82
334 82
335 82
336 82
337 82
338 82
339 82
340 82
341 82
342 82
343 82
324 83
325 83
326 83
327 83
328 83
329 83
330 83
331 83
332 83
334 83
335 83
336 83
337 83
338 83
339 83
340 83
341 83
342 83
343 83
336 84
337 84
338 84
339 84
340 84
341 84
342 84
343 84
336 85
337 85
338 85
339 85
340 85
341 85
342 85
343 85
336 86
337 86
338 86
339 86
340 86
341 86
342 86
343 86
335 87
336 87
337 87
338 87
339 87
340 87
341 87
342 87
343 87
335 88
336 88
337 88
338 88
339 88
340 88
341 88
342 88
343 88
335 89
336 89
337 89
338 89
339 89
340 89
341 89
342 89
343 89
335 90
336 90
337 90
338 90
339 90
340 90
341 90
342 90
343 90
344 90
335 91
336 91
337 91
338 91
339 91
340 91
341 91
342 91
343 91
344 91
345 91
334 92
335 92
336 92
337 92
338 92
339 92
340 92
341 92
342 92
343 92
344 92
345 92
346 92
347 92
334 93
335 93
336 93
337 93
338 93
339 93
340 93
341 93
342 93
343 93
344 93
345 93
346 93
347 93
348 93
334 94
335 94
336 94
337 94
338 94
339 94
340 94
341 94
342 94
343 94
344 94
345 94
346 94
347 94
348 94
349 94
335 95
336 95
337 95
338 95
339 95
340 95
341 95
342 95
343 95
344 95
345 95
346 95
347 95
348 95
349 95
338 96
339 96
340 96
341 96
342 96
343 96
344 96
345 96
346 96
347 96
348 96
349 96
341 97
342 97
343 97
344 97
345 97
346 97
347 97
348 97
343 98
344 98
345 98
346 98
347 98
348 98
349 98
344 99
345 99
346 99
347 99
348 99
349 99
350 99
345 100
346 100
347 100
348 100
349 100
350 100
346 101
347 101
348 101
349 101
350 101
351 101
347 102
348 102
349 102
350 102
351 102
352 102
347 103
348 103
349 103
350 103
351 103
352 103
346 104
347 104
348 104
349 104
350 104
351 104
352 104
346 105
347 105
348 105
349 105
350 105
351 105

FRAME 118
327 66
328 66
329 66
327 67
328 67
329 67
330 67
326 68
327 68
328 68
329 68
330 68
331 68
326 69
327 69
328 69
329 69
330 69
331 69
327 70
328 70
329 70
330 70
331 70
332 70
327 71
328 71
329 71
330 71
331 71
332 71
333 71
328 72
329 72
330 72
331 72
332 72
333 72
334 72
335 72
328 73
329 73
330 73
331 73
332 73
333 73
334 73
335 73
336 73
328 74
329 74
330 74
331 74
332 74
333 74
334 74
335 74
336 74
327 75
328 75
329 75
330 75
331 75
332 75
333 75
334 75
335 75
336 75
337 75
325 76
326 76
327 76
328 76
329 76
330 76
331 76
332 76
333 76
334 76
335 76
336 76
337 76
338 76
323 77
324 77
325 77
326 77
327 77
328 77
329 77
330 77
331 77
332 77
333 77
334 77
335 77
336 77
337 77
338 77
322 78
323 78
324 78
325 78
326 78
327 78
328 78
329 78
330 78
331 78
332 78
333 78
334 78
335 78
336 78
337 78
338 78
339 78
321 79
322 79
323 79
324 79
325 79
326 79
327 79
328 79
329 79
330 79
331 79
332 79
333 79
334 79
335 79
336 79
337 79
338 79
339 79
340 79
321 80
322 80
323 80
324 80
325 80
326 80
327 80
328 80
329 80
330 80
331 80
332 80
333 80
334 80
335 80
336 80
337 80
338 80
339 80
340 80
341 80
321 81
322 81
323 81
324 81
325 81
326 81
327 81
328 81
329 81
330 81
331 81
332 81
333 81
334 81
335 81
336 81
337 81
338 81
339 81
340 81
341 81
324 82
325 82
326 82
327 82
328 82
333 82
334 82
335 82
336 82
337 82
338 82
339 82
340 82
341 82
334 83
335 83
336 83
337 83
338 83
339 83
340 83
341 83
342 83
334 84
335 84
336 84
337 84
338 84
339 84
340 84
341 84
333 85
334 85
335 85
336 85
337 85
338 85
339 85
340 85
341 85
333 86
334 86
335 86
336 86
337 86
338 86
339 86
340 86
341 86
333 87
334 87
335 87
336 87
337 87
338 87
339 87
340 87
341 87
332 88
333 88
334 88
335 88
336 88
337 88
338 88
339 88
340 88
341 88
332 89
333 89
334 89
335 89
336 89
337 89
338 89
339 89
340 89
341 89
331 90
332 90
333 90
334 90
335 90
336 90
337 90
338 90
339 90
340 90
341 90
342 90
331 91
332 91
333 91
334 91
335 91
336 91
337 91
338 91
339 91
340 91
341 91
342 91
331 92
332 92
333 92
334 92
335 92
336 92
337 92
338 92
339 92
340 92
341 92
342 92
343 92
331 93
332 93
333 93
334 93
335 93
336 93
337 93
338 93
339 93
340 93
341 93
342 93
343 93
344 93
331 94
332 94
333 94
334 94
335 94
336 94
337 94
338 94
339 94
340 94
341 94
342 94
343 94
344 94
345 94
337 95
338 95
339 95
340 95
341 95
342 95
343 95
344 95
345 95
346 95
339 96
340 96
341 96
342 96
343 96
344 96
345 96
346 96
341 97
342 97
343 97
344 97
345 97
346 97
347 97
348 97
342 98
343 98
344 98
345 98
346 98
347 98
348 98
344 99
345 99
346 99
347 99
348 99
349 99
345 100
346 100
347 100
348 100
349 100
350 100
346 101
347 101
348 101
349 101
350 101
351 101
347 102
348 102
349 102
350 102
351 102
352 102
347 103
348 103
349 103
350 103
351 103
352 103
346 104
347 104
348 104
349 104
350 104
351 104
352 104
346 105
347 105
348 105
349 105
350 105
351 105

FRAME 120
316 67
317 67
318 67
319 67
320 67
315 68
316 68
317 68
318 68
319 68
320 68
321 68
316 69
317 69
318 69
319 69
320 69
321 69
322 69
323 69
316 70
317 70
318 70
319 70
320 70
321 70
322 70
323 70
324 70
325 70
317 71
318 71
319 71
320 71
321 71
322 71
323 71
324 71
325 71
326 71
317 72
318 72
319 72
320 72
321 72
322 72
323 72
324 72
325 72
326 72
327 72
317 73
318 73
319 73
320 73
321 73
322 73
323 73
324 73
325 73
326 73
327 73
317 74
318 74
319 74
320 74
321 74
322 74
323 74
324 74
325 74
326 74
327 74
328 74
317 75
318 75
319 75
320 75
321 75
322 75
323 75
324 75
325 75
326 75
327 75
328 75
316 76
317 76
318 76
319 76
320 76
321 76
322 76
323 76
324 76
325 76
326 76
327 76
328 76
329 76
315 77
316 77
317 77
318 77
319 77
320 77
321 77
322 77
323 77
324 77
325 77
326 77
327 77
328 77
329 77
313 78
314 78
315 78
316 78
317 78
318 78
319 78
320 78
321 78
322 78
323 78
324 78
325 78
326 78
327 78
328 78
329 78
330 78
312 79
313 79
314 79
315 79
316 79
317 79
318 79
319 79
320 79
321 79
322 79
323 79
324 79
325 79
326 79
327 79
328 79
329 79
330 79
331 79
311 80
312 80
313 80
314 80
315 80
316 80
317 80
323 80
324 80
325 80
326 80
327 80
328 80
329 80
330 80
331 80
310 81
311 81
312 81
313 81
314 81
323 81
324 81
325 81
326 81
327 81
328 81
329 81
330 81
331 81
310 82
311 82
312 82
323 82
324 82
325 82
326 82
327 82
328 82
329 82
330 82
331 82
332 82
323 83
324 83
325 83
326 83
327 83
328 83
329 83
330 83
331 83
332 83
322 84
323 84
324 84
325 84
326 84
327 84
328 84
329 84
330 84
331 84
332 84
321 85
322 85
323 85
324 85
325 85
326 85
327 85
328 85
329 85
330 85
331 85
332 85
333 85
320 86
321 86
322 86
323 86
324 86
325 86
326 86
327 86
328 86
329 86
330 86
331 86
332 86
333 86
319 87
320 87
321 87
322 87
323 87
324 87
325 87
326 87
327 87
328 87
329 87
330 87
331 87
332 87
333 87
319 88
320 88
321 88
322 88
323 88
324 88
325 88
326 88
327 88
328 88
329 88
330 88
331 88
332 88
333 88
334 88
319 89
320 89
321 89
322 89
323 89
324 89
325 89
327 89
328 89
329 89
330 89
331 89
332 89
333 89
334 89
318 90
319 90
320 90
321 90
322 90
323 90
324 90
325 90
329 90
330 90
331 90
332 90
333 90
334 90
335 90
319 91
320 91
321 91
322 91
323 91
324 91
325 91
330 91
331 91
332 91
333 91
334 91
335 91
336 91
320 92
321 92
322 92
323 92
324 92
325 92
331 92
332 92
333 92
334 92
335 92
336 92
337 92
338 92
321 93
322 93
323 93
324 93
325 93
326 93
331 93
332 93
333 93
334 93
335 93
336 93
337 93
338 93
339 93
323 94
324 94
325 94
326 94
327 94
328 94
332 94
333 94
334 94
335 94
336 94
337 94
338 94
339 94
340 94
324 95
325 95
326 95
327 95
328 95
329 95
330 95
335 95
336 95
337 95
338 95
339 95
340 95
341 95
342 95
326 96
327 96
328 96
329 96
330 96
331 96
336 96
337 96
338 96
339 96
340 96
341 96
342 96
343 96
326 97
327 97
328 97
329 97
330 97
331 97
338 97
339 97
340 97
341 97
342 97
343 97
344 97
345 97
326 98
327 98
328 98
329 98
330 98
341 98
342 98
343 98
344 98
345 98
346 98
326 99
327 99
328 99
329 99
330 99
342 99
343 99
344 99
345 99
346 99
326 100
327 100
328 100
329 100
343 100
344 100
345 100
346 100
343 101
344 101
345 101
346 101
344 102
345 102
346 102
345 103
346 103
345 104
346 104

FRAME 121
315 65
316 65
317 65
318 65
313 66
314 66
315 66
316 66
317 66
318 66
319 66
313 67
314 67
315 67
316 67
317 67
318 67
319 67
320 67
312 68
313 68
314 68
315 68
316 68
317 68
318 68
319 68
320 68
312 69
313 69
314 69
315 69
316 69
317 69
318 69
319 69
320 69
321 69
313 70
314 70
315 70
316 70
317 70
318 70
319 70
320 70
321 70
322 70
323 70
314 71
315 71
316 71
317 71
318 71
319 71
320 71
321 71
322 71
323 71
324 71
315 72
316 72
317 72
318 72
319 72
320 72
321 72
322 72
323 72
324 72
315 73
316 73
317 73
318 73
319 73
320 73
321 73
322 73
323 73
324 73
325 73
315 74
316 74
317 74
318 74
319 74
320 74
321 74
322 74
323 74
324 74
325 74
326 74
315 75
316 75
317 75
318 75
319 75
320 75
321 75
322 75
323 75
324 75
325 75
326 75
314 76
315 76
316 76
317 76
318 76
319 76
320 76
321 76
322 76
323 76
324 76
325 76
326 76
327 76
313 77
314 77
315 77
316 77
317 77
318 77
319 77
320 77
321 77
322 77
323 77
324 77
325 77
326 77
327 77
312 78
313 78
314 78
315 78
316 78
317 78
318 78
319 78
320 78
321 78
322 78
323 78
324 78
325 78
326 78
327 78
328 78
311 79
312 79
313 79
314 79
315 79
316 79
317 79
318 79
319 79
320 79
321 79
322 79
323 79
324 79
325 79
326 79
327 79
328 79
310 80
311 80
312 80
313 80
314 80
321 80
322 80
323 80
324 80
325 80
326 80
327 80
328 80
329 80
309 81
310 81
311 81
312 81
321 81
322 81
323 81
324 81
325 81
326 81
327 81
328 81
329 81
308 82
309 82
310 82
311 82
321 82
322 82
323 82
324 82
325 82
326 82
327 82
328 82
329 82
308 83
309 83
321 83
322 83
323 83
324 83
325 83
326 83
327 83
328 83
329 83
330 83
320 84
321 84
322 84
323 84
324 84
325 84
326 84
327 84
328 84
329 84
330 84
319 85
320 85
321 85
322 85
323 85
324 85
325 85
326 85
327 85
328 85
329 85
330 85
318 86
319 86
320 86
321 86
322 86
323 86
324 86
325 86
326 86
327 86
328 86
329 86
330 86
318 87
319 87
320 87
321 87
322 87
323 87
324 87
325 87
326 87
327 87
328 87
329 87
330 87
317 88
318 88
319 88
320 88
321 88
322 88
323 88
324 88
325 88
326 88
327 88
328 88
329 88
330 88
331 88
317 89
318 89
319 89
320 89
321 89
322 89
323 89
324 89
325 89
326 89
327 89
328 89
329 89
330 89
331 89
332 89
317 90
318 90
319 90
320 90
321 90
322 90
323 90
324 90
325 90
326 90
327 90
328 90
329 90
330 90
331 90
332 90
333 90
317 91
318 91
319 91
320 91
321 91
322 91
323 91
324 91
327 91
328 91
329 91
330 91
331 91
332 91
333 91
334 91
318 92
319 92
320 92
321 92
322 92
323 92
324 92
327 92
328 92
329 92
330 92
331 92
332 92
333 92
334 92
335 92
319 93
320 93
321 93
322 93
323 93
324 93
329 93
330 93
331 93
332 93
333 93
334 93
335 93
336 93
337 93
320 94
321 94
322 94
323 94
324 94
325 94
326 94
330 94
331 94
332 94
333 94
334 94
335 94
336 94
337 94
338 94
322 95
323 95
324 95
325 95
326 95
331 95
332 95
333 95
334 95
335 95
336 95
337 95
338 95
339 95
340 95
323 96
324 96
325 96
326 96
327 96
334 96
335 96
336 96
337 96
338 96
339 96
340 96
341 96
342 96
324 97
325 97
326 97
327 97
328 97
337 97
338 97
339 97
340 97
341 97
342 97
343 97
324 98
325 98
326 98
327 98
328 98
340 98
341 98
342 98
343 98
324 99
325 99
326 99
327 99
328 99
341 99
342 99
343 99
324 100
325 100
326 100
327 100
342 100
343 100
344 100
324 101
325 101
326 101
327 101
342 101
343 101
344 101
343 102

FRAME 132
269 70
270 70
271 70
272 70
269 71
270 71
271 71
272 71
273 71
269 72
270 72
271 72
272 72
273 72
274 72
269 73
270 73
271 73
272 73
273 73
274 73
275 73
269 74
270 74
271 74
272 74
273 74
274 74
275 74
276 74
277 74
278 74
279 74
269 75
270 75
271 75
272 75
273 75
274 75
275 75
276 75
277 75
278 75
279 75
280 75
281 75
270 76
271 76
272 76
273 76
274 76
275 76
276 76
277 76
278 76
279 76
280 76
281 76
282 76
283 76
270 77
271 77
272 77
273 77
274 77
275 77
276 77
277 77
278 77
279 77
280 77
281 77
282 77
283 77
284 77
270 78
271 78
272 78
273 78
274 78
275 78
276 78
277 78
278 78
279 78
280 78
281 78
282 78
283 78
284 78
285 78
270 79
271 79
272 79
273 79
274 79
275 79
276 79
277 79
278 79
279 79
280 79
281 79
282 79
283 79
284 79
285 79
270 80
271 80
272 80
273 80
274 80
275 80
276 80
277 80
278 80
279 80
280 80
281 80
282 80
283 80
284 80
285 80
286 80
270 81
271 81
272 81
273 81
274 81
275 81
276 81
277 81
278 81
279 81
280 81
281 81
282 81
283 81
284 81
285 81
286 81
269 82
270 82
271 82
272 82
273 82
274 82
275 82
276 82
277 82
278 82
279 82
280 82
281 82
282 82
283 82
284 82
285 82
286 82
287 82
268 83
269 83
270 83
271 83
272 83
273 83
274 83
275 83
276 83
277 83
278 83
279 83
280 83
281 83
282 83
283 83
284 83
285 83
286 83
287 83
268 84
269 84
270 84
271 84
272 84
273 84
274 84
275 84
276 84
277 84
278 84
279 84
280 84
281 84
282 84
283 84
284 84
285 84
286 84
287 84
268 85
269 85
270 85
271 85
272 85
273 85
274 85
275 85
276 85
277 85
278 85
279 85
280 85
281 85
282 85
283 85
284 85
285 85
286 85
267 86
268 86
269 86
270 86
271 86
272 86
273 86
274 86
275 86
276 86
277 86
278 86
279 86
280 86
281 86
282 86
283 86
284 86
285 86
286 86
267 87
268 87
269 87
270 87
271 87
272 87
273 87
274 87
275 87
276 87
277 87
278 87
279 87
280 87
281 87
282 87
283 87
284 87
285 87
267 88
268 88
269 88
270 88
271 88
272 88
273 88
274 88
275 88
276 88
277 88
278 88
279 88
280 88
281 88
282 88
283 88
284 88
285 88
267 89
268 89
269 89
270 89
271 89
272 89
273 89
274 89
275 89
276 89
277 89
278 89
279 89
280 89
281 89
282 89
283 89
284 89
267 90
268 90
269 90
270 90
271 90
272 90
273 90
274 90
275 90
276 90
277 90
278 90
279 90
280 90
281 90
282 90
283 90
284 90
285 90
268 91
269 91
270 91
271 91
272 91
273 91
274 91
275 91
276 91
277 91
278 91
279 91
280 91
281 91
282 91
283 91
284 91
285 91
286 91
287 91
288 91
269 92
270 92
271 92
272 92
273 92
274 92
275 92
276 92
277 92
278 92
279 92
280 92
281 92
282 92
283 92
284 92
285 92
286 92
287 92
288 92
289 92
290 92
291 92
271 93
272 93
273 93
274 93
275 93
276 93
277 93
278 93
279 93
280 93
281 93
282 93
283 93
284 93
285 93
286 93
287 93
288 93
289 93
290 93
291 93
272 94
273 94
274 94
275 94
276 94
277 94
278 94
279 94
280 94
281 94
282 94
283 94
284 94
285 94
286 94
287 94
288 94
289 94
290 94
291 94
272 95
273 95
274 95
275 95
276 95
277 95
278 95
288 95
289 95
290 95
273 96
274 96
275 96
276 96
277 96
273 97
274 97
275 97
276 97
277 97
273 98
274 98
275 98
276 98
277 98
273 99
274 99
275 99
276 99
277 99
273 100
274 100
275 100
276 100
277 100
273 101
274 101
275 101
276 101
277 101

FRAME 133
268 69
269 69
267 70
268 70
269 70
270 70
271 70
267 71
268 71
269 71
270 71
271 71
267 72
268 72
269 72
270 72
271 72
272 72
273 72
267 73
268 73
269 73
270 73
271 73
272 73
273 73
274 73
275 73
276 73
267 74
268 74
269 74
270 74
271 74
272 74
273 74
274 74
275 74
276 74
277 74
278 74
268 75
269 75
270 75
271 75
272 75
273 75
274 75
275 75
276 75
277 75
278 75
279 75
268 76
269 76
270 76
271 76
272 76
273 76
274 76
275 76
276 76
277 76
278 76
279 76
280 76
281 76
268 77
269 77
270 77
271 77
272 77
273 77
274 77
275 77
276 77
277 77
278 77
279 77
280 77
281 77
282 77
268 78
269 78
270 78
271 78
272 78
273 78
274 78
275 78
276 78
277 78
278 78
279 78
280 78
281 78
282 78
283 78
269 79
270 79
271 79
272 79
273 79
274 79
275 79
276 79
277 79
278 79
279 79
280 79
281 79
282 79
283 79
268 80
269 80
270 80
271 80
272 80
273 80
274 80
275 80
276 80
277 80
278 80
279 80
280 80
281 80
282 80
283 80
284 80
268 81
269 81
270 81
271 81
272 81
273 81
274 81
275 81
276 81
277 81
278 81
279 81
280 81
281 81
282 81
283 81
284 81
268 82
269 82
270 82
271 82
272 82
273 82
274 82
275 82
276 82
277 82
278 82
279 82
280 82
281 82
282 82
283 82
284 82
285 82
267 83
268 83
269 83
270 83
271 83
272 83
273 83
274 83
275 83
276 83
277 83
278 83
279 83
280 83
281 83
282 83
283 83
284 83
285 83
266 84
267 84
268 84
269 84
270 84
271 84
272 84
273 84
274 84
275 84
276 84
277 84
278 84
279 84
280 84
281 84
282 84
283 84
284 84
285 84
266 85
267 85
268 85
269 85
270 85
271 85
272 85
273 85
274 85
275 85
276 85
277 85
278 85
279 85
280 85
281 85
282 85
283 85
284 85
266 86
267 86
268 86
269 86
270 86
271 86
272 86
273 86
274 86
275 86
276 86
277 86
278 86
279 86
280 86
281 86
282 86
283 86
284 86
266 87
267 87
268 87
269 87
270 87
271 87
272 87
273 87
274 87
275 87
276 87
277 87
278 87
279 87
280 87
281 87
282 87
283 87
266 88
267 88
268 88
269 88
270 88
271 88
272 88
273 88
274 88
275 88
276 88
277 88
278 88
279 88
280 88
281 88
282 88
266 89
267 89
268 89
269 89
270 89
271 89
272 89
273 89
274 89
275 89
276 89
277 89
278 89
279 89
280 89
281 89
267 90
268 90
269 90
270 90
271 90
272 90
273 90
274 90
275 90
276 90
277 90
278 90
279 90
280 90
281 90
268 91
269 91
270 91
271 91
272 91
273 91
274 91
275 91
276 91
277 91
278 91
279 91
280 91
281 91
282 91
283 91
270 92
271 92
272 92
273 92
274 92
275 92
276 92
277 92
278 92
279 92
280 92
281 92
282 92
283 92
284 92
285 92
271 93
272 93
273 93
274 93
275 93
276 93
277 93
278 93
279 93
280 93
281 93
282 93
283 93
284 93
285 93
286 93
271 94
272 94
273 94
274 94
275 94
276 94
277 94
280 94
281 94
282 94
283 94
284 94
285 94
286 94
272 95
273 95
274 95
275 95
276 95
277 95
283 95
284 95
285 95
286 95
273 96
274 96
275 96
276 96
277 96
273 97
274 97
275 97
276 97
277 97
273 98
274 98
275 98
276 98
277 98
273 99
274 99
275 99
276 99
277 99
273 100
274 100
275 100
276 100
277 100
278 100
273 101
274 101
275 101
276 101
277 101

FRAME 134
265 68
266 68
264 69
265 69
266 69
267 69
263 70
264 70
265 70
266 70
267 70
268 70
263 71
264 71
265 71
266 71
267 71
268 71
269 71
264 72
265 72
266 72
267 72
268 72
269 72
270 72
271 72
264 73
265 73
266 73
267 73
268 73
269 73
270 73
271 73
272 73
273 73
274 73
265 74
266 74
267 74
268 74
269 74
270 74
271 74
272 74
273 74
274 74
275 74
276 74
265 75
266 75
267 75
268 75
269 75
270 75
271 75
272 75
273 75
274 75
275 75
276 75
277 75
265 76
266 76
267 76
268 76
269 76
270 76
271 76
272 76
273 76
274 76
275 76
276 76
277 76
278 76
265 77
266 77
267 77
268 77
269 77
270 77
271 77
272 77
273 77
274 77
275 77
276 77
277 77
278 77
279 77
265 78
266 78
267 78
268 78
269 78
270 78
271 78
272 78
273 78
274 78
275 78
276 78
277 78
278 78
279 78
265 79
266 79
267 79
268 79
269 79
270 79
271 79
272 79
273 79
274 79
275 79
276 79
277 79
278 79
279 79
280 79
265 80
266 80
267 80
268 80
269 80
270 80
271 80
272 80
273 80
274 80
275 80
276 80
277 80
278 80
279 80
280 80
281 80
265 81
266 81
267 81
268 81
269 81
270 81
271 81
272 81
273 81
274 81
275 81
276 81
277 81
278 81
279 81
280 81
281 81
264 82
265 82
266 82
267 82
268 82
269 82
270 82
271 82
272 82
273 82
274 82
275 82
276 82
277 82
278 82
279 82
280 82
281 82
264 83
265 83
266 83
267 83
268 83
269 83
270 83
271 83
272 83
273 83
274 83
275 83
276 83
277 83
278 83
279 83
280 83
281 83
264 84
265 84
266 84
267 84
268 84
269 84
270 84
271 84
272 84
273 84
274 84
275 84
276 84
277 84
278 84
279 84
280 84
281 84
264 85
265 85
266 85
267 85
268 85
269 85
270 85
271 85
272 85
273 85
274 85
275 85
276 85
277 85
278 85
279 85
280 85
264 86
265 86
266 86
267 86
268 86
269 86
270 86
271 86
272 86
273 86
274 86
275 86
276 86
277 86
278 86
279 86
264 87
265 87
266 87
267 87
268 87
269 87
270 87
271 87
272 87
273 87
274 87
275 87
276 87
277 87
278 87
279 87
264 88
265 88
266 88
267 88
268 88
269 88
270 88
271 88
272 88
273 88
274 88
275 88
276 88
277 88
278 88
265 89
266 89
267 89
268 89
269 89
270 89
271 89
272 89
273 89
274 89
275 89
276 89
277 89
266 90
267 90
268 90
269 90
270 90
271 90
272 90
273 90
274 90
275 90
268 91
269 91
270 91
271 91
272 91
273 91
274 91
275 91
268 92
269 92
270 92
271 92
272 92
273 92
274 92
275 92
269 93
270 93
271 93
272 93
273 93
274 93
275 93
270 94
271 94
272 94
273 94
274 94
275 94
271 95
272 95
273 95
274 95
275 95
276 95
272 96
273 96
274 96
275 96
276 96
273 97
274 97
275 97
276 97
273 98
274 98
275 98
276 98
277 98
272 99
273 99
274 99
275 99
276 99
277 99
272 100
273 100
274 100
275 100
276 100
277 100
273 101
274 101
275 101
276 101

FRAME 139
254 64
255 64
253 65
254 65
255 65
256 65
253 66
254 66
255 66
256 66
257 66
253 67
254 67
255 67
256 67
257 67
253 68
254 68
255 68
256 68
257 68
253 69
254 69
255 69
256 69
257 69
258 69
253 70
254 70
255 70
256 70
257 70
258 70
259 70
254 71
255 71
256 71
257 71
258 71
259 71
260 71
261 71
254 72
255 72
256 72
257 72
258 72
259 72
260 72
261 72
262 72
253 73
254 73
255 73
256 73
257 73
258 73
259 73
260 73
261 73
262 73
263 73
253 74
254 74
255 74
256 74
257 74
258 74
259 74
260 74
261 74
262 74
263 74
264 74
253 75
254 75
255 75
256 75
257 75
258 75
259 75
260 75
261 75
262 75
263 75
264 75
265 75
253 76
254 76
255 76
256 76
257 76
258 76
259 76
260 76
261 76
262 76
263 76
264 76
265 76
253 77
254 77
255 77
256 77
257 77
258 77
259 77
260 77
261 77
262 77
263 77
264 77
265 77
252 78
253 78
254 78
255 78
256 78
257 78
258 78
259 78
260 78
261 78
262 78
263 78
264 78
265 78
252 79
253 79
254 79
255 79
256 79
257 79
258 79
259 79
260 79
261 79
262 79
263 79
264 79
265 79
251 80
252 80
253 80
254 80
255 80
256 80
257 80
258 80
259 80
260 80
261 80
262 80
263 80
264 80
265 80
251 81
252 81
253 81
254 81
255 81
256 81
257 81
258 81
259 81
260 81
261 81
262 81
263 81
264 81
265 81
251 82
252 82
253 82
254 82
255 82
256 82
257 82
258 82
259 82
260 82
261 82
262 82
263 82
264 82
265 82
250 83
251 83
252 83
253 83
254 83
255 83
256 83
257 83
258 83
259 83
260 83
261 83
262 83
263 83
264 83
265 83
250 84
251 84
252 84
253 84
254 84
255 84
256 84
257 84
258 84
259 84
260 84
261 84
262 84
263 84
264 84
265 84
250 85
251 85
252 85
253 85
254 85
255 85
256 85
257 85
258 85
259 85
260 85
261 85
262 85
263 85
264 85
265 85
250 86
251 86
252 86
253 86
254 86
255 86
256 86
257 86
258 86
259 86
260 86
261 86
262 86
263 86
264 86
249 87
250 87
251 87
252 87
253 87
254 87
255 87
256 87
257 87
258 87
259 87
260 87
261 87
262 87
263 87
264 87
249 88
250 88
251 88
252 88
253 88
254 88
255 88
256 88
257 88
258 88
259 88
260 88
261 88
262 88
263 88
248 89
249 89
250 89
251 89
252 89
253 89
254 89
255 89
256 89
257 89
258 89
259 89
260 89
261 89
247 90
248 90
249 90
250 90
251 90
252 90
253 90
254 90
255 90
256 90
257 90
258 90
259 90
260 90
246 91
247 91
248 91
249 91
250 91
251 91
252 91
253 91
254 91
255 91
256 91
257 91
258 91
259 91
260 91
261 91
245 92
246 92
247 92
248 92
249 92
250 92
255 92
256 92
257 92
258 92
259 92
260 92
261 92
244 93
245 93
246 93
247 93
248 93
256 93
257 93
258 93
259 93
260 93
261 93
241 94
242 94
243 94
244 94
245 94
246 94
247 94
258 94
259 94
260 94
261 94
262 94
240 95
241 95
242 95
243 95
244 95
245 95
246 95
259 95
260 95
261 95
262 95
263 95
240 96
241 96
242 96
243 96
244 96
245 96
260 96
261 96
262 96
263 96
264 96
240 97
241 97
242 97
243 97
244 97
261 97
262 97
263 97
264 97
265 97
243 98
261 98
262 98
263 98
264 98
265 98
262 99
263 99
264 99
265 99
262 100
263 100
264 100
265 100

FRAME 140
252 64
253 64
254 64
251 65
252 65
253 65
254 65
251 66
252 66
253 66
254 66
255 66
251 67
252 67
253 67
254 67
255 67
251 68
252 68
253 68
254 68
255 68
251 69
252 69
253 69
254 69
255 69
256 69
251 70
252 70
253 70
254 70
255 70
256 70
257 70
251 71
252 71
253 71
254 71
255 71
256 71
257 71
258 71
251 72
252 72
253 72
254 72
255 72
256 72
257 72
258 72
259 72
251 73
252 73
253 73
254 73
255 73
256 73
257 73
258 73
259 73
260 73
261 73
250 74
251 74
252 74
253 74
254 74
255 74
256 74
257 74
258 74
259 74
260 74
261 74
262 74
250 75
251 75
252 75
253 75
254 75
255 75
256 75
257 75
258 75
259 75
260 75
261 75
262 75
263 75
250 76
251 76
252 76
253 76
254 76
255 76
256 76
257 76
258 76
259 76
260 76
261 76
262 76
263 76
250 77
251 77
252 77
253 77
254 77
255 77
256 77
257 77
258 77
259 77
260 77
261 77
262 77
263 77
249 78
250 78
251 78
252 78
253 78
254 78
255 78
256 78
257 78
258 78
259 78
260 78
261 78
262 78
263 78
248 79
249 79
250 79
251 79
252 79
253 79
254 79
255 79
256 79
257 79
258 79
259 79
260 79
261 79
262 79
248 80
249 80
250 80
251 80
252 80
253 80
254 80
255 80
256 80
257 80
258 80
259 80
260 80
261 80
262 80
247 81
248 81
249 81
250 81
251 81
252 81
253 81
254 81
255 81
256 81
257 81
258 81
259 81
260 81
261 81
262 81
246 82
247 82
248 82
249 82
250 82
251 82
252 82
253 82
254 82
255 82
256 82
257 82
258 82
259 82
260 82
261 82
262 82
246 83
247 83
248 83
249 83
250 83
251 83
252 83
253 83
254 83
255 83
256 83
257 83
258 83
259 83
260 83
261 83
262 83
246 84
247 84
248 84
249 84
250 84
251 84
252 84
253 84
254 84
255 84
256 84
257 84
258 84
259 84
260 84
261 84
262 84
245 85
246 85
247 85
248 85
249 85
250 85
251 85
252 85
253 85
254 85
255 85
256 85
257 85
258 85
259 85
260 85
261 85
262 85
245 86
246 86
247 86
248 86
249 86
250 86
251 86
252 86
253 86
254 86
255 86
256 86
257 86
258 86
259 86
260 86
261 86
245 87
246 87
247 87
248 87
249 87
250 87
251 87
252 87
253 87
254 87
255 87
256 87
257 87
258 87
259 87
260 87
244 88
245 88
246 88
247 88
248 88
249 88
250 88
251 88
252 88
253 88
254 88
255 88
256 88
257 88
258 88
259 88
244 89
245 89
246 89
247 89
248 89
249 89
250 89
251 89
252 89
253 89
254 89
255 89
256 89
257 89
258 89
243 90
244 90
245 90
246 90
247 90
248 90
249 90
250 90
251 90
252 90
253 90
254 90
255 90
256 90
257 90
258 90
242 91
243 91
244 91
245 91
246 91
247 91
251 91
252 91
253 91
254 91
255 91
256 91
257 91
241 92
242 92
243 92
244 92
245 92
252 92
253 92
254 92
255 92
256 92
257 92
240 93
241 93
242 93
243 93
244 93
253 93
254 93
255 93
256 93
257 93
239 94
240 94
241 94
242 94
243 94
254 94
255 94
256 94
257 94
258 94
237 95
238 95
239 95
240 95
241 95
242 95
255 95
256 95
257 95
258 95
259 95
236 96
237 96
238 96
239 96
240 96
241 96
256 96
257 96
258 96
259 96
236 97
237 97
238 97
239 97
240 97
257 97
258 97
259 97
260 97
236 98
237 98
257 98
258 98
259 98
260 98
261 98
258 99
259 99
260 99
261 99
258 100
259 100
260 100
261 100

FRAME 141
250 64
251 64
252 64
249 65
250 65
251 65
252 65
253 65
249 66
250 66
251 66
252 66
253 66
249 67
250 67
251 67
252 67
253 67
249 68
250 68
251 68
252 68
253 68
249 69
250 69
251 69
252 69
253 69
254 69
249 70
250 70
251 70
252 70
253 70
254 70
255 70
248 71
249 71
250 71
251 71
252 71
253 71
254 71
255 71
256 71
248 72
249 72
250 72
251 72
252 72
253 72
254 72
255 72
256 72
257 72
248 73
249 73
250 73
251 73
252 73
253 73
254 73
255 73
256 73
257 73
258 73
247 74
248 74
249 74
250 74
251 74
252 74
253 74
254 74
255 74
256 74
257 74
258 74
259 74
247 75
248 75
249 75
250 75
251 75
252 75
253 75
254 75
255 75
256 75
257 75
258 75
259 75
260 75
246 76
247 76
248 76
249 76
250 76
251 76
252 76
253 76
254 76
255 76
256 76
257 76
258 76
259 76
260 76
261 76
246 77
247 77
248 77
249 77
250 77
251 77
252 77
253 77
254 77
255 77
256 77
257 77
258 77
259 77
260 77
261 77
245 78
246 78
247 78
248 78
249 78
250 78
251 78
252 78
253 78
254 78
255 78
256 78
257 78
258 78
259 78
260 78
261 78
245 79
246 79
247 79
248 79
249 79
250 79
251 79
252 79
253 79
254 79
255 79
256 79
257 79
258 79
259 79
260 79
261 79
244 80
245 80
246 80
247 80
248 80
249 80
250 80
251 80
252 80
253 80
254 80
255 80
256 80
257 80
258 80
259 80
260 80
243 81
244 81
245 81
246 81
247 81
248 81
249 81
250 81
251 81
252 81
253 81
254 81
255 81
256 81
257 81
258 81
259 81
260 81
243 82
244 82
245 82
246 82
247 82
248 82
249 82
250 82
251 82
252 82
253 82
254 82
255 82
256 82
257 82
258 82
259 82
242 83
243 83
244 83
245 83
246 83
247 83
248 83
249 83
250 83
251 83
252 83
253 83
254 83
255 83
256 83
257 83
258 83
259 83
241 84
242 84
243 84
244 84
245 84
246 84
247 84
248 84
249 84
250 84
251 84
252 84
253 84
254 84
255 84
256 84
257 84
258 84
259 84
241 85
242 85
243 85
244 85
245 85
246 85
247 85
248 85
249 85
250 85
251 85
252 85
253 85
254 85
255 85
256 85
257 85
258 85
259 85
241 86
242 86
243 86
244 86
245 86
246 86
247 86
248 86
249 86
250 86
251 86
252 86
253 86
254 86
255 86
256 86
257 86
258 86
240 87
241 87
242 87
243 87
244 87
245 87
246 87
247 87
248 87
249 87
250 87
251 87
252 87
253 87
254 87
255 87
256 87
257 87
240 88
241 88
242 88
243 88
244 88
245 88
246 88
247 88
248 88
249 88
250 88
251 88
252 88
253 88
254 88
255 88
256 88
239 89
240 89
241 89
242 89
243 89
244 89
245 89
246 89
247 89
248 89
249 89
250 89
251 89
252 89
253 89
254 89
255 89
239 90
240 90
241 90
242 90
243 90
244 90
245 90
246 90
247 90
248 90
249 90
250 90
251 90
252 90
253 90
254 90
255 90
238 91
239 91
240 91
241 91
242 91
243 91
249 91
250 91
251 91
252 91
253 91
254 91
237 92
238 92
239 92
240 92
241 92
242 92
250 92
251 92
252 92
253 92
254 92
237 93
238 93
239 93
240 93
241 93
251 93
252 93
253 93
254 93
255 93
236 94
237 94
238 94
239 94
252 94
253 94
254 94
255 94
233 95
234 95
235 95
236 95
237 95
238 95
253 95
254 95
255 95
256 95
232 96
233 96
234 96
235 96
236 96
237 96
253 96
254 96
255 96
256 96
257 96
232 97
233 97
234 97
235 97
236 97
254 97
255 97
256 97
257 97
254 98
255 98
256 98
257 98
258 98
255 99
256 99
257 99
258 99
256 100
257 100
258 100

FRAME 142
250 64
251 64
248 65
249 65
250 65
251 65
252 65
248 66
249 66
250 66
251 66
252 66
248 67
249 67
250 67
251 67
252 67
253 67
248 68
249 68
250 68
251 68
252 68
253 68
248 69
249 69
250 69
251 69
252 69
253 69
248 70
249 70
250 70
251 70
252 70
253 70
254 70
248 71
249 71
250 71
251 71
252 71
253 71
254 71
255 71
247 72
248 72
249 72
250 72
251 72
252 72
253 72
254 72
255 72
256 72
247 73
248 73
249 73
250 73
251 73
252 73
253 73
254 73
255 73
256 73
246 74
247 74
248 74
249 74
250 74
251 74
252 74
253 74
254 74
255 74
256 74
257 74
246 75
247 75
248 75
249 75
250 75
251 75
252 75
253 75
254 75
255 75
256 75
257 75
258 75
245 76
246 76
247 76
248 76
249 76
250 76
251 76
252 76
253 76
254 76
255 76
256 76
257 76
258 76
259 76
260 76
245 77
246 77
247 77
248 77
249 77
250 77
251 77
252 77
253 77
254 77
255 77
256 77
257 77
258 77
259 77
260 77
261 77
244 78
245 78
246 78
247 78
248 78
249 78
250 78
251 78
252 78
253 78
254 78
255 78
256 78
257 78
258 78
259 78
260 78
261 78
243 79
244 79
245 79
246 79
247 79
248 79
249 79
250 79
251 79
252 79
253 79
254 79
255 79
256 79
257 79
258 79
259 79
260 79
243 80
244 80
245 80
246 80
247 80
248 80
249 80
250 80
251 80
252 80
253 80
254 80
255 80
256 80
257 80
258 80
259 80
260 80
242 81
243 81
244 81
245 81
246 81
247 81
248 81
249 81
250 81
251 81
252 81
253 81
254 81
255 81
256 81
257 81
258 81
259 81
241 82
242 82
243 82
244 82
245 82
246 82
247 82
248 82
249 82
250 82
251 82
252 82
253 82
254 82
255 82
256 82
257 82
258 82
241 83
242 83
243 83
244 83
245 83
246 83
247 83
248 83
249 83
250 83
251 83
252 83
253 83
254 83
255 83
256 83
257 83
258 83
240 84
241 84
242 84
243 84
244 84
245 84
246 84
247 84
248 84
249 84
250 84
251 84
252 84
253 84
254 84
255 84
256 84
257 84
258 84
240 85
241 85
242 85
243 85
244 85
245 85
246 85
247 85
248 85
249 85
250 85
251 85
252 85
253 85
254 85
255 85
256 85
257 85
239 86
240 86
241 86
242 86
243 86
244 86
245 86
246 86
247 86
248 86
249 86
250 86
251 86
252 86
253 86
254 86
255 86
256 86
238 87
239 87
240 87
241 87
242 87
243 87
244 87
245 87
246 87
247 87
248 87
249 87
250 87
251 87
252 87
253 87
254 87
255 87
256 87
238 88
239 88
240 88
241 88
242 88
243 88
244 88
245 88
246 88
247 88
248 88
249 88
250 88
251 88
252 88
253 88
254 88
255 88
237 89
238 89
239 89
240 89
241 89
242 89
243 89
244 89
245 89
246 89
247 89
248 89
249 89
250 89
251 89
252 89
253 89
254 89
237 90
238 90
239 90
240 90
241 90
242 90
243 90
244 90
245 90
247 90
248 90
249 90
250 90
251 90
252 90
253 90
236 91
237 91
238 91
239 91
240 91
241 91
242 91
248 91
249 91
250 91
251 91
252 91
253 91
236 92
237 92
238 92
239 92
240 92
241 92
249 92
250 92
251 92
252 92
253 92
235 93
236 93
237 93
238 93
239 93
250 93
251 93
252 93
253 93
254 93
234 94
235 94
236 94
237 94
238 94
251 94
252 94
253 94
254 94
232 95
233 95
234 95
235 95
236 95
252 95
253 95
254 95
255 95
231 96
232 96
233 96
234 96
235 96
252 96
253 96
254 96
255 96
256 96
231 97
232 97
233 97
234 97
253 97
254 97
255 97
256 97
253 98
254 98
255 98
256 98
257 98
254 99
255 99
256 99
257 99
255 100
256 100

FRAME 152
382 266
383 266
384 266
385 266
386 266
387 266
381 267
382 267
383 267
384 267
385 267
386 267
387 267
381 268
382 268
383 268
384 268
385 268
386 268
387 268
388 268
381 269
382 269
383 269
384 269
385 269
386 269
387 269
388 269
381 270
382 270
383 270
384 270
385 270
386 270
387 270
388 270
381 271
382 271
383 271
384 271
385 271
386 271
387 271
388 271
381 272
382 272
383 272
384 272
385 272
386 272
387 272
388 272
381 273
382 273
383 273
384 273
385 273
386 273
387 273
388 273
381 274
382 274
383 274
384 274
385 274
386 274
387 274
381 275
382 275
383 275
384 275
385 275
386 275
387 275
380 276
381 276
382 276
383 276
384 276
385 276
386 276
387 276
378 277
379 277
380 277
381 277
382 277
383 277
384 277
385 277
386 277
387 277
388 277
377 278
378 278
379 278
380 278
381 278
382 278
383 278
384 278
385 278
386 278
387 278
388 278
389 278
376 279
377 279
378 279
379 279
380 279
381 279
382 279
383 279
384 279
385 279
386 279
387 279
388 279
389 279
390 279
376 280
377 280
378 280
379 280
380 280
381 280
382 280
383 280
384 280
385 280
386 280
387 280
388 280
389 280
390 280
376 281
377 281
378 281
379 281
380 281
381 281
382 281
383 281
384 281
385 281
386 281
387 281
388 281
389 281
390 281
391 281
376 282
377 282
378 282
379 282
380 282
381 282
382 282
383 282
384 282
385 282
386 282
387 282
388 282
389 282
390 282
391 282
392 282
376 283
377 283
378 283
379 283
380 283
381 283
382 283
383 283
384 283
385 283
386 283
387 283
388 283
389 283
390 283
391 283
392 283
376 284
377 284
378 284
379 284
380 284
381 284
382 284
383 284
384 284
385 284
386 284
387 284
388 284
389 284
390 284
391 284
392 284
393 284
376 285
377 285
378 285
379 285
380 285
381 285
382 285
383 285
384 285
385 285
386 285
387 285
388 285
389 285
390 285
391 285
392 285
393 285
376 286
377 286
378 286
379 286
380 286
381 286
382 286
383 286
384 286
385 286
386 286
387 286
388 286
389 286
390 286
391 286
392 286
393 286
376 287
377 287
378 287
379 287
380 287
381 287
382 287
383 287
384 287
385 287
386 287
387 287
388 287
389 287
390 287
391 287
392 287
393 287
376 288
377 288
378 288
379 288
380 288
381 288
382 288
383 288
384 288
385 288
386 288
387 288
388 288
389 288
390 288
391 288
392 288
393 288
376 289
377 289
378 289
379 289
380 289
381 289
382 289
383 289
384 289
385 289
386 289
387 289
388 289
389 289
390 289
391 289
392 289
393 289
376 290
377 290
378 290
379 290
380 290
381 290
382 290
383 290
384 290
385 290
386 290
387 290
388 290
389 290
390 290
391 290
392 290
393 290
376 291
377 291
378 291
379 291
380 291
381 291
382 291
383 291
384 291
385 291
386 291
387 291
388 291
389 291
390 291
391 291
392 291
393 291
376 292
377 292
378 292
379 292
380 292
381 292
382 292
383 292
384 292
385 292
386 292
387 292
388 292
389 292
390 292
391 292
392 292
393 292
375 293
376 293
377 293
378 293
379 293
380 293
381 293
382 293
383 293
384 293
385 293
386 293
387 293
388 293
389 293
390 293
391 293
392 293
393 293
375 294
376 294
377 294
378 294
379 294
380 294
381 294
382 294
383 294
384 294
385 294
386 294
387 294
388 294
389 294
390 294
391 294
392 294
393 294
375 295
376 295
377 295
378 295
379 295
380 295
381 295
382 295
383 295
384 295
385 295
386 295
387 295
389 295
390 295
391 295
392 295
393 295
375 296
376 296
377 296
378 296
379 296
380 296
381 296
382 296
383 296
384 296
385 296
386 296
387 296
389 296
390 296
391 296
392 296
393 296
375 297
376 297
377 297
378 297
379 297
380 297
381 297
382 297
383 297
384 297
385 297
386 297
390 297
391 297
392 297
393 297
375 298
376 298
377 298
378 298
379 298
380 298
381 298
382 298
383 298
384 298
385 298
386 298
390 298
391 298
392 298
393 298
374 299
375 299
376 299
377 299
378 299
379 299
380 299
381 299
382 299
383 299
384 299
385 299
386 299
387 299
374 300
375 300
376 300
377 300
378 300
379 300
380 300
381 300
382 300
383 300
384 300
385 300
386 300
387 300
388 300
374 301
375 301
376 301
377 301
378 301
379 301
380 301
381 301
382 301
383 301
384 301
385 301
386 301
387 301
388 301
389 301
390 301
374 302
375 302
376 302
377 302
378 302
379 302
380 302
381 302
382 302
383 302
384 302
385 302
386 302
387 302
388 302
389 302
390 302
391 302
374 303
375 303
376 303
377 303
378 303
379 303
380 303
381 303
382 303
383 303
384 303
385 303
386 303
387 303
388 303
389 303
390 303
391 303
392 303
375 304
376 304
377 304
378 304
379 304
380 304
381 304
382 304
383 304
384 304
385 304
386 304
387 304
388 304
389 304
390 304
391 304
392 304
393 304
375 305
376 305
377 305
378 305
379 305
380 305
381 305
382 305
383 305
384 305
385 305
386 305
387 305
388 305
389 305
390 305
391 305
392 305
393 305
394 305
395 305
376 306
377 306
378 306
379 306
380 306
381 306
382 306
383 306
384 306
385 306
386 306
387 306
388 306
389 306
390 306
391 306
392 306
393 306
394 306
395 306
396 306
397 306
377 307
378 307
379 307
380 307
381 307
382 307
383 307
384 307
385 307
386 307
387 307
388 307
389 307
390 307
391 307
392 307
393 307
394 307
395 307
396 307
397 307
398 307
377 308
378 308
379 308
380 308
381 308
382 308
383 308
384 308
385 308
386 308
387 308
388 308
389 308
390 308
391 308
392 308
393 308
394 308
395 308
396 308
397 308
398 308
399 308
377 309
378 309
379 309
380 309
381 309
382 309
383 309
384 309
385 309
386 309
387 309
388 309
389 309
390 309
391 309
392 309
393 309
394 309
395 309
396 309
397 309
398 309
399 309
400 309
376 310
377 310
378 310
379 310
380 310
381 310
382 310
383 310
384 310
385 310
386 310
387 310
388 310
389 310
390 310
391 310
392 310
393 310
394 310
395 310
396 310
397 310
398 310
399 310
400 310
375 311
376 311
377 311
378 311
379 311
380 311
381 311
382 311
383 311
384 311
385 311
392 311
393 311
394 311
395 311
396 311
397 311
398 311
399 311
400 311
373 312
374 312
375 312
376 312
377 312
378 312
379 312
380 312
381 312
382 312
383 312
395 312
396 312
397 312
398 312
399 312
400 312
372 313
373 313
374 313
375 313
376 313
377 313
378 313
379 313
380 313
381 313
396 313
397 313
398 313
399 313
400 313
371 314
372 314
373 314
374 314
375 314
376 314
377 314
378 314
379 314
380 314
396 314
397 314
398 314
399 314
400 314
369 315
370 315
371 315
372 315
373 315
374 315
375 315
376 315
377 315
378 315
396 315
397 315
398 315
399 315
400 315
368 316
369 316
370 316
371 316
372 316
373 316
374 316
375 316
376 316
377 316
397 316
398 316
399 316
400 316
364 317
365 317
366 317
367 317
368 317
369 317
370 317
371 317
372 317
373 317
374 317
375 317
397 317
398 317
399 317
400 317
401 317
362 318
363 318
364 318
365 318
366 318
367 318
368 318
369 318
370 318
371 318
372 318
397 318
398 318
399 318
400 318
401 318
362 319
363 319
364 319
365 319
366 319
367 319
368 319
369 319
370 319
371 319
397 319
398 319
399 319
400 319
401 319
363 320
364 320
365 320
366 320
367 320
368 320
369 320
370 320
397 320
398 320
399 320
400 320
401 320
363 321
364 321
365 321
366 321
367 321
368 321
369 321
397 321
398 321
399 321
400 321
401 321
364 322
365 322
366 322
367 322
368 322
369 322
397 322
398 322
399 322
400 322
401 322
365 323
366 323
367 323
368 323
369 323
397 323
398 323
399 323
400 323
401 323
365 324
366 324
367 324
368 324
369 324
397 324
398 324
399 324
400 324
401 324
366 325
367 325
368 325
369 325
397 325
398 325
399 325
400 325
401 325
367 326
368 326
397 326
398 326
399 326
400 326
401 326
397 327
398 327
399 327
400 327
401 327
402 327
398 328
399 328
400 328
401 328
402 328
397 329
398 329
399 329
400 329
401 329
402 329
403 329
397 330
398 330
399 330
400 330
401 330
402 330
403 330
404 330
405 330
397 331
398 331
399 331
400 331
401 331
402 331
403 331
404 331
405 331
406 331
407 331
408 331
397 332
398 332
399 332
400 332
401 332
402 332
403 332
404 332
405 332
406 332
407 332
408 332
409 332
398 333
399 333
400 333
401 333
402 333
403 333
404 333
405 333
406 333
407 333
408 333
399 334
400 334
401 334
402 334
403 334
404 334
405 334
406 334
407 334

FRAME 153
387 265
388 265
389 265
390 265
386 266
387 266
388 266
389 266
390 266
391 266
386 267
387 267
388 267
389 267
390 267
391 267
392 267
385 268
386 268
387 268
388 268
389 268
390 268
391 268
392 268
385 269
386 269
387 269
388 269
389 269
390 269
391 269
392 269
385 270
386 270
387 270
388 270
389 270
390 270
391 270
392 270
386 271
387 271
388 271
389 271
390 271
391 271
392 271
386 272
387 272
388 272
389 272
390 272
391 272
392 272
386 273
387 273
388 273
389 273
390 273
391 273
392 273
386 274
387 274
388 274
389 274
390 274
391 274
392 274
385 275
386 275
387 275
388 275
389 275
390 275
391 275
392 275
393 275
394 275
395 275
396 275
397 275
398 275
384 276
385 276
386 276
387 276
388 276
389 276
390 276
391 276
392 276
393 276
394 276
395 276
396 276
397 276
398 276
399 276
382 277
383 277
384 277
385 277
386 277
387 277
388 277
389 277
390 277
391 277
392 277
393 277
394 277
395 277
396 277
397 277
398 277
399 277
382 278
383 278
384 278
385 278
386 278
387 278
388 278
389 278
390 278
391 278
392 278
393 278
394 278
395 278
396 278
397 278
398 278
399 278
381 279
382 279
383 279
384 279
385 279
386 279
387 279
388 279
389 279
390 279
391 279
392 279
393 279
394 279
395 279
396 279
397 279
398 279
399 279
381 280
382 280
383 280
384 280
385 280
386 280
387 280
388 280
389 280
390 280
391 280
392 280
393 280
394 280
395 280
396 280
397 280
398 280
399 280
400 280
381 281
382 281
383 281
384 281
385 281
386 281
387 281
388 281
389 281
390 281
391 281
392 281
393 281
394 281
395 281
396 281
397 281
398 281
399 281
400 281
381 282
382 282
383 282
384 282
385 282
386 282
387 282
388 282
389 282
390 282
391 282
392 282
393 282
394 282
395 282
396 282
397 282
398 282
399 282
400 282
381 283
382 283
383 283
384 283
385 283
386 283
387 283
388 283
389 283
390 283
391 283
392 283
393 283
394 283
395 283
396 283
397 283
398 283
399 283
400 283
381 284
382 284
383 284
384 284
385 284
386 284
387 284
388 284
389 284
390 284
391 284
392 284
393 284
394 284
395 284
396 284
397 284
398 284
399 284
400 284
381 285
382 285
383 285
384 285
385 285
386 285
387 285
388 285
389 285
390 285
391 285
392 285
393 285
394 285
395 285
396 285
397 285
398 285
399 285
400 285
381 286
382 286
383 286
384 286
385 286
386 286
387 286
388 286
389 286
390 286
391 286
392 286
393 286
394 286
395 286
396 286
397 286
398 286
399 286
381 287
382 287
383 287
384 287
385 287
386 287
387 287
388 287
389 287
390 287
391 287
392 287
393 287
394 287
395 287
396 287
397 287
398 287
399 287
380 288
381 288
382 288
383 288
384 288
385 288
386 288
387 288
388 288
389 288
390 288
391 288
392 288
393 288
394 288
395 288
396 288
397 288
398 288
399 288
380 289
381 289
382 289
383 289
384 289
385 289
386 289
387 289
388 289
389 289
390 289
391 289
392 289
393 289
394 289
395 289
396 289
397 289
398 289
399 289
380 290
381 290
382 290
383 290
384 290
385 290
386 290
387 290
388 290
389 290
390 290
391 290
392 290
393 290
394 290
395 290
396 290
397 290
398 290
399 290
380 291
381 291
382 291
383 291
384 291
385 291
386 291
387 291
388 291
389 291
390 291
391 291
392 291
393 291
394 291
395 291
396 291
397 291
398 291
399 291
380 292
381 292
382 292
383 292
384 292
385 292
386 292
387 292
388 292
389 292
390 292
391 292
392 292
393 292
394 292
395 292
396 292
397 292
398 292
399 292
380 293
381 293
382 293
383 293
384 293
385 293
386 293
387 293
388 293
389 293
390 293
391 293
392 293
393 293
394 293
395 293
396 293
397 293
398 293
399 293
380 294
381 294
382 294
383 294
384 294
385 294
386 294
387 294
388 294
389 294
390 294
391 294
392 294
393 294
394 294
395 294
396 294
397 294
398 294
399 294
380 295
381 295
382 295
383 295
384 295
385 295
386 295
387 295
388 295
389 295
390 295
391 295
392 295
393 295
394 295
395 295
396 295
397 295
398 295
399 295
380 296
381 296
382 296
383 296
384 296
385 296
386 296
387 296
388 296
389 296
390 296
391 296
392 296
394 296
395 296
396 296
397 296
398 296
399 296
380 297
381 297
382 297
383 297
384 297
385 297
386 297
387 297
388 297
389 297
390 297
391 297
392 297
395 297
396 297
397 297
398 297
379 298
380 298
381 298
382 298
383 298
384 298
385 298
386 298
387 298
388 298
389 298
390 298
391 298
379 299
380 299
381 299
382 299
383 299
384 299
385 299
386 299
387 299
388 299
389 299
390 299
391 299
392 299
379 300
380 300
381 300
382 300
383 300
384 300
385 300
386 300
387 300
388 300
389 300
390 300
391 300
392 300
393 300
379 301
380 301
381 301
382 301
383 301
384 301
385 301
386 301
387 301
388 301
389 301
390 301
391 301
392 301
393 301
394 301
379 302
380 302
381 302
382 302
383 302
384 302
385 302
386 302
387 302
388 302
389 302
390 302
391 302
392 302
393 302
394 302
395 302
396 302
380 303
381 303
382 303
383 303
384 303
385 303
386 303
387 303
388 303
389 303
390 303
391 303
392 303
393 303
394 303
395 303
396 303
397 303
380 304
381 304
382 304
383 304
384 304
385 304
386 304
387 304
388 304
389 304
390 304
391 304
392 304
393 304
394 304
395 304
396 304
397 304
398 304
381 305
382 305
383 305
384 305
385 305
386 305
387 305
388 305
389 305
390 305
391 305
392 305
393 305
394 305
395 305
396 305
397 305
398 305
399 305
381 306
382 306
383 306
384 306
385 306
386 306
387 306
388 306
389 306
390 306
391 306
392 306
393 306
394 306
395 306
396 306
397 306
398 306
399 306
400 306
382 307
383 307
384 307
385 307
386 307
387 307
388 307
389 307
390 307
391 307
392 307
393 307
394 307
395 307
396 307
397 307
398 307
399 307
400 307
401 307
402 307
382 308
383 308
384 308
385 308
386 308
387 308
388 308
389 308
390 308
391 308
392 308
393 308
394 308
395 308
396 308
397 308
398 308
399 308
400 308
401 308
402 308
403 308
381 309
382 309
383 309
384 309
385 309
386 309
387 309
388 309
389 309
390 309
391 309
392 309
393 309
394 309
395 309
396 309
397 309
398 309
399 309
400 309
401 309
402 309
403 309
380 310
381 310
382 310
383 310
384 310
385 310
386 310
387 310
388 310
389 310
390 310
391 310
392 310
393 310
394 310
395 310
396 310
397 310
398 310
399 310
400 310
401 310
402 310
403 310
404 310
379 311
380 311
381 311
382 311
383 311
384 311
385 311
386 311
387 311
388 311
389 311
390 311
391 311
392 311
393 311
395 311
396 311
397 311
398 311
399 311
400 311
401 311
402 311
403 311
404 311
405 311
377 312
378 312
379 312
380 312
381 312
382 312
383 312
384 312
385 312
386 312
387 312
388 312
389 312
398 312
399 312
400 312
401 312
402 312
403 312
404 312
405 312
375 313
376 313
377 313
378 313
379 313
380 313
381 313
382 313
383 313
384 313
385 313
386 313
399 313
400 313
401 313
402 313
403 313
404 313
405 313
373 314
374 314
375 314
376 314
377 314
378 314
379 314
380 314
381 314
382 314
383 314
400 314
401 314
402 314
403 314
404 314
405 314
371 315
372 315
373 315
374 315
375 315
376 315
377 315
378 315
379 315
380 315
381 315
401 315
402 315
403 315
404 315
405 315
406 315
370 316
371 316
372 316
373 316
374 316
375 316
376 316
377 316
378 316
379 316
401 316
402 316
403 316
404 316
405 316
406 316
369 317
370 317
371 317
372 317
373 317
374 317
375 317
376 317
401 317
402 317
403 317
404 317
405 317
406 317
369 318
370 318
371 318
372 318
373 318
374 318
375 318
401 318
402 318
403 318
404 318
405 318
406 318
369 319
370 319
371 319
372 319
373 319
374 319
401 319
402 319
403 319
404 319
405 319
406 319
369 320
370 320
371 320
372 320
373 320
401 320
402 320
403 320
404 320
405 320
406 320
369 321
370 321
371 321
372 321
401 321
402 321
403 321
404 321
405 321
406 321
370 322
371 322
372 322
402 322
403 322
404 322
405 322
406 322
370 323
371 323
402 323
403 323
404 323
405 323
406 323
371 324
402 324
403 324
404 324
405 324
406 324
402 325
403 325
404 325
405 325
406 325
403 326
404 326
405 326
406 326
403 327
404 327
405 327
406 327
407 327
403 328
404 328
405 328
406 328
407 328
408 328
403 329
404 329
405 329
406 329
407 329
408 329
409 329
410 329
403 330
404 330
405 330
406 330
407 330
408 330
409 330
410 330
411 330
412 330
403 331
404 331
405 331
406 331
407 331
408 331
409 331
410 331
411 331
412 331
413 331
403 332
404 332
405 332
406 332
407 332
408 332
409 332
410 332
411 332
412 332
413 332
414 332
403 333
404 333
405 333
406 333
407 333
408 333
409 333
410 333
411 333
412 333
413 333
403 334
404 334
405 334
406 334
407 334
408 334
409 334
410 334
411 334
412 334

FRAME 154
389 265
390 265
391 265
392 265
393 265
388 266
389 266
390 266
391 266
392 266
393 266
394 266
388 267
389 267
390 267
391 267
392 267
393 267
394 267
388 268
389 268
390 268
391 268
392 268
393 268
394 268
388 269
389 269
390 269
391 269
392 269
393 269
394 269
388 270
389 270
390 270
391 270
392 270
393 270
394 270
388 271
389 271
390 271
391 271
392 271
393 271
394 271
388 272
389 272
390 272
391 272
392 272
393 272
394 272
395 272
388 273
389 273
390 273
391 273
392 273
393 273
394 273
395 273
397 273
398 273
399 273
400 273
388 274
389 274
390 274
391 274
392 274
393 274
394 274
395 274
396 274
397 274
398 274
399 274
400 274
401 274
387 275
388 275
389 275
390 275
391 275
392 275
393 275
394 275
395 275
396 275
397 275
398 275
399 275
400 275
401 275
386 276
387 276
388 276
389 276
390 276
391 276
392 276
393 276
394 276
395 276
396 276
397 276
398 276
399 276
400 276
401 276
402 276
384 277
385 277
386 277
387 277
388 277
389 277
390 277
391 277
392 277
393 277
394 277
395 277
396 277
397 277
398 277
399 277
400 277
401 277
402 277
384 278
385 278
386 278
387 278
388 278
389 278
390 278
391 278
392 278
393 278
394 278
395 278
396 278
397 278
398 278
399 278
400 278
401 278
402 278
383 279
384 279
385 279
386 279
387 279
388 279
389 279
390 279
391 279
392 279
393 279
394 279
395 279
396 279
397 279
398 279
399 279
400 279
401 279
402 279
383 280
384 280
385 280
386 280
387 280
388 280
389 280
390 280
391 280
392 280
393 280
394 280
395 280
396 280
397 280
398 280
399 280
400 280
401 280
402 280
403 280
383 281
384 281
385 281
386 281
387 281
388 281
389 281
390 281
391 281
392 281
393 281
394 281
395 281
396 281
397 281
398 281
399 281
400 281
401 281
402 281
403 281
383 282
384 282
385 282
386 282
387 282
388 282
389 282
390 282
391 282
392 282
393 282
394 282
395 282
396 282
397 282
398 282
399 282
400 282
401 282
402 282
403 282
383 283
384 283
385 283
386 283
387 283
388 283
389 283
390 283
391 283
392 283
393 283
394 283
395 283
396 283
397 283
398 283
399 283
400 283
401 283
402 283
403 283
383 284
384 284
385 284
386 284
387 284
388 284
389 284
390 284
391 284
392 284
393 284
394 284
395 284
396 284
397 284
398 284
399 284
400 284
401 284
402 284
403 284
383 285
384 285
385 285
386 285
387 285
388 285
389 285
390 285
391 285
392 285
393 285
394 285
395 285
396 285
397 285
398 285
399 285
400 285
401 285
402 285
403 285
383 286
384 286
385 286
386 286
387 286
388 286
389 286
390 286
391 286
392 286
393 286
394 286
395 286
396 286
397 286
398 286
399 286
400 286
401 286
402 286
383 287
384 287
385 287
386 287
387 287
388 287
389 287
390 287
391 287
392 287
393 287
394 287
395 287
396 287
397 287
398 287
399 287
400 287
401 287
402 287
383 288
384 288
385 288
386 288
387 288
388 288
389 288
390 288
391 288
392 288
393 288
394 288
395 288
396 288
397 288
398 288
399 288
400 288
401 288
382 289
383 289
384 289
385 289
386 289
387 289
388 289
389 289
390 289
391 289
392 289
393 289
394 289
395 289
396 289
397 289
398 289
399 289
400 289
401 289
382 290
383 290
384 290
385 290
386 290
387 290
388 290
389 290
390 290
391 290
392 290
393 290
394 290
395 290
396 290
397 290
398 290
399 290
400 290
401 290
382 291
383 291
384 291
385 291
386 291
387 291
388 291
389 291
390 291
391 291
392 291
393 291
394 291
395 291
396 291
397 291
398 291
399 291
400 291
401 291
382 292
383 292
384 292
385 292
386 292
387 292
388 292
389 292
390 292
391 292
392 292
393 292
394 292
395 292
396 292
397 292
398 292
399 292
400 292
401 292
382 293
383 293
384 293
385 293
386 293
387 293
388 293
389 293
390 293
391 293
392 293
393 293
394 293
395 293
396 293
397 293
398 293
399 293
400 293
401 293
382 294
383 294
384 294
385 294
386 294
387 294
388 294
389 294
390 294
391 294
392 294
393 294
394 294
395 294
396 294
397 294
398 294
399 294
400 294
401 294
382 295
383 295
384 295
385 295
386 295
387 295
388 295
389 295
390 295
391 295
392 295
393 295
394 295
395 295
396 295
397 295
398 295
399 295
400 295
401 295
382 296
383 296
384 296
385 296
386 296
387 296
388 296
389 296
390 296
391 296
392 296
393 296
394 296
395 296
397 296
398 296
399 296
400 296
401 296
382 297
383 297
384 297
385 297
386 297
387 297
388 297
389 297
390 297
391 297
392 297
393 297
394 297
398 297
399 297
400 297
401 297
382 298
383 298
384 298
385 298
386 298
387 298
388 298
389 298
390 298
391 298
392 298
393 298
394 298
381 299
382 299
383 299
384 299
385 299
386 299
387 299
388 299
389 299
390 299
391 299
392 299
393 299
394 299
381 300
382 300
383 300
384 300
385 300
386 300
387 300
388 300
389 300
390 300
391 300
392 300
393 300
394 300
395 300
381 301
382 301
383 301
384 301
385 301
386 301
387 301
388 301
389 301
390 301
391 301
392 301
393 301
394 301
395 301
396 301
382 302
383 302
384 302
385 302
386 302
387 302
388 302
389 302
390 302
391 302
392 302
393 302
394 302
395 302
396 302
397 302
398 302
382 303
383 303
384 303
385 303
386 303
387 303
388 303
389 303
390 303
391 303
392 303
393 303
394 303
395 303
396 303
397 303
398 303
399 303
383 304
384 304
385 304
386 304
387 304
388 304
389 304
390 304
391 304
392 304
393 304
394 304
395 304
396 304
397 304
398 304
399 304
400 304
383 305
384 305
385 305
386 305
387 305
388 305
389 305
390 305
391 305
392 305
393 305
394 305
395 305
396 305
397 305
398 305
399 305
400 305
401 305
384 306
385 306
386 306
387 306
388 306
389 306
390 306
391 306
392 306
393 306
394 306
395 306
396 306
397 306
398 306
399 306
400 306
401 306
402 306
403 306
385 307
386 307
387 307
388 307
389 307
390 307
391 307
392 307
393 307
394 307
395 307
396 307
397 307
398 307
399 307
400 307
401 307
402 307
403 307
404 307
385 308
386 308
387 308
388 308
389 308
390 308
391 308
392 308
393 308
394 308
395 308
396 308
397 308
398 308
399 308
400 308
401 308
402 308
403 308
404 308
405 308
384 309
385 309
386 309
387 309
388 309
389 309
390 309
391 309
392 309
393 309
394 309
395 309
396 309
397 309
398 309
399 309
400 309
401 309
402 309
403 309
404 309
405 309
406 309
382 310
383 310
384 310
385 310
386 310
387 310
388 310
389 310
390 310
391 310
392 310
393 310
394 310
395 310
396 310
397 310
398 310
399 310
400 310
401 310
402 310
403 310
404 310
405 310
406 310
381 311
382 311
383 311
384 311
385 311
386 311
387 311
388 311
389 311
390 311
391 311
392 311
393 311
394 311
398 311
399 311
400 311
401 311
402 311
403 311
404 311
405 311
406 311
379 312
380 312
381 312
382 312
383 312
384 312
385 312
386 312
387 312
388 312
389 312
390 312
400 312
401 312
402 312
403 312
404 312
405 312
406 312
407 312
377 313
378 313
379 313
380 313
381 313
382 313
383 313
384 313
385 313
386 313
387 313
388 313
401 313
402 313
403 313
404 313
405 313
406 313
407 313
375 314
376 314
377 314
378 314
379 314
380 314
381 314
382 314
383 314
384 314
385 314
386 314
402 314
403 314
404 314
405 314
406 314
407 314
373 315
374 315
375 315
376 315
377 315
378 315
379 315
380 315
381 315
382 315
383 315
402 315
403 315
404 315
405 315
406 315
407 315
372 316
373 316
374 316
375 316
376 316
377 316
378 316
379 316
380 316
402 316
403 316
404 316
405 316
406 316
407 316
372 317
373 317
374 317
375 317
376 317
377 317
378 317
379 317
402 317
403 317
404 317
405 317
406 317
407 317
372 318
373 318
374 318
375 318
376 318
377 318
402 318
403 318
404 318
405 318
406 318
407 318
372 319
373 319
374 319
375 319
376 319
377 319
402 319
403 319
404 319
405 319
406 319
407 319
373 320
374 320
375 320
376 320
402 320
403 320
404 320
405 320
406 320
407 320
373 321
374 321
375 321
376 321
402 321
403 321
404 321
405 321
406 321
407 321
373 322
374 322
375 322
403 322
404 322
405 322
406 322
407 322
403 323
404 323
405 323
406 323
407 323
403 324
404 324
405 324
406 324
407 324
403 325
404 325
405 325
406 325
407 325
403 326
404 326
405 326
406 326
407 326
403 327
404 327
405 327
406 327
407 327
403 328
404 328
405 328
406 328
407 328
408 328
403 329
404 329
405 329
406 329
407 329
408 329
409 329
410 329
403 330
404 330
405 330
406 330
407 330
408 330
409 330
410 330
411 330
412 330
403 331
404 331
405 331
406 331
407 331
408 331
409 331
410 331
411 331
412 331
413 331
403 332
404 332
405 332
406 332
407 332
408 332
409 332
410 332
411 332
412 332
413 332
414 332
403 333
404 333
405 333
406 333
407 333
408 333
409 333
410 333
411 333
412 333
413 333
403 334
404 334
405 334
406 334
407 334
408 334
409 334
410 334
411 334
412 334

FRAME 155
394 264
395 264
396 264
392 265
393 265
394 265
395 265
396 265
397 265
392 266
393 266
394 266
395 266
396 266
397 266
398 266
392 267
393 267
394 267
395 267
396 267
397 267
398 267
392 268
393 268
394 268
395 268
396 268
397 268
398 268
392 269
393 269
394 269
395 269
396 269
397 269
398 269
392 270
393 270
394 270
395 270
396 270
397 270
398 270
392 271
393 271
394 271
395 271
396 271
397 271
398 271
404 271
405 271
392 272
393 272
394 272
395 272
396 272
397 272
398 272
402 272
403 272
404 272
405 272
406 272
407 272
392 273
393 273
394 273
395 273
396 273
397 273
398 273
399 273
400 273
401 273
402 273
403 273
404 273
405 273
406 273
407 273
408 273
391 274
392 274
393 274
394 274
395 274
396 274
397 274
398 274
399 274
400 274
401 274
402 274
403 274
404 274
405 274
406 274
407 274
408 274
390 275
391 275
392 275
393 275
394 275
395 275
396 275
397 275
398 275
399 275
400 275
401 275
402 275
403 275
404 275
405 275
406 275
407 275
408 275
389 276
390 276
391 276
392 276
393 276
394 276
395 276
396 276
397 276
398 276
399 276
400 276
401 276
402 276
403 276
404 276
405 276
406 276
407 276
408 276
388 277
389 277
390 277
391 277
392 277
393 277
394 277
395 277
396 277
397 277
398 277
399 277
400 277
401 277
402 277
403 277
404 277
405 277
406 277
407 277
408 277
388 278
389 278
390 278
391 278
392 278
393 278
394 278
395 278
396 278
397 278
398 278
399 278
400 278
401 278
402 278
403 278
404 278
405 278
406 278
407 278
408 278
387 279
388 279
389 279
390 279
391 279
392 279
393 279
394 279
395 279
396 279
397 279
398 279
399 279
400 279
401 279
402 279
403 279
404 279
405 279
406 279
407 279
408 279
387 280
388 280
389 280
390 280
391 280
392 280
393 280
394 280
395 280
396 280
397 280
398 280
399 280
400 280
401 280
402 280
403 280
404 280
405 280
406 280
407 280
408 280
387 281
388 281
389 281
390 281
391 281
392 281
393 281
394 281
395 281
396 281
397 281
398 281
399 281
400 281
401 281
402 281
403 281
404 281
405 281
406 281
407 281
408 281
387 282
388 282
389 282
390 282
391 282
392 282
393 282
394 282
395 282
396 282
397 282
398 282
399 282
400 282
401 282
402 282
403 282
404 282
405 282
406 282
407 282
408 282
387 283
388 283
389 283
390 283
391 283
392 283
393 283
394 283
395 283
396 283
397 283
398 283
399 283
400 283
401 283
402 283
403 283
404 283
405 283
406 283
407 283
408 283
387 284
388 284
389 284
390 284
391 284
392 284
393 284
394 284
395 284
396 284
397 284
398 284
399 284
400 284
401 284
402 284
403 284
404 284
405 284
406 284
407 284
408 284
387 285
388 285
389 285
390 285
391 285
392 285
393 285
394 285
395 285
396 285
397 285
398 285
399 285
400 285
401 285
402 285
403 285
404 285
405 285
406 285
407 285
387 286
388 286
389 286
390 286
391 286
392 286
393 286
394 286
395 286
396 286
397 286
398 286
399 286
400 286
401 286
402 286
403 286
404 286
405 286
406 286
407 286
387 287
388 287
389 287
390 287
391 287
392 287
393 287
394 287
395 287
396 287
397 287
398 287
399 287
400 287
401 287
402 287
403 287
404 287
405 287
406 287
387 288
388 288
389 288
390 288
391 288
392 288
393 288
394 288
395 288
396 288
397 288
398 288
399 288
400 288
401 288
402 288
403 288
404 288
405 288
406 288
387 289
388 289
389 289
390 289
391 289
392 289
393 289
394 289
395 289
396 289
397 289
398 289
399 289
400 289
401 289
402 289
403 289
404 289
405 289
406 289
387 290
388 290
389 290
390 290
391 290
392 290
393 290
394 290
395 290
396 290
397 290
398 290
399 290
400 290
401 290
402 290
403 290
404 290
405 290
406 290
387 291
388 291
389 291
390 291
391 291
392 291
393 291
394 291
395 291
396 291
397 291
398 291
399 291
400 291
401 291
402 291
403 291
404 291
405 291
406 291
386 292
387 292
388 292
389 292
390 292
391 292
392 292
393 292
394 292
395 292
396 292
397 292
398 292
399 292
400 292
401 292
402 292
403 292
404 292
405 292
406 292
386 293
387 293
388 293
389 293
390 293
391 293
392 293
393 293
394 293
395 293
396 293
397 293
398 293
399 293
400 293
401 293
402 293
403 293
404 293
405 293
406 293
386 294
387 294
388 294
389 294
390 294
391 294
392 294
393 294
394 294
395 294
396 294
397 294
398 294
399 294
400 294
401 294
402 294
403 294
404 294
405 294
406 294
386 295
387 295
388 295
389 295
390 295
391 295
392 295
393 295
394 295
395 295
396 295
397 295
401 295
402 295
403 295
404 295
405 295
406 295
386 296
387 296
388 296
389 296
390 296
391 296
392 296
393 296
394 296
395 296
396 296
397 296
386 297
387 297
388 297
389 297
390 297
391 297
392 297
393 297
394 297
395 297
396 297
397 297
385 298
386 298
387 298
388 298
389 298
390 298
391 298
392 298
393 298
394 298
395 298
396 298
397 298
398 298
385 299
386 299
387 299
388 299
389 299
390 299
391 299
392 299
393 299
394 299
395 299
396 299
397 299
398 299
385 300
386 300
387 300
388 300
389 300
390 300
391 300
392 300
393 300
394 300
395 300
396 300
397 300
398 300
399 300
385 301
386 301
387 301
388 301
389 301
390 301
391 301
392 301
393 301
394 301
395 301
396 301
397 301
398 301
399 301
400 301
401 301
386 302
387 302
388 302
389 302
390 302
391 302
392 302
393 302
394 302
395 302
396 302
397 302
398 302
399 302
400 302
401 302
402 302
386 303
387 303
388 303
389 303
390 303
391 303
392 303
393 303
394 303
395 303
396 303
397 303
398 303
399 303
400 303
401 303
402 303
403 303
387 304
388 304
389 304
390 304
391 304
392 304
393 304
394 304
395 304
396 304
397 304
398 304
399 304
400 304
401 304
402 304
403 304
404 304
389 305
390 305
391 305
392 305
393 305
394 305
395 305
396 305
397 305
398 305
399 305
400 305
401 305
402 305
403 305
404 305
405 305
390 306
391 306
392 306
393 306
394 306
395 306
396 306
397 306
398 306
399 306
400 306
401 306
402 306
403 306
404 306
405 306
406 306
390 307
391 307
392 307
393 307
394 307
395 307
396 307
397 307
398 307
399 307
400 307
401 307
402 307
403 307
404 307
405 307
406 307
407 307
390 308
391 308
392 308
393 308
394 308
395 308
396 308
397 308
398 308
399 308
400 308
401 308
402 308
403 308
404 308
405 308
406 308
407 308
408 308
390 309
391 309
392 309
393 309
394 309
395 309
396 309
397 309
398 309
399 309
400 309
401 309
402 309
403 309
404 309
405 309
406 309
407 309
408 309
409 309
389 310
390 310
391 310
392 310
393 310
394 310
395 310
396 310
397 310
398 310
399 310
400 310
401 310
402 310
403 310
404 310
405 310
406 310
407 310
408 310
409 310
388 311
389 311
390 311
391 311
392 311
393 311
394 311
395 311
396 311
397 311
402 311
403 311
404 311
405 311
406 311
407 311
408 311
409 311
386 312
387 312
388 312
389 312
390 312
391 312
392 312
393 312
394 312
395 312
404 312
405 312
406 312
407 312
408 312
409 312
384 313
385 313
386 313
387 313
388 313
389 313
390 313
391 313
392 313
393 313
405 313
406 313
407 313
408 313
409 313
382 314
383 314
384 314
385 314
386 314
387 314
388 314
389 314
390 314
391 314
405 314
406 314
407 314
408 314
409 314
380 315
381 315
382 315
383 315
384 315
385 315
386 315
387 315
388 315
389 315
405 315
406 315
407 315
408 315
409 315
379 316
380 316
381 316
382 316
383 316
384 316
385 316
386 316
387 316
405 316
406 316
407 316
408 316
409 316
379 317
380 317
381 317
382 317
383 317
384 317
385 317
405 317
406 317
407 317
408 317
409 317
379 318
380 318
381 318
382 318
383 318
384 318
385 318
404 318
405 318
406 318
407 318
408 318
409 318
380 319
381 319
382 319
383 319
384 319
404 319
405 319
406 319
407 319
408 319
409 319
380 320
381 320
382 320
383 320
384 320
404 320
405 320
406 320
407 320
408 320
409 320
381 321
382 321
383 321
404 321
405 321
406 321
407 321
408 321
409 321
404 322
405 322
406 322
407 322
408 322
404 323
405 323
406 323
407 323
408 323
404 324
405 324
406 324
407 324
408 324
404 325
405 325
406 325
407 325
408 325
404 326
405 326
406 326
407 326
408 326
404 327
405 327
406 327
407 327
408 327
403 328
404 328
405 328
406 328
407 328
408 328
403 329
404 329
405 329
406 329
407 329
408 329
409 329
403 330
404 330
405 330
406 330
407 330
408 330
409 330
410 330
411 330
412 330
403 331
404 331
405 331
406 331
407 331
408 331
409 331
410 331
411 331
412 331
413 331
403 332
404 332
405 332
406 332
407 332
408 332
409 332
410 332
411 332
412 332
413 332
414 332
403 333
404 333
405 333
406 333
407 333
408 333
409 333
410 333
411 333
412 333
413 333
403 334
404 334
405 334
406 334
407 334
408 334
409 334
410 334
411 334
412 334

FRAME 156
398 263
396 264
397 264
398 264
399 264
400 264
401 264
396 265
397 265
398 265
399 265
400 265
401 265
395 266
396 266
397 266
398 266
399 266
400 266
401 266
402 266
395 267
396 267
397 267
398 267
399 267
400 267
401 267
402 267
395 268
396 268
397 268
398 268
399 268
400 268
401 268
402 268
395 269
396 269
397 269
398 269
399 269
400 269
401 269
402 269
395 270
396 270
397 270
398 270
399 270
400 270
401 270
402 270
408 270
396 271
397 271
398 271
399 271
400 271
401 271
402 271
406 271
407 271
408 271
409 271
396 272
397 272
398 272
399 272
400 272
401 272
402 272
405 272
406 272
407 272
408 272
409 272
395 273
396 273
397 273
398 273
399 273
400 273
401 273
402 273
404 273
405 273
406 273
407 273
408 273
409 273
410 273
394 274
395 274
396 274
397 274
398 274
399 274
400 274
401 274
402 274
404 274
405 274
406 274
407 274
408 274
409 274
410 274
411 274
393 275
394 275
395 275
396 275
397 275
398 275
399 275
400 275
401 275
402 275
403 275
404 275
405 275
406 275
407 275
408 275
409 275
410 275
411 275
392 276
393 276
394 276
395 276
396 276
397 276
398 276
399 276
400 276
401 276
402 276
403 276
404 276
405 276
406 276
407 276
408 276
409 276
410 276
411 276
412 276
391 277
392 277
393 277
394 277
395 277
396 277
397 277
398 277
399 277
400 277
401 277
402 277
403 277
404 277
405 277
407 277
408 277
409 277
410 277
411 277
412 277
413 277
391 278
392 278
393 278
394 278
395 278
396 278
397 278
398 278
399 278
400 278
401 278
402 278
403 278
404 278
405 278
407 278
408 278
409 278
410 278
411 278
412 278
413 278
391 279
392 279
393 279
394 279
395 279
396 279
397 279
398 279
399 279
400 279
401 279
402 279
403 279
404 279
405 279
406 279
407 279
408 279
409 279
410 279
411 279
412 279
413 279
391 280
392 280
393 280
394 280
395 280
396 280
397 280
398 280
399 280
400 280
401 280
402 280
403 280
404 280
405 280
406 280
407 280
408 280
409 280
410 280
411 280
412 280
391 281
392 281
393 281
394 281
395 281
396 281
397 281
398 281
399 281
400 281
401 281
402 281
403 281
404 281
405 281
406 281
407 281
408 281
409 281
410 281
411 281
412 281
391 282
392 282
393 282
394 282
395 282
396 282
397 282
398 282
399 282
400 282
401 282
402 282
403 282
404 282
405 282
406 282
407 282
408 282
409 282
410 282
411 282
412 282
391 283
392 283
393 283
394 283
395 283
396 283
397 283
398 283
399 283
400 283
401 283
402 283
403 283
404 283
405 283
406 283
407 283
408 283
409 283
410 283
411 283
412 283
391 284
392 284
393 284
394 284
395 284
396 284
397 284
398 284
399 284
400 284
401 284
402 284
403 284
404 284
405 284
406 284
407 284
408 284
409 284
410 284
411 284
412 284
391 285
392 285
393 285
394 285
395 285
396 285
397 285
398 285
399 285
400 285
401 285
402 285
403 285
404 285
405 285
406 285
407 285
408 285
409 285
410 285
411 285
391 286
392 286
393 286
394 286
395 286
396 286
397 286
398 286
399 286
400 286
401 286
402 286
403 286
404 286
405 286
406 286
407 286
408 286
409 286
410 286
411 286
391 287
392 287
393 287
394 287
395 287
396 287
397 287
398 287
399 287
400 287
401 287
402 287
403 287
404 287
405 287
406 287
407 287
408 287
409 287
410 287
411 287
391 288
392 288
393 288
394 288
395 288
396 288
397 288
398 288
399 288
400 288
401 288
402 288
403 288
404 288
405 288
406 288
407 288
408 288
409 288
410 288
411 288
391 289
392 289
393 289
394 289
395 289
396 289
397 289
398 289
399 289
400 289
401 289
402 289
403 289
404 289
405 289
406 289
407 289
408 289
409 289
410 289
411 289
391 290
392 290
393 290
394 290
395 290
396 290
397 290
398 290
399 290
400 290
401 290
402 290
403 290
404 290
405 290
406 290
407 290
408 290
409 290
410 290
411 290
390 291
391 291
392 291
393 291
394 291
395 291
396 291
397 291
398 291
399 291
400 291
401 291
402 291
403 291
404 291
405 291
406 291
407 291
408 291
409 291
410 291
411 291
390 292
391 292
392 292
393 292
394 292
395 292
396 292
397 292
398 292
399 292
400 292
401 292
402 292
403 292
404 292
405 292
406 292
407 292
408 292
409 292
410 292
411 292
390 293
391 293
392 293
393 293
394 293
395 293
396 293
397 293
398 293
399 293
400 293
401 293
402 293
404 293
405 293
406 293
407 293
408 293
409 293
410 293
411 293
390 294
391 294
392 294
393 294
394 294
395 294
396 294
397 294
398 294
399 294
400 294
401 294
406 294
407 294
408 294
409 294
410 294
390 295
391 295
392 295
393 295
394 295
395 295
396 295
397 295
398 295
399 295
400 295
390 296
391 296
392 296
393 296
394 296
395 296
396 296
397 296
398 296
399 296
400 296
389 297
390 297
391 297
392 297
393 297
394 297
395 297
396 297
397 297
398 297
399 297
400 297
401 297
389 298
390 298
391 298
392 298
393 298
394 298
395 298
396 298
397 298
398 298
399 298
400 298
401 298
389 299
390 299
391 299
392 299
393 299
394 299
395 299
396 299
397 299
398 299
399 299
400 299
401 299
402 299
389 300
390 300
391 300
392 300
393 300
394 300
395 300
396 300
397 300
398 300
399 300
400 300
401 300
402 300
403 300
389 301
390 301
391 301
392 301
393 301
394 301
395 301
396 301
397 301
398 301
399 301
400 301
401 301
402 301
403 301
404 301
390 302
391 302
392 302
393 302
394 302
395 302
396 302
397 302
398 302
399 302
400 302
401 302
402 302
403 302
404 302
405 302
391 303
392 303
393 303
394 303
395 303
396 303
397 303
398 303
399 303
400 303
401 303
402 303
403 303
404 303
405 303
406 303
391 304
392 304
393 304
394 304
395 304
396 304
397 304
398 304
399 304
400 304
401 304
402 304
403 304
404 304
405 304
406 304
407 304
393 305
394 305
395 305
396 305
397 305
398 305
399 305
400 305
401 305
402 305
403 305
404 305
405 305
406 305
407 305
395 306
396 306
397 306
398 306
399 306
400 306
401 306
402 306
403 306
404 306
405 306
406 306
407 306
408 306
409 306
396 307
397 307
398 307
399 307
400 307
401 307
402 307
403 307
404 307
405 307
406 307
407 307
408 307
409 307
410 307
397 308
398 308
399 308
400 308
401 308
402 308
403 308
404 308
405 308
406 308
407 308
408 308
409 308
410 308
411 308
396 309
397 309
398 309
399 309
400 309
401 309
402 309
403 309
404 309
405 309
406 309
407 309
408 309
409 309
410 309
411 309
395 310
396 310
397 310
398 310
399 310
400 310
401 310
402 310
403 310
404 310
405 310
406 310
407 310
408 310
409 310
410 310
411 310
395 311
396 311
397 311
398 311
399 311
400 311
401 311
402 311
405 311
406 311
407 311
408 311
409 311
410 311
411 311
412 311
394 312
395 312
396 312
397 312
398 312
399 312
400 312
406 312
407 312
408 312
409 312
410 312
411 312
412 312
393 313
394 313
395 313
396 313
397 313
398 313
399 313
407 313
408 313
409 313
410 313
411 313
412 313
391 314
392 314
393 314
394 314
395 314
396 314
397 314
398 314
407 314
408 314
409 314
410 314
411 314
412 314
390 315
391 315
392 315
393 315
394 315
395 315
396 315
407 315
408 315
409 315
410 315
411 315
390 316
391 316
392 316
393 316
394 316
395 316
407 316
408 316
409 316
410 316
411 316
389 317
390 317
391 317
392 317
393 317
394 317
395 317
406 317
407 317
408 317
409 317
410 317
411 317
388 318
389 318
390 318
391 318
392 318
393 318
394 318
406 318
407 318
408 318
409 318
410 318
411 318
387 319
388 319
389 319
390 319
391 319
392 319
393 319
394 319
406 319
407 319
408 319
409 319
410 319
411 319
388 320
389 320
390 320
391 320
392 320
393 320
394 320
405 320
406 320
407 320
408 320
409 320
410 320
388 321
389 321
390 321
391 321
392 321
393 321
394 321
405 321
406 321
407 321
408 321
409 321
410 321
390 322
391 322
392 322
393 322
394 322
405 322
406 322
407 322
408 322
409 322
410 322
391 323
392 323
393 323
394 323
405 323
406 323
407 323
408 323
409 323
410 323
393 324
394 324
405 324
406 324
407 324
408 324
409 324
404 325
405 325
406 325
407 325
408 325
409 325
404 326
405 326
406 326
407 326
408 326
409 326
404 327
405 327
406 327
407 327
408 327
404 328
405 328
406 328
407 328
408 328
403 329
404 329
405 329
406 329
407 329
408 329
409 329
403 330
404 330
405 330
406 330
407 330
408 330
409 330
410 330
411 330
412 330
403 331
404 331
405 331
406 331
407 331
408 331
409 331
410 331
411 331
412 331
413 331
403 332
404 332
405 332
406 332
407 332
408 332
409 332
410 332
411 332
412 332
413 332
414 332
403 333
404 333
405 333
406 333
407 333
408 333
409 333
410 333
411 333
412 333
413 333
414 333
403 334
404 334
405 334
406 334
407 334
408 334
409 334
410 334
411 334
412 334

FRAME 157
398 263
399 263
400 263
401 263
402 263
397 264
398 264
399 264
400 264
401 264
402 264
403 264
397 265
398 265
399 265
400 265
401 265
402 265
403 265
397 266
398 266
399 266
400 266
401 266
402 266
403 266
397 267
398 267
399 267
400 267
401 267
402 267
403 267
404 267
411 267
397 268
398 268
399 268
400 268
401 268
402 268
403 268
404 268
408 268
409 268
410 268
411 268
412 268
397 269
398 269
399 269
400 269
401 269
402 269
403 269
404 269
408 269
409 269
410 269
411 269
412 269
413 269
397 270
398 270
399 270
400 270
401 270
402 270
403 270
404 270
408 270
409 270
410 270
411 270
412 270
413 270
397 271
398 271
399 271
400 271
401 271
402 271
403 271
404 271
407 271
408 271
409 271
410 271
411 271
412 271
413 271
414 271
397 272
398 272
399 272
400 272
401 272
402 272
403 272
404 272
405 272
407 272
408 272
409 272
410 272
411 272
412 272
413 272
414 272
396 273
397 273
398 273
399 273
400 273
401 273
402 273
403 273
404 273
405 273
406 273
407 273
408 273
409 273
410 273
411 273
412 273
413 273
414 273
415 273
395 274
396 274
397 274
398 274
399 274
400 274
401 274
402 274
403 274
404 274
405 274
406 274
407 274
408 274
409 274
410 274
411 274
412 274
413 274
414 274
415 274
394 275
395 275
396 275
397 275
398 275
399 275
400 275
401 275
402 275
403 275
404 275
405 275
406 275
407 275
408 275
409 275
410 275
411 275
412 275
413 275
414 275
415 275
393 276
394 276
395 276
396 276
397 276
398 276
399 276
400 276
401 276
402 276
403 276
404 276
405 276
406 276
407 276
408 276
409 276
410 276
411 276
412 276
413 276
414 276
415 276
393 277
394 277
395 277
396 277
397 277
398 277
399 277
400 277
401 277
402 277
403 277
404 277
405 277
406 277
407 277
408 277
409 277
410 277
411 277
412 277
413 277
414 277
415 277
393 278
394 278
395 278
396 278
397 278
398 278
399 278
400 278
401 278
402 278
403 278
404 278
405 278
406 278
407 278
408 278
409 278
410 278
411 278
412 278
413 278
414 278
415 278
393 279
394 279
395 279
396 279
397 279
398 279
399 279
400 279
401 279
402 279
403 279
404 279
405 279
406 279
407 279
408 279
409 279
410 279
411 279
412 279
413 279
414 279
393 280
394 280
395 280
396 280
397 280
398 280
399 280
400 280
401 280
402 280
403 280
404 280
405 280
406 280
407 280
408 280
409 280
410 280
411 280
412 280
413 280
414 280
393 281
394 281
395 281
396 281
397 281
398 281
399 281
400 281
401 281
402 281
403 281
404 281
405 281
406 281
407 281
408 281
409 281
410 281
411 281
412 281
413 281
414 281
393 282
394 282
395 282
396 282
397 282
398 282
399 282
400 282
401 282
402 282
403 282
404 282
405 282
406 282
407 282
408 282
409 282
410 282
411 282
412 282
413 282
414 282
393 283
394 283
395 283
396 283
397 283
398 283
399 283
400 283
401 283
402 283
403 283
404 283
405 283
406 283
407 283
408 283
409 283
410 283
411 283
412 283
413 283
414 283
393 284
394 284
395 284
396 284
397 284
398 284
399 284
400 284
401 284
402 284
403 284
404 284
405 284
406 284
407 284
408 284
409 284
410 284
411 284
412 284
413 284
393 285
394 285
395 285
396 285
397 285
398 285
399 285
400 285
401 285
402 285
403 285
404 285
405 285
406 285
407 285
408 285
409 285
410 285
411 285
412 285
413 285
392 286
393 286
394 286
395 286
396 286
397 286
398 286
399 286
400 286
401 286
402 286
403 286
404 286
405 286
406 286
407 286
408 286
409 286
410 286
411 286
412 286
413 286
392 287
393 287
394 287
395 287
396 287
397 287
398 287
399 287
400 287
401 287
402 287
403 287
404 287
405 287
406 287
407 287
408 287
409 287
410 287
411 287
412 287
413 287
392 288
393 288
394 288
395 288
396 288
397 288
398 288
399 288
400 288
401 288
402 288
403 288
404 288
405 288
406 288
407 288
408 288
409 288
410 288
411 288
412 288
413 288
392 289
393 289
394 289
395 289
396 289
397 289
398 289
399 289
400 289
401 289
402 289
403 289
404 289
405 289
406 289
407 289
408 289
409 289
410 289
411 289
412 289
413 289
392 290
393 290
394 290
395 290
396 290
397 290
398 290
399 290
400 290
401 290
402 290
403 290
404 290
405 290
406 290
407 290
408 290
409 290
410 290
411 290
412 290
413 290
392 291
393 291
394 291
395 291
396 291
397 291
398 291
399 291
400 291
401 291
402 291
403 291
404 291
405 291
406 291
407 291
408 291
409 291
410 291
411 291
412 291
413 291
392 292
393 292
394 292
395 292
396 292
397 292
398 292
399 292
400 292
401 292
402 292
403 292
404 292
405 292
406 292
407 292
408 292
409 292
410 292
411 292
412 292
413 292
392 293
393 293
394 293
395 293
396 293
397 293
398 293
399 293
400 293
401 293
402 293
403 293
404 293
405 293
406 293
407 293
408 293
409 293
410 293
411 293
412 293
413 293
392 294
393 294
394 294
395 294
396 294
397 294
398 294
399 294
400 294
401 294
402 294
391 295
392 295
393 295
394 295
395 295
396 295
397 295
398 295
399 295
400 295
401 295
402 295
391 296
392 296
393 296
394 296
395 296
396 296
397 296
398 296
399 296
400 296
401 296
402 296
403 296
391 297
392 297
393 297
394 297
395 297
396 297
397 297
398 297
399 297
400 297
401 297
402 297
403 297
391 298
392 298
393 298
394 298
395 298
396 298
397 298
398 298
399 298
400 298
401 298
402 298
403 298
391 299
392 299
393 299
394 299
395 299
396 299
397 299
398 299
399 299
400 299
401 299
402 299
403 299
404 299
391 300
392 300
393 300
394 300
395 300
396 300
397 300
398 300
399 300
400 300
401 300
402 300
403 300
404 300
405 300
391 301
392 301
393 301
394 301
395 301
396 301
397 301
398 301
399 301
400 301
401 301
402 301
403 301
404 301
405 301
406 301
392 302
393 302
394 302
395 302
396 302
397 302
398 302
399 302
400 302
401 302
402 302
403 302
404 302
405 302
406 302
407 302
393 303
394 303
395 303
396 303
397 303
398 303
399 303
400 303
401 303
402 303
403 303
404 303
405 303
406 303
407 303
394 304
395 304
396 304
397 304
398 304
399 304
400 304
401 304
402 304
403 304
404 304
405 304
406 304
407 304
408 304
396 305
397 305
398 305
399 305
400 305
401 305
402 305
403 305
404 305
405 305
406 305
407 305
408 305
409 305
397 306
398 306
399 306
400 306
401 306
402 306
403 306
404 306
405 306
406 306
407 306
408 306
409 306
410 306
398 307
399 307
400 307
401 307
402 307
403 307
404 307
405 307
406 307
407 307
408 307
409 307
410 307
411 307
399 308
400 308
401 308
402 308
403 308
404 308
405 308
406 308
407 308
408 308
409 308
410 308
411 308
412 308
399 309
400 309
401 309
402 309
403 309
404 309
405 309
406 309
407 309
408 309
409 309
410 309
411 309
412 309
399 310
400 310
401 310
402 310
403 310
404 310
405 310
406 310
407 310
408 310
409 310
410 310
411 310
412 310
398 311
399 311
400 311
401 311
402 311
403 311
404 311
405 311
406 311
407 311
408 311
409 311
410 311
411 311
412 311
398 312
399 312
400 312
401 312
402 312
403 312
407 312
408 312
409 312
410 312
411 312
412 312
397 313
398 313
399 313
400 313
401 313
402 313
408 313
409 313
410 313
411 313
412 313
396 314
397 314
398 314
399 314
400 314
401 314
408 314
409 314
410 314
411 314
412 314
395 315
396 315
397 315
398 315
399 315
400 315
408 315
409 315
410 315
411 315
412 315
394 316
395 316
396 316
397 316
398 316
399 316
407 316
408 316
409 316
410 316
411 316
412 316
393 317
394 317
395 317
396 317
397 317
398 317
399 317
407 317
408 317
409 317
410 317
411 317
412 317
393 318
394 318
395 318
396 318
397 318
398 318
399 318
407 318
408 318
409 318
410 318
411 318
412 318
392 319
393 319
394 319
395 319
396 319
397 319
398 319
399 319
406 319
407 319
408 319
409 319
410 319
411 319
392 320
393 320
394 320
395 320
396 320
397 320
398 320
399 320
406 320
407 320
408 320
409 320
410 320
411 320
392 321
393 321
394 321
395 321
396 321
397 321
398 321
399 321
406 321
407 321
408 321
409 321
410 321
411 321
393 322
394 322
395 322
396 322
397 322
398 322
399 322
400 322
405 322
406 322
407 322
408 322
409 322
410 322
394 323
395 323
396 323
397 323
398 323
399 323
400 323
405 323
406 323
407 323
408 323
409 323
410 323
396 324
397 324
398 324
399 324
400 324
405 324
406 324
407 324
408 324
409 324
410 324
404 325
405 325
406 325
407 325
408 325
409 325
404 326
405 326
406 326
407 326
408 326
409 326
404 327
405 327
406 327
407 327
408 327
404 328
405 328
406 328
407 328
408 328
409 328
403 329
404 329
405 329
406 329
407 329
408 329
409 329
410 329
403 330
404 330
405 330
406 330
407 330
408 330
409 330
410 330
411 330
412 330
403 331
404 331
405 331
406 331
407 331
408 331
409 331
410 331
411 331
412 331
413 331
403 332
404 332
405 332
406 332
407 332
408 332
409 332
410 332
411 332
412 332
413 332
414 332
403 333
404 333
405 333
406 333
407 333
408 333
409 333
410 333
411 333
412 333
413 333
404 334
405 334
406 334
407 334
408 334
409 334
410 334
411 334

FRAME 159
405 261
406 261
407 261
408 261
404 262
405 262
406 262
407 262
408 262
409 262
410 262
418 262
419 262
420 262
404 263
405 263
406 263
407 263
408 263
409 263
410 263
417 263
418 263
419 263
420 263
421 263
403 264
404 264
405 264
406 264
407 264
408 264
409 264
410 264
416 264
417 264
418 264
419 264
420 264
421 264
422 264
403 265
404 265
405 265
406 265
407 265
408 265
409 265
410 265
411 265
416 265
417 265
418 265
419 265
420 265
421 265
422 265
423 265
403 266
404 266
405 266
406 266
407 266
408 266
409 266
410 266
411 266
416 266
417 266
418 266
419 266
420 266
421 266
422 266
423 266
404 267
405 267
406 267
407 267
408 267
409 267
410 267
416 267
417 267
418 267
419 267
420 267
421 267
422 267
423 267
404 268
405 268
406 268
407 268
408 268
409 268
410 268
416 268
417 268
418 268
419 268
420 268
421 268
422 268
423 268
403 269
404 269
405 269
406 269
407 269
408 269
409 269
410 269
416 269
417 269
418 269
419 269
420 269
421 269
422 269
423 269
403 270
404 270
405 270
406 270
407 270
408 270
409 270
417 270
418 270
419 270
420 270
421 270
422 270
423 270
402 271
403 271
404 271
405 271
406 271
407 271
408 271
409 271
418 271
419 271
420 271
421 271
422 271
423 271
402 272
403 272
404 272
405 272
406 272
407 272
408 272
409 272
418 272
419 272
420 272
421 272
422 272
423 272
401 273
402 273
403 273
404 273
405 273
406 273
407 273
408 273
409 273
410 273
418 273
419 273
420 273
421 273
422 273
423 273
400 274
401 274
402 274
403 274
404 274
405 274
406 274
407 274
408 274
409 274
410 274
418 274
419 274
420 274
421 274
422 274
400 275
401 275
402 275
403 275
404 275
405 275
406 275
407 275
408 275
409 275
410 275
411 275
418 275
419 275
420 275
421 275
422 275
400 276
401 276
402 276
403 276
404 276
405 276
406 276
407 276
408 276
409 276
410 276
411 276
412 276
418 276
419 276
420 276
421 276
422 276
399 277
400 277
401 277
402 277
403 277
404 277
405 277
406 277
407 277
408 277
409 277
410 277
411 277
412 277
418 277
419 277
420 277
421 277
422 277
399 278
400 278
401 278
402 278
403 278
404 278
405 278
406 278
407 278
408 278
409 278
410 278
411 278
412 278
417 278
418 278
419 278
420 278
421 278
422 278
399 279
400 279
401 279
402 279
403 279
404 279
405 279
406 279
407 279
408 279
409 279
410 279
411 279
412 279
413 279
415 279
416 279
417 279
418 279
419 279
420 279
421 279
422 279
399 280
400 280
401 280
402 280
403 280
404 280
405 280
406 280
407 280
408 280
409 280
410 280
411 280
412 280
413 280
414 280
415 280
416 280
417 280
418 280
419 280
420 280
421 280
422 280
399 281
400 281
401 281
402 281
403 281
404 281
405 281
406 281
407 281
408 281
409 281
410 281
411 281
412 281
413 281
414 281
415 281
416 281
417 281
418 281
419 281
420 281
421 281
422 281
399 282
400 282
401 282
402 282
403 282
404 282
405 282
406 282
407 282
408 282
409 282
410 282
411 282
412 282
413 282
414 282
415 282
416 282
417 282
418 282
419 282
420 282
421 282
422 282
399 283
400 283
401 283
402 283
403 283
404 283
405 283
406 283
407 283
408 283
409 283
410 283
411 283
412 283
413 283
414 283
415 283
416 283
417 283
418 283
419 283
420 283
421 283
422 283
399 284
400 284
401 284
402 284
403 284
404 284
405 284
406 284
407 284
408 284
409 284
410 284
411 284
412 284
413 284
414 284
415 284
416 284
417 284
418 284
419 284
420 284
421 284
422 284
399 285
400 285
401 285
402 285
403 285
404 285
405 285
406 285
407 285
408 285
409 285
410 285
411 285
412 285
413 285
414 285
415 285
416 285
417 285
418 285
419 285
420 285
421 285
422 285
399 286
400 286
401 286
402 286
403 286
404 286
405 286
406 286
407 286
408 286
409 286
410 286
411 286
412 286
413 286
414 286
415 286
416 286
417 286
418 286
419 286
420 286
421 286
422 286
399 287
400 287
401 287
402 287
403 287
404 287
405 287
406 287
407 287
408 287
409 287
410 287
411 287
412 287
413 287
414 287
415 287
416 287
417 287
418 287
419 287
420 287
421 287
422 287
423 287
398 288
399 288
400 288
401 288
402 288
403 288
404 288
405 288
406 288
407 288
408 288
409 288
410 288
411 288
412 288
413 288
414 288
415 288
416 288
417 288
418 288
419 288
420 288
421 288
422 288
398 289
399 289
400 289
401 289
402 289
403 289
404 289
405 289
406 289
407 289
408 289
409 289
410 289
411 289
412 289
413 289
414 289
415 289
416 289
417 289
418 289
419 289
420 289
421 289
398 290
399 290
400 290
401 290
402 290
403 290
404 290
405 290
406 290
407 290
408 290
409 290
410 290
411 290
412 290
413 290
414 290
415 290
416 290
417 290
398 291
399 291
400 291
401 291
402 291
403 291
404 291
405 291
406 291
407 291
408 291
409 291
397 292
398 292
399 292
400 292
401 292
402 292
403 292
404 292
405 292
406 292
407 292
408 292
409 292
397 293
398 293
399 293
400 293
401 293
402 293
403 293
404 293
405 293
406 293
407 293
408 293
409 293
397 294
398 294
399 294
400 294
401 294
402 294
403 294
404 294
405 294
406 294
407 294
408 294
409 294
397 295
398 295
399 295
400 295
401 295
402 295
403 295
404 295
405 295
406 295
407 295
408 295
409 295
396 296
397 296
398 296
399 296
400 296
401 296
402 296
403 296
404 296
405 296
406 296
407 296
408 296
409 296
410 296
396 297
397 297
398 297
399 297
400 297
401 297
402 297
403 297
404 297
405 297
406 297
407 297
408 297
409 297
410 297
397 298
398 298
399 298
400 298
401 298
402 298
403 298
404 298
405 298
406 298
407 298
408 298
409 298
410 298
411 298
397 299
398 299
399 299
400 299
401 299
402 299
403 299
404 299
405 299
406 299
407 299
408 299
409 299
410 299
411 299
412 299
398 300
399 300
400 300
401 300
402 300
403 300
404 300
405 300
406 300
407 300
408 300
409 300
410 300
411 300
412 300
413 300
399 301
400 301
401 301
402 301
403 301
404 301
405 301
406 301
407 301
408 301
409 301
410 301
411 301
412 301
413 301
414 301
401 302
402 302
403 302
404 302
405 302
406 302
407 302
408 302
409 302
410 302
411 302
412 302
413 302
414 302
415 302
402 303
403 303
404 303
405 303
406 303
407 303
408 303
409 303
410 303
411 303
412 303
413 303
414 303
415 303
416 303
403 304
404 304
405 304
406 304
407 304
408 304
409 304
410 304
411 304
412 304
413 304
414 304
415 304
416 304
405 305
406 305
407 305
408 305
409 305
410 305
411 305
412 305
413 305
414 305
415 305
416 305
417 305
406 306
407 306
408 306
409 306
410 306
411 306
412 306
413 306
414 306
415 306
416 306
417 306
418 306
407 307
408 307
409 307
410 307
411 307
412 307
413 307
414 307
415 307
416 307
417 307
418 307
419 307
409 308
410 308
411 308
412 308
413 308
414 308
415 308
416 308
417 308
418 308
419 308
410 309
411 309
412 309
413 309
414 309
415 309
416 309
417 309
418 309
419 309
410 310
411 310
412 310
413 310
414 310
415 310
416 310
417 310
418 310
419 310
410 311
411 311
412 311
413 311
414 311
415 311
416 311
417 311
418 311
419 311
410 312
411 312
412 312
413 312
414 312
415 312
416 312
417 312
418 312
410 313
411 313
412 313
413 313
414 313
415 313
416 313
417 313
418 313
410 314
411 314
412 314
413 314
414 314
415 314
416 314
417 314
410 315
411 315
412 315
413 315
414 315
415 315
416 315
417 315
410 316
411 316
412 316
413 316
414 316
415 316
416 316
410 317
411 317
412 317
413 317
414 317
415 317
416 317
410 318
411 318
412 318
413 318
414 318
415 318
409 319
410 319
411 319
412 319
413 319
414 319
415 319
409 320
410 320
411 320
412 320
413 320
414 320
415 320
408 321
409 321
410 321
411 321
412 321
413 321
414 321
415 321
407 322
408 322
409 322
410 322
411 322
412 322
413 322
414 322
415 322
416 322
417 322
407 323
408 323
409 323
410 323
411 323
412 323
413 323
414 323
415 323
416 323
417 323
418 323
406 324
407 324
408 324
409 324
410 324
411 324
412 324
413 324
414 324
415 324
416 324
417 324
418 324
419 324
406 325
407 325
408 325
409 325
410 325
411 325
412 325
413 325
414 325
415 325
416 325
417 325
418 325
419 325
405 326
406 326
407 326
408 326
409 326
410 326
411 326
412 326
413 326
414 326
415 326
416 326
405 327
406 327
407 327
408 327
409 327
410 327
411 327
412 327
413 327
405 328
406 328
407 328
408 328
409 328
410 328
411 328
412 328
406 329
407 329
408 329
409 329
410 329
411 329
412 329
413 329
407 330
408 330
409 330
410 330
411 330
412 330
413 330
414 330
408 331
409 331
410 331
411 331
412 331
413 331
414 331
409 332
410 332
411 332
412 332
413 332
414 332
411 333
412 333
413 333
414 333

FRAME 160
408 260
406 261
407 261
408 261
409 261
410 261
411 261
420 261
421 261
422 261
405 262
406 262
407 262
408 262
409 262
410 262
411 262
419 262
420 262
421 262
422 262
423 262
405 263
406 263
407 263
408 263
409 263
410 263
411 263
412 263
418 263
419 263
420 263
421 263
422 263
423 263
405 264
406 264
407 264
408 264
409 264
410 264
411 264
412 264
418 264
419 264
420 264
421 264
422 264
423 264
424 264
405 265
406 265
407 265
408 265
409 265
410 265
411 265
412 265
418 265
419 265
420 265
421 265
422 265
423 265
424 265
405 266
406 266
407 266
408 266
409 266
410 266
411 266
412 266
418 266
419 266
420 266
421 266
422 266
423 266
424 266
405 267
406 267
407 267
408 267
409 267
410 267
411 267
418 267
419 267
420 267
421 267
422 267
423 267
424 267
405 268
406 268
407 268
408 268
409 268
410 268
411 268
418 268
419 268
420 268
421 268
422 268
423 268
424 268
405 269
406 269
407 269
408 269
409 269
410 269
411 269
419 269
420 269
421 269
422 269
423 269
424 269
404 270
405 270
406 270
407 270
408 270
409 270
410 270
411 270
420 270
421 270
422 270
423 270
424 270
403 271
404 271
405 271
406 271
407 271
408 271
409 271
410 271
411 271
420 271
421 271
422 271
423 271
424 271
403 272
404 272
405 272
406 272
407 272
408 272
409 272
410 272
411 272
420 272
421 272
422 272
423 272
424 272
402 273
403 273
404 273
405 273
406 273
407 273
408 273
409 273
410 273
411 273
420 273
421 273
422 273
423 273
424 273
402 274
403 274
404 274
405 274
406 274
407 274
408 274
409 274
410 274
411 274
412 274
420 274
421 274
422 274
423 274
424 274
402 275
403 275
404 275
405 275
406 275
407 275
408 275
409 275
410 275
411 275
412 275
420 275
421 275
422 275
423 275
424 275
401 276
402 276
403 276
404 276
405 276
406 276
407 276
408 276
409 276
410 276
411 276
412 276
420 276
421 276
422 276
423 276
424 276
401 277
402 277
403 277
404 277
405 277
406 277
407 277
408 277
409 277
410 277
411 277
412 277
419 277
420 277
421 277
422 277
423 277
424 277
401 278
402 278
403 278
404 278
405 278
406 278
407 278
408 278
409 278
410 278
411 278
412 278
413 278
418 278
419 278
420 278
421 278
422 278
423 278
424 278
401 279
402 279
403 279
404 279
405 279
406 279
407 279
408 279
409 279
410 279
411 279
412 279
413 279
414 279
415 279
416 279
417 279
418 279
419 279
420 279
421 279
422 279
423 279
424 279
401 280
402 280
403 280
404 280
405 280
406 280
407 280
408 280
409 280
410 280
411 280
412 280
413 280
414 280
415 280
416 280
417 280
418 280
419 280
420 280
421 280
422 280
423 280
424 280
401 281
402 281
403 281
404 281
405 281
406 281
407 281
408 281
409 281
410 281
411 281
412 281
413 281
414 281
415 281
416 281
417 281
418 281
419 281
420 281
421 281
422 281
423 281
424 281
401 282
402 282
403 282
404 282
405 282
406 282
407 282
408 282
409 282
410 282
411 282
412 282
413 282
414 282
415 282
416 282
417 282
418 282
419 282
420 282
421 282
422 282
423 282
424 282
401 283
402 283
403 283
404 283
405 283
406 283
407 283
408 283
409 283
410 283
411 283
412 283
413 283
414 283
415 283
416 283
417 283
418 283
419 283
420 283
421 283
422 283
423 283
424 283
425 283
401 284
402 284
403 284
404 284
405 284
406 284
407 284
408 284
409 284
410 284
411 284
412 284
413 284
414 284
415 284
416 284
417 284
418 284
419 284
420 284
421 284
422 284
423 284
424 284
425 284
400 285
401 285
402 285
403 285
404 285
405 285
406 285
407 285
408 285
409 285
410 285
411 285
412 285
413 285
414 285
415 285
416 285
417 285
418 285
419 285
420 285
421 285
422 285
423 285
424 285
425 285
400 286
401 286
402 286
403 286
404 286
405 286
406 286
407 286
408 286
409 286
410 286
411 286
412 286
413 286
414 286
415 286
416 286
417 286
418 286
419 286
420 286
421 286
422 286
423 286
424 286
400 287
401 287
402 287
403 287
404 287
405 287
406 287
407 287
408 287
409 287
410 287
411 287
412 287
413 287
414 287
415 287
416 287
417 287
418 287
419 287
420 287
421 287
422 287
423 287
424 287
400 288
401 288
402 288
403 288
404 288
405 288
406 288
407 288
408 288
409 288
410 288
411 288
412 288
413 288
414 288
415 288
416 288
417 288
418 288
419 288
420 288
421 288
422 288
423 288
400 289
401 289
402 289
403 289
404 289
405 289
406 289
407 289
408 289
409 289
410 289
411 289
412 289
413 289
414 289
415 289
416 289
417 289
418 289
419 289
400 290
401 290
402 290
403 290
404 290
405 290
406 290
407 290
408 290
409 290
410 290
411 290
412 290
399 291
400 291
401 291
402 291
403 291
404 291
405 291
406 291
407 291
408 291
409 291
410 291
411 291
399 292
400 292
401 292
402 292
403 292
404 292
405 292
406 292
407 292
408 292
409 292
410 292
411 292
399 293
400 293
401 293
402 293
403 293
404 293
405 293
406 293
407 293
408 293
409 293
410 293
399 294
400 294
401 294
402 294
403 294
404 294
405 294
406 294
407 294
408 294
409 294
410 294
411 294
398 295
399 295
400 295
401 295
402 295
403 295
404 295
405 295
406 295
407 295
408 295
409 295
410 295
411 295
398 296
399 296
400 296
401 296
402 296
403 296
404 296
405 296
406 296
407 296
408 296
409 296
410 296
411 296
412 296
398 297
399 297
400 297
401 297
402 297
403 297
404 297
405 297
406 297
407 297
408 297
409 297
410 297
411 297
412 297
399 298
400 298
401 298
402 298
403 298
404 298
405 298
406 298
407 298
408 298
409 298
410 298
411 298
412 298
413 298
400 299
401 299
402 299
403 299
404 299
405 299
406 299
407 299
408 299
409 299
410 299
411 299
412 299
413 299
414 299
400 300
401 300
402 300
403 300
404 300
405 300
406 300
407 300
408 300
409 300
410 300
411 300
412 300
413 300
414 300
415 300
402 301
403 301
404 301
405 301
406 301
407 301
408 301
409 301
410 301
411 301
412 301
413 301
414 301
415 301
416 301
403 302
404 302
405 302
406 302
407 302
408 302
409 302
410 302
411 302
412 302
413 302
414 302
415 302
416 302
417 302
404 303
405 303
406 303
407 303
408 303
409 303
410 303
411 303
412 303
413 303
414 303
415 303
416 303
417 303
406 304
407 304
408 304
409 304
410 304
411 304
412 304
413 304
414 304
415 304
416 304
417 304
418 304
407 305
408 305
409 305
410 305
411 305
412 305
413 305
414 305
415 305
416 305
417 305
418 305
419 305
409 306
410 306
411 306
412 306
413 306
414 306
415 306
416 306
417 306
418 306
419 306
420 306
411 307
412 307
413 307
414 307
415 307
416 307
417 307
418 307
419 307
420 307
421 307
412 308
413 308
414 308
415 308
416 308
417 308
418 308
419 308
420 308
421 308
412 309
413 309
414 309
415 309
416 309
417 309
418 309
419 309
420 309
421 309
412 310
413 310
414 310
415 310
416 310
417 310
418 310
419 310
420 310
421 310
412 311
413 311
414 311
415 311
416 311
417 311
418 311
419 311
420 311
421 311
412 312
413 312
414 312
415 312
416 312
417 312
418 312
419 312
420 312
412 313
413 313
414 313
415 313
416 313
417 313
418 313
419 313
420 313
412 314
413 314
414 314
415 314
416 314
417 314
418 314
419 314
412 315
413 315
414 315
415 315
416 315
417 315
418 315
419 315
412 316
413 316
414 316
415 316
416 316
417 316
418 316
411 317
412 317
413 317
414 317
415 317
416 317
417 317
418 317
411 318
412 318
413 318
414 318
415 318
416 318
417 318
410 319
411 319
412 319
413 319
414 319
415 319
416 319
410 320
411 320
412 320
413 320
414 320
415 320
416 320
409 321
410 321
411 321
412 321
413 321
414 321
415 321
416 321
417 321
408 322
409 322
410 322
411 322
412 322
413 322
414 322
415 322
416 322
417 322
418 322
419 322
408 323
409 323
410 323
411 323
412 323
413 323
414 323
415 323
416 323
417 323
418 323
419 323
420 323
407 324
408 324
409 324
410 324
411 324
412 324
413 324
414 324
415 324
416 324
417 324
418 324
419 324
420 324
421 324
406 325
407 325
408 325
409 325
410 325
411 325
412 325
413 325
414 325
415 325
416 325
417 325
418 325
419 325
420 325
421 325
406 326
407 326
408 326
409 326
410 326
411 326
412 326
413 326
414 326
415 326
416 326
417 326
418 326
407 327
408 327
409 327
410 327
411 327
412 327
413 327
414 327
407 328
408 328
409 328
410 328
411 328
412 328
413 328
408 329
409 329
410 329
411 329
412 329
413 329
414 329
409 330
410 330
411 330
412 330
413 330
414 330
410 331
411 331
412 331
413 331
414 331
415 331
411 332
412 332
413 332
414 332
415 332
413 333
414 333

FRAME 161
425 259
426 259
410 260
411 260
412 260
413 260
414 260
424 260
425 260
426 260
409 261
410 261
411 261
412 261
413 261
414 261
423 261
424 261
425 261
426 261
427 261
409 262
410 262
411 262
412 262
413 262
414 262
415 262
423 262
424 262
425 262
426 262
427 262
428 262
408 263
409 263
410 263
411 263
412 263
413 263
414 263
415 263
423 263
424 263
425 263
426 263
427 263
428 263
408 264
409 264
410 264
411 264
412 264
413 264
414 264
415 264
423 264
424 264
425 264
426 264
427 264
428 264
408 265
409 265
410 265
411 265
412 265
413 265
414 265
415 265
423 265
424 265
425 265
426 265
427 265
428 265
408 266
409 266
410 266
411 266
412 266
413 266
414 266
415 266
423 266
424 266
425 266
426 266
427 266
428 266
408 267
409 267
410 267
411 267
412 267
413 267
414 267
423 267
424 267
425 267
426 267
427 267
428 267
408 268
409 268
410 268
411 268
412 268
413 268
414 268
423 268
424 268
425 268
426 268
427 268
428 268
408 269
409 269
410 269
411 269
412 269
413 269
414 269
424 269
425 269
426 269
427 269
428 269
407 270
408 270
409 270
410 270
411 270
412 270
413 270
424 270
425 270
426 270
427 270
428 270
406 271
407 271
408 271
409 271
410 271
411 271
412 271
413 271
414 271
425 271
426 271
427 271
428 271
406 272
407 272
408 272
409 272
410 272
411 272
412 272
413 272
414 272
425 272
426 272
427 272
428 272
405 273
406 273
407 273
408 273
409 273
410 273
411 273
412 273
413 273
414 273
425 273
426 273
427 273
428 273
405 274
406 274
407 274
408 274
409 274
410 274
411 274
412 274
413 274
414 274
415 274
425 274
426 274
427 274
428 274
405 275
406 275
407 275
408 275
409 275
410 275
411 275
412 275
413 275
414 275
415 275
424 275
425 275
426 275
427 275
428 275
404 276
405 276
406 276
407 276
408 276
409 276
410 276
411 276
412 276
413 276
414 276
415 276
416 276
424 276
425 276
426 276
427 276
428 276
404 277
405 277
406 277
407 277
408 277
409 277
410 277
411 277
412 277
413 277
414 277
415 277
416 277
417 277
423 277
424 277
425 277
426 277
427 277
428 277
404 278
405 278
406 278
407 278
408 278
409 278
410 278
411 278
412 278
413 278
414 278
415 278
416 278
417 278
418 278
419 278
420 278
421 278
422 278
423 278
424 278
425 278
426 278
427 278
428 278
404 279
405 279
406 279
407 279
408 279
409 279
410 279
411 279
412 279
413 279
414 279
415 279
416 279
417 279
418 279
419 279
420 279
421 279
422 279
423 279
424 279
425 279
426 279
427 279
428 279
429 279
404 280
405 280
406 280
407 280
408 280
409 280
410 280
411 280
412 280
413 280
414 280
415 280
416 280
417 280
418 280
419 280
420 280
421 280
422 280
423 280
424 280
425 280
426 280
427 280
428 280
429 280
404 281
405 281
406 281
407 281
408 281
409 281
410 281
411 281
412 281
413 281
414 281
415 281
416 281
417 281
418 281
419 281
420 281
421 281
422 281
423 281
424 281
425 281
426 281
427 281
428 281
429 281
403 282
404 282
405 282
406 282
407 282
408 282
409 282
410 282
411 282
412 282
413 282
414 282
415 282
416 282
417 282
418 282
419 282
420 282
421 282
422 282
423 282
424 282
425 282
426 282
427 282
428 282
429 282
403 283
404 283
405 283
406 283
407 283
408 283
409 283
410 283
411 283
412 283
413 283
414 283
415 283
416 283
417 283
418 283
419 283
420 283
421 283
422 283
423 283
424 283
425 283
426 283
427 283
428 283
429 283
403 284
404 284
405 284
406 284
407 284
408 284
409 284
410 284
411 284
412 284
413 284
414 284
415 284
416 284
417 284
418 284
419 284
420 284
421 284
422 284
423 284
424 284
425 284
426 284
427 284
428 284
429 284
403 285
404 285
405 285
406 285
407 285
408 285
409 285
410 285
411 285
412 285
413 285
414 285
415 285
416 285
417 285
418 285
419 285
420 285
421 285
422 285
423 285
424 285
425 285
426 285
427 285
428 285
403 286
404 286
405 286
406 286
407 286
408 286
409 286
410 286
411 286
412 286
413 286
414 286
415 286
416 286
417 286
418 286
419 286
420 286
421 286
422 286
423 286
424 286
425 286
426 286
403 287
404 287
405 287
406 287
407 287
408 287
409 287
410 287
411 287
412 287
413 287
414 287
415 287
416 287
417 287
418 287
419 287
420 287
421 287
422 287
423 287
403 288
404 288
405 288
406 288
407 288
408 288
409 288
410 288
411 288
412 288
413 288
414 288
415 288
416 288
417 288
418 288
419 288
420 288
421 288
403 289
404 289
405 289
406 289
407 289
408 289
409 289
410 289
411 289
412 289
413 289
414 289
402 290
403 290
404 290
405 290
406 290
407 290
408 290
409 290
410 290
411 290
412 290
413 290
402 291
403 291
404 291
405 291
406 291
407 291
408 291
409 291
410 291
411 291
412 291
413 291
402 292
403 292
404 292
405 292
406 292
407 292
408 292
409 292
410 292
411 292
412 292
413 292
402 293
403 293
404 293
405 293
406 293
407 293
408 293
409 293
410 293
411 293
412 293
413 293
401 294
402 294
403 294
404 294
405 294
406 294
407 294
408 294
409 294
410 294
411 294
412 294
413 294
414 294
401 295
402 295
403 295
404 295
405 295
406 295
407 295
408 295
409 295
410 295
411 295
412 295
413 295
414 295
401 296
402 296
403 296
404 296
405 296
406 296
407 296
408 296
409 296
410 296
411 296
412 296
413 296
414 296
415 296
416 296
402 297
403 297
404 297
405 297
406 297
407 297
408 297
409 297
410 297
411 297
412 297
413 297
414 297
415 297
416 297
402 298
403 298
404 298
405 298
406 298
407 298
408 298
409 298
410 298
411 298
412 298
413 298
414 298
415 298
416 298
417 298
418 298
403 299
404 299
405 299
406 299
407 299
408 299
409 299
410 299
411 299
412 299
413 299
414 299
415 299
416 299
417 299
418 299
419 299
404 300
405 300
406 300
407 300
408 300
409 300
410 300
411 300
412 300
413 300
414 300
415 300
416 300
417 300
418 300
419 300
420 300
405 301
406 301
407 301
408 301
409 301
410 301
411 301
412 301
413 301
414 301
415 301
416 301
417 301
418 301
419 301
420 301
421 301
407 302
408 302
409 302
410 302
411 302
412 302
413 302
414 302
415 302
416 302
417 302
418 302
419 302
420 302
421 302
422 302
408 303
409 303
410 303
411 303
412 303
413 303
414 303
415 303
416 303
417 303
418 303
419 303
420 303
421 303
422 303
423 303
410 304
411 304
412 304
413 304
414 304
415 304
416 304
417 304
418 304
419 304
420 304
421 304
422 304
423 304
424 304
412 305
413 305
414 305
415 305
416 305
417 305
418 305
419 305
420 305
421 305
422 305
423 305
424 305
413 306
414 306
415 306
416 306
417 306
418 306
419 306
420 306
421 306
422 306
423 306
424 306
414 307
415 307
416 307
417 307
418 307
419 307
420 307
421 307
422 307
423 307
424 307
425 307
414 308
415 308
416 308
417 308
418 308
419 308
420 308
421 308
422 308
423 308
424 308
414 309
415 309
416 309
417 309
418 309
419 309
420 309
421 309
422 309
423 309
424 309
414 310
415 310
416 310
417 310
418 310
419 310
420 310
421 310
422 310
423 310
424 310
414 311
415 311
416 311
417 311
418 311
419 311
420 311
421 311
422 311
423 311
413 312
414 312
415 312
416 312
417 312
418 312
419 312
420 312
421 312
422 312
423 312
413 313
414 313
415 313
416 313
417 313
418 313
419 313
420 313
421 313
422 313
413 314
414 314
415 314
416 314
417 314
418 314
419 314
420 314
421 314
413 315
414 315
415 315
416 315
417 315
418 315
419 315
420 315
421 315
413 316
414 316
415 316
416 316
417 316
418 316
419 316
420 316
412 317
413 317
414 317
415 317
416 317
417 317
418 317
419 317
420 317
412 318
413 318
414 318
415 318
416 318
417 318
418 318
412 319
413 319
414 319
415 319
416 319
417 319
418 319
411 320
412 320
413 320
414 320
415 320
416 320
417 320
418 320
411 321
412 321
413 321
414 321
415 321
416 321
417 321
418 321
410 322
411 322
412 322
413 322
414 322
415 322
416 322
417 322
418 322
419 322
420 322
410 323
411 323
412 323
413 323
414 323
415 323
416 323
417 323
418 323
419 323
420 323
421 323
409 324
410 324
411 324
412 324
413 324
414 324
415 324
416 324
417 324
418 324
419 324
420 324
421 324
409 325
410 325
411 325
412 325
413 325
414 325
415 325
416 325
417 325
418 325
419 325
420 325
421 325
410 326
411 326
412 326
413 326
414 326
415 326
416 326
417 326
418 326
419 326
420 326
411 327
412 327
413 327
414 327
415 327
416 327
417 327
418 327
412 328
413 328
414 328
415 328
416 328
417 328
418 328
413 329
414 329
415 329
416 329
417 329
418 329
419 329
414 330
415 330
416 330
417 330
418 330
419 330
415 331
416 331
417 331
418 331
419 331

FRAME 177
298 60
297 61
298 61
299 61
297 62
298 62
299 62
300 62
296 63
297 63
298 63
299 63
300 63
296 64
297 64
298 64
299 64
300 64
296 65
297 65
298 65
299 65
300 65
301 65
296 66
297 66
298 66
299 66
300 66
301 66
295 67
296 67
297 67
298 67
299 67
300 67
301 67
302 67
294 68
295 68
296 68
297 68
298 68
299 68
300 68
301 68
302 68
303 68
293 69
294 69
295 69
296 69
297 69
298 69
299 69
300 69
301 69
302 69
303 69
304 69
293 70
294 70
295 70
296 70
297 70
298 70
299 70
300 70
301 70
302 70
303 70
304 70
293 71
294 71
295 71
296 71
297 71
298 71
299 71
300 71
301 71
302 71
303 71
304 71
305 71
293 72
294 72
295 72
296 72
297 72
298 72
299 72
300 72
301 72
302 72
303 72
304 72
305 72
293 73
294 73
295 73
296 73
297 73
298 73
299 73
300 73
301 73
302 73
303 73
304 73
305 73
293 74
294 74
295 74
296 74
297 74
298 74
299 74
300 74
301 74
302 74
303 74
304 74
305 74
293 75
294 75
295 75
296 75
297 75
298 75
299 75
300 75
301 75
302 75
303 75
304 75
305 75
293 76
294 76
295 76
296 76
297 76
298 76
299 76
300 76
301 76
302 76
303 76
304 76
305 76
293 77
294 77
295 77
296 77
297 77
298 77
299 77
300 77
301 77
302 77
303 77
304 77
305 77
293 78
294 78
295 78
296 78
297 78
298 78
299 78
300 78
301 78
302 78
303 78
304 78
293 79
294 79
295 79
296 79
297 79
298 79
299 79
300 79
301 79
302 79
303 79
304 79
293 80
294 80
295 80
296 80
297 80
298 80
299 80
300 80
301 80
302 80
303 80
304 80
294 81
295 81
296 81
297 81
298 81
299 81
300 81
301 81
302 81
303 81
304 81
305 81
294 82
295 82
296 82
297 82
298 82
299 82
300 82
301 82
302 82
303 82
304 82
305 82
293 83
294 83
295 83
296 83
297 83
298 83
299 83
300 83
301 83
302 83
303 83
304 83
305 83
293 84
294 84
295 84
296 84
297 84
298 84
299 84
300 84
301 84
302 84
303 84
304 84
305 84
306 84
293 85
294 85
295 85
296 85
297 85
298 85
299 85
302 85
303 85
304 85
305 85
306 85
292 86
293 86
294 86
295 86
296 86
297 86
303 86
304 86
305 86
306 86
307 86
292 87
293 87
294 87
295 87
296 87
303 87
304 87
305 87
306 87
307 87
291 88
292 88
293 88
294 88
295 88
296 88
304 88
305 88
306 88
307 88
308 88
291 89
292 89
293 89
294 89
295 89
304 89
305 89
306 89
307 89
308 89
291 90
292 90
293 90
294 90
295 90
305 90
306 90
307 90
308 90
309 90
291 91
292 91
293 91
294 91
306 91
307 91
308 91
309 91
290 92
291 92
292 92
293 92
306 92
307 92
308 92
309 92
290 93
291 93
292 93
293 93
307 93
308 93
309 93
310 93
290 94
291 94
292 94
307 94
308 94
309 94
310 94
289 95
290 95
291 95
292 95
308 95
309 95
310 95
311 95
289 96
290 96
291 96
309 96
310 96
311 96
288 97
289 97
290 97
291 97
309 97
310 97
311 97
288 98
289 98
290 98
309 98
310 98
311 98
312 98
287 99
288 99
289 99
290 99
309 99
310 99
311 99
312 99
286 100
287 100
288 100
289 100
290 100
309 100
310 100
311 100
312 100
286 101
287 101
288 101
289 101
310 101
311 101
312 101
285 102
286 102
287 102
288 102
289 102
310 102
311 102
286 103
287 103

FRAME 178
298 60
299 60
297 61
298 61
299 61
300 61
297 62
298 62
299 62
300 62
301 62
297 63
298 63
299 63
300 63
301 63
297 64
298 64
299 64
300 64
301 64
297 65
298 65
299 65
300 65
301 65
302 65
296 66
297 66
298 66
299 66
300 66
301 66
302 66
303 66
296 67
297 67
298 67
299 67
300 67
301 67
302 67
303 67
304 67
295 68
296 68
297 68
298 68
299 68
300 68
301 68
302 68
303 68
304 68
294 69
295 69
296 69
297 69
298 69
299 69
300 69
301 69
302 69
303 69
304 69
305 69
294 70
295 70
296 70
297 70
298 70
299 70
300 70
301 70
302 70
303 70
304 70
305 70
294 71
295 71
296 71
297 71
298 71
299 71
300 71
301 71
302 71
303 71
304 71
305 71
294 72
295 72
296 72
297 72
298 72
299 72
300 72
301 72
302 72
303 72
304 72
305 72
306 72
294 73
295 73
296 73
297 73
298 73
299 73
300 73
301 73
302 73
303 73
304 73
305 73
306 73
294 74
295 74
296 74
297 74
298 74
299 74
300 74
301 74
302 74
303 74
304 74
305 74
306 74
294 75
295 75
296 75
297 75
298 75
299 75
300 75
301 75
302 75
303 75
304 75
305 75
306 75
294 76
295 76
296 76
297 76
298 76
299 76
300 76
301 76
302 76
303 76
304 76
305 76
306 76
294 77
295 77
296 77
297 77
298 77
299 77
300 77
301 77
302 77
303 77
304 77
305 77
306 77
294 78
295 78
296 78
297 78
298 78
299 78
300 78
301 78
302 78
303 78
304 78
305 78
306 78
294 79
295 79
296 79
297 79
298 79
299 79
300 79
301 79
302 79
303 79
304 79
305 79
306 79
294 80
295 80
296 80
297 80
298 80
299 80
300 80
301 80
302 80
303 80
304 80
305 80
306 80
294 81
295 81
296 81
297 81
298 81
299 81
300 81
301 81
302 81
303 81
304 81
305 81
306 81
294 82
295 82
296 82
297 82
298 82
299 82
300 82
301 82
302 82
303 82
304 82
305 82
306 82
294 83
295 83
296 83
297 83
298 83
299 83
300 83
301 83
302 83
303 83
304 83
305 83
306 83
294 84
295 84
296 84
297 84
298 84
299 84
300 84
302 84
303 84
304 84
305 84
306 84
307 84
293 85
294 85
295 85
296 85
297 85
298 85
299 85
303 85
304 85
305 85
306 85
307 85
293 86
294 86
295 86
296 86
297 86
298 86
304 86
305 86
306 86
307 86
308 86
293 87
294 87
295 87
296 87
297 87
304 87
305 87
306 87
307 87
308 87
292 88
293 88
294 88
295 88
296 88
305 88
306 88
307 88
308 88
292 89
293 89
294 89
295 89
296 89
305 89
306 89
307 89
308 89
309 89
292 90
293 90
294 90
295 90
306 90
307 90
308 90
309 90
291 91
292 91
293 91
294 91
295 91
306 91
307 91
308 91
309 91
310 91
291 92
292 92
293 92
294 92
307 92
308 92
309 92
310 92
291 93
292 93
293 93
307 93
308 93
309 93
310 93
291 94
292 94
293 94
308 94
309 94
310 94
290 95
291 95
292 95
293 95
308 95
309 95
310 95
311 95
290 96
291 96
292 96
309 96
310 96
311 96
290 97
291 97
292 97
309 97
310 97
311 97
289 98
290 98
291 98
292 98
310 98
311 98
312 98
289 99
290 99
291 99
292 99
310 99
311 99
312 99
288 100
289 100
290 100
291 100
310 100
311 100
312 100
288 101
289 101
290 101
291 101
310 101
311 101
312 101
287 102
288 102
289 102
290 102
310 102
311 102
288 103
289 103

FRAME 179
300 59
301 59
302 59
299 60
300 60
301 60
302 60
299 61
300 61
301 61
302 61
299 62
300 62
301 62
302 62
303 62
299 63
300 63
301 63
302 63
303 63
299 64
300 64
301 64
302 64
303 64
298 65
299 65
300 65
301 65
302 65
303 65
304 65
297 66
298 66
299 66
300 66
301 66
302 66
303 66
304 66
305 66
306 66
296 67
297 67
298 67
299 67
300 67
301 67
302 67
303 67
304 67
305 67
306 67
296 68
297 68
298 68
299 68
300 68
301 68
302 68
303 68
304 68
305 68
306 68
307 68
296 69
297 69
298 69
299 69
300 69
301 69
302 69
303 69
304 69
305 69
306 69
307 69
295 70
296 70
297 70
298 70
299 70
300 70
301 70
302 70
303 70
304 70
305 70
306 70
307 70
295 71
296 71
297 71
298 71
299 71
300 71
301 71
302 71
303 71
304 71
305 71
306 71
307 71
295 72
296 72
297 72
298 72
299 72
300 72
301 72
302 72
303 72
304 72
305 72
306 72
307 72
308 72
295 73
296 73
297 73
298 73
299 73
300 73
301 73
302 73
303 73
304 73
305 73
306 73
307 73
308 73
295 74
296 74
297 74
298 74
299 74
300 74
301 74
302 74
303 74
304 74
305 74
306 74
307 74
308 74
295 75
296 75
297 75
298 75
299 75
300 75
301 75
302 75
303 75
304 75
305 75
306 75
307 75
295 76
296 76
297 76
298 76
299 76
300 76
301 76
302 76
303 76
304 76
305 76
306 76
307 76
296 77
297 77
298 77
299 77
300 77
301 77
302 77
303 77
304 77
305 77
306 77
307 77
296 78
297 78
298 78
299 78
300 78
301 78
302 78
303 78
304 78
305 78
306 78
307 78
296 79
297 79
298 79
299 79
300 79
301 79
302 79
303 79
304 79
305 79
306 79
307 79
296 80
297 80
298 80
299 80
300 80
301 80
302 80
303 80
304 80
305 80
306 80
307 80
308 80
296 81
297 81
298 81
299 81
300 81
301 81
302 81
303 81
304 81
305 81
306 81
307 81
308 81
296 82
297 82
298 82
299 82
300 82
301 82
302 82
303 82
304 82
305 82
306 82
307 82
308 82
295 83
296 83
297 83
298 83
299 83
300 83
301 83
302 83
303 83
304 83
305 83
306 83
307 83
308 83
295 84
296 84
297 84
298 84
299 84
300 84
304 84
305 84
306 84
307 84
308 84
295 85
296 85
297 85
298 85
299 85
305 85
306 85
307 85
308 85
309 85
294 86
295 86
296 86
297 86
298 86
305 86
306 86
307 86
308 86
309 86
294 87
295 87
296 87
297 87
298 87
306 87
307 87
308 87
309 87
294 88
295 88
296 88
297 88
306 88
307 88
308 88
309 88
294 89
295 89
296 89
297 89
306 89
307 89
308 89
309 89
310 89
294 90
295 90
296 90
297 90
307 90
308 90
309 90
310 90
294 91
295 91
296 91
307 91
308 91
309 91
310 91
294 92
295 92
296 92
308 92
309 92
310 92
311 92
294 93
295 93
296 93
308 93
309 93
310 93
311 93
294 94
295 94
296 94
308 94
309 94
310 94
311 94
293 95
294 95
295 95
296 95
309 95
310 95
311 95
293 96
294 96
295 96
309 96
310 96
311 96
293 97
294 97
295 97
310 97
311 97
312 97
293 98
294 98
295 98
310 98
311 98
312 98
293 99
294 99
295 99
310 99
311 99
312 99
292 100
293 100
294 100
295 100
310 100
311 100
312 100
292 101
293 101
294 101
295 101
310 101
311 101
312 101
292 102
293 102
294 102
310 102
311 102

FRAME 206
368 56
369 56
366 57
367 57
368 57
369 57
370 57
365 58
366 58
367 58
368 58
369 58
370 58
371 58
364 59
365 59
366 59
367 59
368 59
369 59
370 59
371 59
364 60
365 60
366 60
367 60
368 60
369 60
370 60
371 60
363 61
364 61
365 61
366 61
367 61
368 61
369 61
370 61
371 61
362 62
363 62
364 62
365 62
366 62
367 62
368 62
369 62
370 62
371 62
360 63
361 63
362 63
363 63
364 63
365 63
366 63
367 63
368 63
369 63
370 63
371 63
360 64
361 64
362 64
363 64
364 64
365 64
366 64
367 64
368 64
369 64
370 64
371 64
359 65
360 65
361 65
362 65
363 65
364 65
365 65
366 65
367 65
368 65
369 65
370 65
371 65
358 66
359 66
360 66
361 66
362 66
363 66
364 66
365 66
366 66
367 66
368 66
369 66
370 66
371 66
372 66
358 67
359 67
360 67
361 67
362 67
363 67
364 67
365 67
366 67
367 67
368 67
369 67
370 67
371 67
372 67
373 67
358 68
359 68
360 68
361 68
362 68
363 68
364 68
365 68
366 68
367 68
368 68
369 68
370 68
371 68
372 68
373 68
358 69
359 69
360 69
361 69
362 69
363 69
364 69
365 69
366 69
367 69
368 69
369 69
370 69
371 69
372 69
373 69
357 70
358 70
359 70
360 70
361 70
362 70
363 70
364 70
365 70
366 70
367 70
368 70
369 70
370 70
371 70
372 70
373 70
357 71
358 71
359 71
360 71
361 71
362 71
363 71
364 71
365 71
366 71
367 71
368 71
369 71
370 71
371 71
372 71
373 71
357 72
358 72
359 72
360 72
361 72
362 72
363 72
364 72
365 72
367 72
368 72
369 72
370 72
371 72
356 73
357 73
358 73
359 73
360 73
361 73
362 73
363 73
364 73
368 73
369 73
356 74
357 74
358 74
359 74
360 74
361 74
362 74
363 74
364 74
356 75
357 75
358 75
359 75
360 75
361 75
362 75
363 75
356 76
357 76
358 76
359 76
360 76
361 76
362 76
363 76
364 76
356 77
357 77
358 77
359 77
360 77
361 77
362 77
363 77
364 77
365 77
356 78
357 78
358 78
359 78
360 78
361 78
362 78
363 78
364 78
365 78
366 78
356 79
357 79
358 79
359 79
360 79
361 79
362 79
363 79
364 79
365 79
366 79
367 79
356 80
357 80
358 80
359 80
360 80
361 80
362 80
363 80
364 80
365 80
366 80
367 80
356 81
357 81
358 81
359 81
360 81
361 81
362 81
363 81
364 81
365 81
366 81
367 81
368 81
356 82
357 82
358 82
359 82
360 82
361 82
362 82
363 82
364 82
365 82
366 82
367 82
368 82
356 83
357 83
358 83
359 83
360 83
361 83
362 83
363 83
364 83
365 83
366 83
367 83
368 83
355 84
356 84
357 84
358 84
359 84
360 84
361 84
362 84
363 84
364 84
365 84
366 84
367 84
354 85
355 85
356 85
357 85
358 85
359 85
360 85
361 85
362 85
363 85
364 85
365 85
366 85
353 86
354 86
355 86
356 86
357 86
358 86
359 86
360 86
361 86
362 86
363 86
364 86
365 86
352 87
353 87
354 87
355 87
356 87
357 87
358 87
359 87
360 87
361 87
362 87
363 87
364 87
365 87
351 88
352 88
353 88
354 88
355 88
356 88
357 88
359 88
360 88
361 88
362 88
363 88
364 88
349 89
350 89
351 89
352 89
353 89
354 89
355 89
356 89
360 89
361 89
362 89
363 89
364 89
347 90
348 90
349 90
350 90
351 90
352 90
353 90
354 90
360 90
361 90
362 90
363 90
364 90
346 91
347 91
348 91
349 91
350 91
351 91
352 91
360 91
361 91
362 91
363 91
364 91
345 92
346 92
347 92
348 92
349 92
350 92
360 92
361 92
362 92
363 92
364 92
344 93
345 93
346 93
347 93
348 93
349 93
360 93
361 93
362 93
363 93
364 93
344 94
345 94
346 94
347 94
348 94
361 94
362 94
363 94
364 94
345 95
346 95
347 95
348 95
362 95
363 95
345 96
346 96
347 96
348 96
345 97
346 97
347 97

FRAME 208
372 57
373 57
374 57
375 57
376 57
371 58
372 58
373 58
374 58
375 58
376 58
377 58
370 59
371 59
372 59
373 59
374 59
375 59
376 59
377 59
370 60
371 60
372 60
373 60
374 60
375 60
376 60
377 60
378 60
368 61
369 61
370 61
371 61
372 61
373 61
374 61
375 61
376 61
377 61
368 62
369 62
370 62
371 62
372 62
373 62
374 62
375 62
376 62
377 62
367 63
368 63
369 63
370 63
371 63
372 63
373 63
374 63
375 63
376 63
367 64
368 64
369 64
370 64
371 64
372 64
373 64
374 64
375 64
376 64
366 65
367 65
368 65
369 65
370 65
371 65
372 65
373 65
374 65
375 65
376 65
377 65
378 65
365 66
366 66
367 66
368 66
369 66
370 66
371 66
372 66
373 66
374 66
375 66
376 66
377 66
378 66
379 66
365 67
366 67
367 67
368 67
369 67
370 67
371 67
372 67
373 67
374 67
375 67
376 67
377 67
378 67
379 67
365 68
366 68
367 68
368 68
369 68
370 68
371 68
372 68
373 68
374 68
375 68
376 68
377 68
378 68
379 68
364 69
365 69
366 69
367 69
368 69
369 69
370 69
371 69
372 69
373 69
374 69
375 69
376 69
377 69
378 69
379 69
364 70
365 70
366 70
367 70
368 70
369 70
370 70
371 70
372 70
373 70
374 70
375 70
376 70
377 70
378 70
364 71
365 71
366 71
367 71
368 71
369 71
370 71
371 71
372 71
373 71
374 71
375 71
376 71
377 71
363 72
364 72
365 72
366 72
367 72
368 72
369 72
370 72
371 72
372 72
373 72
374 72
375 72
363 73
364 73
365 73
366 73
367 73
368 73
369 73
370 73
371 73
363 74
364 74
365 74
366 74
367 74
368 74
369 74
370 74
371 74
363 75
364 75
365 75
366 75
367 75
368 75
369 75
370 75
363 76
364 76
365 76
366 76
367 76
368 76
369 76
370 76
363 77
364 77
365 77
366 77
367 77
368 77
369 77
370 77
371 77
363 78
364 78
365 78
366 78
367 78
368 78
369 78
370 78
371 78
364 79
365 79
366 79
367 79
368 79
369 79
370 79
371 79
372 79
364 80
365 80
366 80
367 80
368 80
369 80
370 80
371 80
372 80
364 81
365 81
366 81
367 81
368 81
369 81
370 81
371 81
372 81
373 81
364 82
365 82
366 82
367 82
368 82
369 82
370 82
371 82
372 82
373 82
364 83
365 83
366 83
367 83
368 83
369 83
370 83
371 83
372 83
373 83
363 84
364 84
365 84
366 84
367 84
368 84
369 84
370 84
371 84
372 84
373 84
362 85
363 85
364 85
365 85
366 85
367 85
368 85
369 85
370 85
371 85
372 85
360 86
361 86
362 86
363 86
364 86
365 86
366 86
367 86
368 86
369 86
370 86
371 86
372 86
357 87
358 87
359 87
360 87
361 87
362 87
363 87
364 87
365 87
366 87
367 87
368 87
369 87
370 87
371 87
355 88
356 88
357 88
358 88
359 88
360 88
361 88
362 88
363 88
364 88
365 88
366 88
367 88
368 88
369 88
370 88
371 88
354 89
355 89
356 89
357 89
358 89
359 89
360 89
361 89
362 89
363 89
364 89
366 89
367 89
368 89
369 89
370 89
353 90
354 90
355 90
356 90
357 90
358 90
359 90
360 90
367 90
368 90
369 90
370 90
353 91
354 91
355 91
356 91
367 91
368 91
369 91
370 91
353 92
354 92
355 92
367 92
368 92
369 92
370 92
353 93
354 93
367 93
368 93
369 93
370 93
353 94
367 94
368 94
369 94
370 94
371 94
367 95
368 95
369 95
370 95
371 95
367 96
368 96
369 96
370 96
