# class=tennis player with racket
# object_index=2

FRAME 0
386 76
387 76
388 76
389 76
406 76
407 76
408 76
409 76
386 77
387 77
388 77
389 77
404 77
405 77
406 77
407 77
408 77
409 77
386 78
387 78
388 78
389 78
390 78
404 78
405 78
406 78
407 78
408 78
409 78
410 78
386 79
387 79
388 79
389 79
390 79
403 79
404 79
405 79
406 79
407 79
408 79
409 79
410 79
386 80
387 80
388 80
389 80
390 80
402 80
403 80
404 80
405 80
406 80
407 80
408 80
409 80
386 81
387 81
388 81
389 81
390 81
399 81
400 81
401 81
402 81
403 81
404 81
405 81
406 81
407 81
408 81
409 81
386 82
387 82
388 82
389 82
390 82
397 82
398 82
399 82
400 82
401 82
402 82
403 82
404 82
405 82
406 82
407 82
408 82
409 82
386 83
387 83
388 83
389 83
390 83
396 83
397 83
398 83
399 83
400 83
401 83
402 83
403 83
404 83
405 83
406 83
407 83
408 83
409 83
413 83
414 83
415 83
387 84
388 84
389 84
390 84
395 84
396 84
397 84
398 84
399 84
400 84
401 84
402 84
403 84
404 84
405 84
406 84
407 84
408 84
409 84
412 84
413 84
414 84
387 85
388 85
389 85
390 85
394 85
395 85
396 85
397 85
398 85
399 85
400 85
401 85
402 85
403 85
404 85
405 85
406 85
407 85
408 85
409 85
410 85
411 85
412 85
413 85
414 85
387 86
388 86
389 86
390 86
391 86
392 86
393 86
394 86
395 86
396 86
397 86
398 86
399 86
400 86
401 86
402 86
403 86
404 86
405 86
406 86
407 86
408 86
409 86
410 86
411 86
412 86
413 86
414 86
387 87
388 87
389 87
390 87
391 87
392 87
393 87
394 87
395 87
396 87
397 87
398 87
399 87
400 87
401 87
402 87
403 87
404 87
405 87
406 87
407 87
408 87
409 87
410 87
411 87
412 87
413 87
387 88
388 88
389 88
390 88
391 88
392 88
393 88
394 88
395 88
396 88
397 88
398 88
399 88
400 88
401 88
402 88
403 88
404 88
405 88
406 88
407 88
408 88
409 88
410 88
411 88
412 88
387 89
388 89
389 89
390 89
391 89
392 89
393 89
394 89
395 89
396 89
397 89
398 89
399 89
400 89
401 89
402 89
403 89
404 89
405 89
406 89
407 89
408 89
409 89
410 89
411 89
387 90
388 90
389 90
390 90
391 90
392 90
393 90
394 90
395 90
396 90
397 90
398 90
399 90
400 90
401 90
402 90
403 90
404 90
405 90
406 90
407 90
408 90
409 90
388 91
389 91
390 91
391 91
392 91
393 91
394 91
395 91
396 91
397 91
398 91
399 91
400 91
401 91
402 91
403 91
404 91
405 91
393 92
394 92
395 92
396 92
397 92
398 92
399 92
400 92
401 92
402 92
403 92
396 93
397 93
398 93
399 93
400 93
401 93
402 93
403 93
397 94
398 94
399 94
400 94
401 94
402 94
403 94
398 95
399 95
400 95
401 95
402 95
398 96
399 96
400 96
401 96
402 96
398 97
399 97
400 97
401 97
402 97
398 98
399 98
400 98
401 98
402 98
398 99
399 99
400 99
401 99
402 99
398 100
399 100
400 100
401 100
402 100
399 101
400 101
401 101
402 101
399 102
400 102
401 102
402 102
399 103
400 103
401 103
402 103
398 104
399 104
400 104
401 104
402 104
398 105
399 105
400 105
401 105
398 106
399 106
400 106
401 106
398 107
399 107
400 107
401 107
398 108
399 108
400 108
401 108
398 109
399 109
400 109
398 110
399 110
400 110
398 111
399 111
400 111
398 112
399 112
400 112
397 113
398 113
399 113
400 113
398 114
399 114
400 114

FRAME 1
387 76
388 76
386 77
387 77
388 77
389 77
406 77
407 77
408 77
409 77
386 78
387 78
388 78
389 78
405 78
406 78
407 78
408 78
409 78
410 78
387 79
388 79
389 79
390 79
404 79
405 79
406 79
407 79
408 79
409 79
410 79
387 80
388 80
389 80
390 80
403 80
404 80
405 80
406 80
407 80
408 80
409 80
387 81
388 81
389 81
390 81
402 81
403 81
404 81
405 81
406 81
407 81
408 81
409 81
387 82
388 82
389 82
390 82
399 82
400 82
401 82
402 82
403 82
404 82
405 82
406 82
407 82
408 82
409 82
413 82
414 82
387 83
388 83
389 83
390 83
397 83
398 83
399 83
400 83
401 83
402 83
403 83
404 83
405 83
406 83
407 83
408 83
409 83
413 83
414 83
387 84
388 84
389 84
390 84
396 84
397 84
398 84
399 84
400 84
401 84
402 84
403 84
404 84
405 84
406 84
407 84
408 84
409 84
412 84
413 84
414 84
387 85
388 85
389 85
390 85
395 85
396 85
397 85
398 85
399 85
400 85
401 85
402 85
403 85
404 85
405 85
406 85
407 85
408 85
409 85
411 85
412 85
413 85
414 85
387 86
388 86
389 86
390 86
394 86
395 86
396 86
397 86
398 86
399 86
400 86
401 86
402 86
403 86
404 86
405 86
406 86
407 86
410 86
411 86
412 86
413 86
387 87
388 87
389 87
390 87
391 87
392 87
393 87
394 87
395 87
396 87
397 87
398 87
399 87
400 87
401 87
402 87
403 87
404 87
405 87
406 87
407 87
409 87
410 87
411 87
412 87
413 87
387 88
388 88
389 88
390 88
391 88
392 88
393 88
394 88
395 88
396 88
397 88
398 88
399 88
400 88
401 88
402 88
403 88
404 88
405 88
406 88
407 88
408 88
409 88
410 88
411 88
412 88
413 88
387 89
388 89
389 89
390 89
391 89
392 89
393 89
394 89
395 89
396 89
397 89
398 89
399 89
400 89
401 89
402 89
403 89
404 89
405 89
406 89
407 89
408 89
409 89
410 89
411 89
412 89
387 90
388 90
389 90
390 90
391 90
392 90
393 90
394 90
395 90
396 90
397 90
398 90
399 90
400 90
401 90
402 90
403 90
404 90
405 90
406 90
407 90
408 90
409 90
410 90
411 90
387 91
388 91
389 91
390 91
391 91
392 91
393 91
394 91
395 91
396 91
397 91
398 91
399 91
400 91
401 91
402 91
403 91
404 91
405 91
406 91
407 91
408 91
409 91
388 92
389 92
390 92
391 92
392 92
393 92
394 92
395 92
396 92
397 92
398 92
399 92
400 92
401 92
402 92
403 92
404 92
405 92
406 92
394 93
395 93
396 93
397 93
398 93
399 93
400 93
401 93
402 93
403 93
404 93
397 94
398 94
399 94
400 94
401 94
402 94
403 94
398 95
399 95
400 95
401 95
402 95
403 95
398 96
399 96
400 96
401 96
402 96
403 96
399 97
400 97
401 97
402 97
403 97
399 98
400 98
401 98
402 98
403 98
399 99
400 99
401 99
402 99
403 99
399 100
400 100
401 100
402 100
403 100
399 101
400 101
401 101
402 101
399 102
400 102
401 102
402 102
399 103
400 103
401 103
402 103
399 104
400 104
401 104
402 104
399 105
400 105
401 105
402 105
399 106
400 106
401 106
402 106
398 107
399 107
400 107
401 107
398 108
399 108
400 108
401 108
398 109
399 109
400 109
398 110
399 110
400 110
398 111
399 111
400 111
398 112
399 112
400 112
397 113
398 113
399 113
400 113
398 114
399 114
400 114

FRAME 2
406 78
407 78
408 78
387 79
388 79
389 79
404 79
405 79
406 79
407 79
408 79
409 79
387 80
388 80
389 80
390 80
404 80
405 80
406 80
407 80
408 80
409 80
387 81
388 81
389 81
390 81
403 81
404 81
405 81
406 81
407 81
408 81
409 81
387 82
388 82
389 82
390 82
391 82
401 82
402 82
403 82
404 82
405 82
406 82
407 82
408 82
409 82
387 83
388 83
389 83
390 83
398 83
399 83
400 83
401 83
402 83
403 83
404 83
405 83
406 83
407 83
408 83
409 83
387 84
388 84
389 84
390 84
391 84
397 84
398 84
399 84
400 84
401 84
402 84
403 84
404 84
405 84
406 84
407 84
408 84
409 84
413 84
414 84
387 85
388 85
389 85
390 85
391 85
396 85
397 85
398 85
399 85
400 85
401 85
402 85
403 85
404 85
405 85
406 85
407 85
408 85
409 85
413 85
414 85
387 86
388 86
389 86
390 86
391 86
395 86
396 86
397 86
398 86
399 86
400 86
401 86
402 86
403 86
404 86
405 86
406 86
407 86
408 86
412 86
413 86
414 86
387 87
388 87
389 87
390 87
391 87
392 87
393 87
394 87
395 87
396 87
397 87
398 87
399 87
400 87
401 87
402 87
403 87
404 87
405 87
406 87
407 87
412 87
413 87
414 87
387 88
388 88
389 88
390 88
391 88
392 88
393 88
394 88
395 88
396 88
397 88
398 88
399 88
400 88
401 88
402 88
403 88
404 88
405 88
406 88
407 88
410 88
411 88
412 88
413 88
387 89
388 89
389 89
390 89
391 89
392 89
393 89
394 89
395 89
396 89
397 89
398 89
399 89
400 89
401 89
402 89
403 89
404 89
405 89
406 89
407 89
408 89
409 89
410 89
411 89
412 89
413 89
387 90
388 90
389 90
390 90
391 90
392 90
393 90
394 90
395 90
396 90
397 90
398 90
399 90
400 90
401 90
402 90
403 90
404 90
405 90
406 90
407 90
408 90
409 90
410 90
411 90
412 90
413 90
387 91
388 91
389 91
390 91
391 91
392 91
393 91
394 91
395 91
396 91
397 91
398 91
399 91
400 91
401 91
402 91
403 91
404 91
405 91
406 91
407 91
408 91
409 91
410 91
411 91
412 91
387 92
388 92
389 92
390 92
391 92
392 92
393 92
394 92
395 92
396 92
397 92
398 92
399 92
400 92
401 92
402 92
403 92
404 92
405 92
406 92
407 92
408 92
409 92
410 92
411 92
387 93
388 93
389 93
390 93
391 93
392 93
393 93
394 93
395 93
396 93
397 93
398 93
399 93
400 93
401 93
402 93
403 93
404 93
405 93
406 93
387 94
388 94
389 94
390 94
391 94
392 94
393 94
394 94
395 94
396 94
397 94
398 94
399 94
400 94
401 94
402 94
403 94
404 94
388 95
389 95
390 95
398 95
399 95
400 95
401 95
402 95
403 95
398 96
399 96
400 96
401 96
402 96
403 96
399 97
400 97
401 97
402 97
403 97
399 98
400 98
401 98
402 98
403 98
399 99
400 99
401 99
402 99
403 99
399 100
400 100
401 100
402 100
403 100
399 101
400 101
401 101
402 101
403 101
399 102
400 102
401 102
402 102
403 102
399 103
400 103
401 103
402 103
403 103
399 104
400 104
401 104
402 104
399 105
400 105
401 105
402 105
399 106
400 106
401 106
402 106
399 107
400 107
401 107
402 107
398 108
399 108
400 108
401 108
398 109
399 109
400 109
401 109
398 110
399 110
400 110
398 111
399 111
400 111
398 112
399 112
400 112
398 113
399 113
400 113
401 113
398 114
399 114
400 114
401 114

FRAME 3
405 79
406 79
407 79
404 80
405 80
406 80
407 80
403 81
404 81
405 81
406 81
407 81
408 81
401 82
402 82
403 82
404 82
405 82
406 82
407 82
408 82
388 83
389 83
390 83
398 83
399 83
400 83
401 83
402 83
403 83
404 83
405 83
406 83
407 83
408 83
388 84
389 84
390 84
391 84
397 84
398 84
399 84
400 84
401 84
402 84
403 84
404 84
405 84
406 84
407 84
408 84
388 85
389 85
390 85
391 85
396 85
397 85
398 85
399 85
400 85
401 85
402 85
403 85
404 85
405 85
406 85
407 85
408 85
388 86
389 86
390 86
391 86
392 86
395 86
396 86
397 86
398 86
399 86
400 86
401 86
402 86
403 86
404 86
405 86
406 86
407 86
408 86
388 87
389 87
390 87
391 87
392 87
393 87
394 87
395 87
396 87
397 87
398 87
399 87
400 87
401 87
402 87
403 87
404 87
405 87
406 87
407 87
388 88
389 88
390 88
391 88
392 88
393 88
394 88
395 88
396 88
397 88
398 88
399 88
400 88
401 88
402 88
403 88
404 88
405 88
406 88
413 88
388 89
389 89
390 89
391 89
392 89
393 89
394 89
395 89
396 89
397 89
398 89
399 89
400 89
401 89
402 89
403 89
404 89
405 89
406 89
412 89
413 89
388 90
389 90
390 90
391 90
392 90
393 90
394 90
395 90
396 90
397 90
398 90
399 90
400 90
401 90
402 90
403 90
404 90
405 90
406 90
410 90
411 90
412 90
413 90
388 91
389 91
390 91
391 91
392 91
393 91
394 91
395 91
396 91
397 91
398 91
399 91
400 91
401 91
402 91
403 91
404 91
405 91
406 91
407 91
409 91
410 91
411 91
412 91
413 91
388 92
389 92
390 92
391 92
392 92
393 92
394 92
395 92
396 92
397 92
398 92
399 92
400 92
401 92
402 92
403 92
404 92
405 92
406 92
407 92
408 92
409 92
410 92
411 92
412 92
413 92
388 93
389 93
390 93
391 93
392 93
393 93
394 93
395 93
396 93
397 93
398 93
399 93
400 93
401 93
402 93
403 93
404 93
405 93
406 93
407 93
408 93
409 93
410 93
411 93
412 93
388 94
389 94
390 94
391 94
392 94
393 94
394 94
395 94
396 94
397 94
398 94
399 94
400 94
401 94
402 94
403 94
404 94
405 94
406 94
407 94
408 94
409 94
388 95
389 95
390 95
391 95
392 95
393 95
394 95
395 95
397 95
398 95
399 95
400 95
401 95
402 95
403 95
388 96
389 96
390 96
391 96
392 96
393 96
394 96
399 96
400 96
401 96
402 96
403 96
389 97
390 97
391 97
392 97
393 97
399 97
400 97
401 97
402 97
403 97
389 98
390 98
391 98
392 98
399 98
400 98
401 98
402 98
403 98
399 99
400 99
401 99
402 99
403 99
399 100
400 100
401 100
402 100
403 100
399 101
400 101
401 101
402 101
403 101
399 102
400 102
401 102
402 102
403 102
399 103
400 103
401 103
402 103
399 104
400 104
401 104
402 104
399 105
400 105
401 105
402 105
399 106
400 106
401 106
402 106
399 107
400 107
401 107
398 108
399 108
400 108
401 108
398 109
399 109
400 109
401 109
398 110
399 110
400 110
398 111
399 111
400 111
398 112
399 112
400 112
401 112
398 113
399 113
400 113
401 113
398 114
399 114
400 114
401 114

FRAME 4
404 79
405 79
406 79
407 79
403 80
404 80
405 80
406 80
407 80
402 81
403 81
404 81
405 81
406 81
407 81
408 81
399 82
400 82
401 82
402 82
403 82
404 82
405 82
406 82
407 82
408 82
397 83
398 83
399 83
400 83
401 83
402 83
403 83
404 83
405 83
406 83
407 83
408 83
396 84
397 84
398 84
399 84
400 84
401 84
402 84
403 84
404 84
405 84
406 84
407 84
408 84
395 85
396 85
397 85
398 85
399 85
400 85
401 85
402 85
403 85
404 85
405 85
406 85
407 85
408 85
389 86
390 86
391 86
392 86
394 86
395 86
396 86
397 86
398 86
399 86
400 86
401 86
402 86
403 86
404 86
405 86
406 86
407 86
389 87
390 87
391 87
392 87
393 87
394 87
395 87
396 87
397 87
398 87
399 87
400 87
401 87
402 87
403 87
404 87
405 87
406 87
407 87
389 88
390 88
391 88
392 88
393 88
394 88
395 88
396 88
397 88
398 88
399 88
400 88
401 88
402 88
403 88
404 88
405 88
406 88
389 89
390 89
391 89
392 89
393 89
394 89
395 89
396 89
397 89
398 89
399 89
400 89
401 89
402 89
403 89
404 89
405 89
406 89
389 90
390 90
391 90
392 90
393 90
394 90
395 90
396 90
397 90
398 90
399 90
400 90
401 90
402 90
403 90
404 90
405 90
411 90
412 90
413 90
389 91
390 91
391 91
392 91
393 91
394 91
395 91
396 91
397 91
398 91
399 91
400 91
401 91
402 91
403 91
404 91
405 91
410 91
411 91
412 91
413 91
389 92
390 92
391 92
392 92
393 92
394 92
395 92
396 92
397 92
398 92
399 92
400 92
401 92
402 92
403 92
404 92
405 92
409 92
410 92
411 92
412 92
390 93
391 93
392 93
393 93
394 93
395 93
396 93
397 93
398 93
399 93
400 93
401 93
402 93
403 93
404 93
405 93
406 93
407 93
408 93
409 93
410 93
411 93
412 93
389 94
390 94
391 94
392 94
393 94
394 94
395 94
396 94
397 94
398 94
399 94
400 94
401 94
402 94
403 94
404 94
405 94
406 94
407 94
408 94
409 94
410 94
411 94
389 95
390 95
391 95
392 95
393 95
394 95
395 95
396 95
397 95
398 95
399 95
400 95
401 95
402 95
403 95
404 95
405 95
406 95
407 95
408 95
389 96
390 96
391 96
392 96
393 96
394 96
395 96
399 96
400 96
401 96
402 96
403 96
389 97
390 97
391 97
392 97
393 97
394 97
399 97
400 97
401 97
402 97
403 97
390 98
391 98
392 98
393 98
399 98
400 98
401 98
402 98
403 98
390 99
391 99
392 99
393 99
399 99
400 99
401 99
402 99
403 99
390 100
391 100
392 100
400 100
401 100
402 100
403 100
399 101
400 101
401 101
402 101
403 101
399 102
400 102
401 102
402 102
403 102
399 103
400 103
401 103
402 103
399 104
400 104
401 104
402 104
399 105
400 105
401 105
402 105
399 106
400 106
401 106
402 106
399 107
400 107
401 107
399 108
400 108
401 108
398 109
399 109
400 109
401 109
398 110
399 110
400 110
398 111
399 111
400 111
401 111
398 112
399 112
400 112
401 112
398 113
399 113
400 113
401 113
398 114
399 114
400 114
401 114

FRAME 5
403 78
404 78
405 78
406 78
402 79
403 79
404 79
405 79
406 79
402 80
403 80
404 80
405 80
406 80
407 80
400 81
401 81
402 81
403 81
404 81
405 81
406 81
407 81
397 82
398 82
399 82
400 82
401 82
402 82
403 82
404 82
405 82
406 82
407 82
396 83
397 83
398 83
399 83
400 83
401 83
402 83
403 83
404 83
405 83
406 83
407 83
396 84
397 84
398 84
399 84
400 84
401 84
402 84
403 84
404 84
405 84
406 84
407 84
395 85
396 85
397 85
398 85
399 85
400 85
401 85
402 85
403 85
404 85
405 85
406 85
407 85
408 85
395 86
396 86
397 86
398 86
399 86
400 86
401 86
402 86
403 86
404 86
405 86
406 86
407 86
408 86
394 87
395 87
396 87
397 87
398 87
399 87
400 87
401 87
402 87
403 87
404 87
405 87
406 87
407 87
408 87
393 88
394 88
395 88
396 88
397 88
398 88
399 88
400 88
401 88
402 88
403 88
404 88
405 88
406 88
407 88
408 88
409 88
393 89
394 89
395 89
396 89
397 89
398 89
399 89
400 89
401 89
402 89
403 89
404 89
405 89
407 89
408 89
409 89
410 89
392 90
393 90
394 90
395 90
396 90
397 90
398 90
399 90
400 90
401 90
402 90
403 90
404 90
405 90
408 90
409 90
410 90
411 90
392 91
393 91
394 91
395 91
396 91
397 91
398 91
399 91
400 91
401 91
402 91
403 91
404 91
405 91
408 91
409 91
410 91
411 91
391 92
392 92
393 92
394 92
395 92
396 92
397 92
398 92
399 92
400 92
401 92
402 92
403 92
404 92
405 92
407 92
408 92
409 92
410 92
411 92
390 93
391 93
392 93
393 93
394 93
395 93
396 93
397 93
398 93
399 93
400 93
401 93
402 93
403 93
404 93
405 93
406 93
407 93
408 93
409 93
410 93
411 93
390 94
391 94
392 94
393 94
394 94
395 94
396 94
397 94
398 94
399 94
400 94
401 94
402 94
403 94
404 94
405 94
406 94
407 94
408 94
409 94
410 94
411 94
390 95
391 95
392 95
393 95
394 95
395 95
396 95
397 95
398 95
399 95
400 95
401 95
402 95
403 95
404 95
405 95
406 95
407 95
408 95
409 95
410 95
391 96
392 96
393 96
394 96
395 96
396 96
397 96
398 96
399 96
400 96
401 96
402 96
403 96
404 96
405 96
406 96
407 96
408 96
409 96
391 97
392 97
393 97
394 97
395 97
396 97
397 97
399 97
400 97
401 97
402 97
403 97
404 97
391 98
392 98
393 98
394 98
395 98
396 98
400 98
401 98
402 98
403 98
404 98
392 99
393 99
394 99
395 99
396 99
400 99
401 99
402 99
403 99
392 100
393 100
394 100
395 100
396 100
400 100
401 100
402 100
403 100
392 101
393 101
394 101
395 101
400 101
401 101
402 101
403 101
393 102
394 102
395 102
400 102
401 102
402 102
403 102
400 103
401 103
402 103
403 103
400 104
401 104
402 104
403 104
400 105
401 105
402 105
403 105
399 106
400 106
401 106
402 106
399 107
400 107
401 107
402 107
399 108
400 108
401 108
399 109
400 109
401 109
399 110
400 110
401 110
399 111
400 111
401 111
399 112
400 112
401 112
399 113
400 113
401 113
399 114
400 114
401 114

FRAME 6
403 77
404 77
402 78
403 78
404 78
405 78
406 78
401 79
402 79
403 79
404 79
405 79
406 79
401 80
402 80
403 80
404 80
405 80
406 80
399 81
400 81
401 81
402 81
403 81
404 81
405 81
406 81
397 82
398 82
399 82
400 82
401 82
402 82
403 82
404 82
405 82
406 82
407 82
396 83
397 83
398 83
399 83
400 83
401 83
402 83
403 83
404 83
405 83
406 83
407 83
395 84
396 84
397 84
398 84
399 84
400 84
401 84
402 84
403 84
404 84
405 84
406 84
407 84
395 85
396 85
397 85
398 85
399 85
400 85
401 85
402 85
403 85
404 85
405 85
406 85
407 85
395 86
396 86
397 86
398 86
399 86
400 86
401 86
402 86
403 86
404 86
405 86
406 86
407 86
394 87
395 87
396 87
397 87
398 87
399 87
400 87
401 87
402 87
403 87
404 87
405 87
406 87
407 87
408 87
394 88
395 88
396 88
397 88
398 88
399 88
400 88
401 88
402 88
403 88
404 88
405 88
406 88
407 88
408 88
394 89
395 89
396 89
397 89
398 89
399 89
400 89
401 89
402 89
403 89
404 89
405 89
407 89
408 89
409 89
394 90
395 90
396 90
397 90
398 90
399 90
400 90
401 90
402 90
403 90
404 90
407 90
408 90
409 90
394 91
395 91
396 91
397 91
398 91
399 91
400 91
401 91
402 91
403 91
404 91
407 91
408 91
409 91
410 91
394 92
395 92
396 92
397 92
398 92
399 92
400 92
401 92
402 92
403 92
404 92
407 92
408 92
409 92
410 92
411 92
394 93
395 93
396 93
397 93
398 93
399 93
400 93
401 93
402 93
403 93
404 93
405 93
407 93
408 93
409 93
410 93
411 93
394 94
395 94
396 94
397 94
398 94
399 94
400 94
401 94
402 94
403 94
404 94
405 94
406 94
407 94
408 94
409 94
410 94
411 94
394 95
395 95
396 95
397 95
398 95
399 95
400 95
401 95
402 95
403 95
404 95
405 95
406 95
407 95
408 95
409 95
410 95
411 95
394 96
395 96
396 96
397 96
398 96
399 96
400 96
401 96
402 96
403 96
404 96
405 96
406 96
407 96
408 96
409 96
394 97
395 97
396 97
397 97
398 97
399 97
400 97
401 97
402 97
403 97
404 97
405 97
406 97
393 98
394 98
395 98
396 98
397 98
398 98
399 98
400 98
401 98
402 98
403 98
404 98
405 98
391 99
392 99
393 99
394 99
395 99
396 99
397 99
398 99
399 99
400 99
401 99
402 99
403 99
404 99
405 99
390 100
391 100
392 100
393 100
394 100
395 100
396 100
397 100
398 100
399 100
400 100
401 100
402 100
403 100
404 100
390 101
391 101
392 101
393 101
394 101
395 101
396 101
397 101
398 101
399 101
400 101
401 101
402 101
403 101
404 101
390 102
391 102
392 102
393 102
394 102
395 102
396 102
397 102
400 102
401 102
402 102
403 102
404 102
389 103
390 103
391 103
392 103
401 103
402 103
403 103
404 103
389 104
390 104
391 104
401 104
402 104
403 104
404 104
389 105
390 105
391 105
401 105
402 105
403 105
390 106
391 106
401 106
402 106
403 106
401 107
402 107
403 107
400 108
401 108
402 108
403 108
400 109
401 109
402 109
400 110
401 110
402 110
400 111
401 111
402 111
400 112
401 112
402 112
400 113
401 113
402 113
400 114
401 114

FRAME 7
402 77
403 77
404 77
405 77
401 78
402 78
403 78
404 78
405 78
401 79
402 79
403 79
404 79
405 79
406 79
400 80
401 80
402 80
403 80
404 80
405 80
406 80
398 81
399 81
400 81
401 81
402 81
403 81
404 81
405 81
406 81
397 82
398 82
399 82
400 82
401 82
402 82
403 82
404 82
405 82
406 82
396 83
397 83
398 83
399 83
400 83
401 83
402 83
403 83
404 83
405 83
406 83
407 83
395 84
396 84
397 84
398 84
399 84
400 84
401 84
402 84
403 84
404 84
405 84
406 84
407 84
395 85
396 85
397 85
398 85
399 85
400 85
401 85
402 85
403 85
404 85
405 85
406 85
407 85
395 86
396 86
397 86
398 86
399 86
400 86
401 86
402 86
403 86
404 86
405 86
406 86
407 86
408 86
394 87
395 87
396 87
397 87
398 87
399 87
400 87
401 87
402 87
403 87
404 87
405 87
406 87
407 87
408 87
394 88
395 88
396 88
397 88
398 88
399 88
400 88
401 88
402 88
403 88
404 88
405 88
406 88
407 88
408 88
394 89
395 89
396 89
397 89
398 89
399 89
400 89
401 89
402 89
403 89
404 89
405 89
406 89
407 89
408 89
394 90
395 90
396 90
397 90
398 90
399 90
400 90
401 90
402 90
403 90
404 90
405 90
407 90
408 90
409 90
394 91
395 91
396 91
397 91
398 91
399 91
400 91
401 91
402 91
403 91
404 91
405 91
407 91
408 91
409 91
394 92
395 92
396 92
397 92
398 92
399 92
400 92
401 92
402 92
403 92
404 92
405 92
407 92
408 92
409 92
410 92
394 93
395 93
396 93
397 93
398 93
399 93
400 93
401 93
402 93
403 93
404 93
405 93
406 93
407 93
408 93
409 93
410 93
395 94
396 94
397 94
398 94
399 94
400 94
401 94
402 94
403 94
404 94
405 94
406 94
407 94
408 94
409 94
410 94
395 95
396 95
397 95
398 95
399 95
400 95
401 95
402 95
403 95
404 95
405 95
406 95
407 95
408 95
409 95
410 95
395 96
396 96
397 96
398 96
399 96
400 96
401 96
402 96
403 96
404 96
405 96
406 96
407 96
408 96
409 96
395 97
396 97
397 97
398 97
399 97
400 97
401 97
402 97
403 97
404 97
405 97
406 97
407 97
395 98
396 98
397 98
398 98
399 98
400 98
401 98
402 98
403 98
404 98
405 98
406 98
395 99
396 99
397 99
398 99
399 99
400 99
401 99
402 99
403 99
404 99
405 99
395 100
396 100
397 100
398 100
399 100
400 100
401 100
402 100
403 100
404 100
405 100
394 101
395 101
396 101
397 101
398 101
399 101
400 101
401 101
402 101
403 101
404 101
405 101
393 102
394 102
395 102
396 102
397 102
398 102
399 102
400 102
401 102
402 102
403 102
404 102
405 102
392 103
393 103
394 103
395 103
396 103
397 103
402 103
403 103
404 103
405 103
391 104
392 104
393 104
394 104
401 104
402 104
403 104
404 104
391 105
392 105
393 105
401 105
402 105
403 105
404 105
390 106
391 106
392 106
393 106
401 106
402 106
403 106
404 106
390 107
391 107
392 107
393 107
401 107
402 107
403 107
390 108
391 108
392 108
401 108
402 108
403 108
391 109
392 109
401 109
402 109
403 109
391 110
401 110
402 110
403 110
401 111
402 111
403 111
401 112
402 112
403 112
401 113
402 113
403 113
401 114
402 114
403 114

FRAME 8
401 77
402 77
403 77
404 77
400 78
401 78
402 78
403 78
404 78
405 78
400 79
401 79
402 79
403 79
404 79
405 79
400 80
401 80
402 80
403 80
404 80
405 80
399 81
400 81
401 81
402 81
403 81
404 81
405 81
406 81
397 82
398 82
399 82
400 82
401 82
402 82
403 82
404 82
405 82
406 82
396 83
397 83
398 83
399 83
400 83
401 83
402 83
403 83
404 83
405 83
406 83
407 83
395 84
396 84
397 84
398 84
399 84
400 84
401 84
402 84
403 84
404 84
405 84
406 84
407 84
395 85
396 85
397 85
398 85
399 85
400 85
401 85
402 85
403 85
404 85
405 85
406 85
407 85
395 86
396 86
397 86
398 86
399 86
400 86
401 86
402 86
403 86
404 86
405 86
406 86
407 86
395 87
396 87
397 87
398 87
399 87
400 87
401 87
402 87
403 87
404 87
405 87
406 87
407 87
408 87
394 88
395 88
396 88
397 88
398 88
399 88
400 88
401 88
402 88
403 88
404 88
405 88
406 88
407 88
408 88
394 89
395 89
396 89
397 89
398 89
399 89
400 89
401 89
402 89
403 89
404 89
405 89
406 89
407 89
408 89
394 90
395 90
396 90
397 90
398 90
399 90
400 90
401 90
402 90
403 90
404 90
405 90
406 90
407 90
408 90
394 91
395 91
396 91
397 91
398 91
399 91
400 91
401 91
402 91
403 91
404 91
405 91
406 91
407 91
408 91
394 92
395 92
396 92
397 92
398 92
399 92
400 92
401 92
402 92
403 92
404 92
405 92
406 92
407 92
408 92
394 93
395 93
396 93
397 93
398 93
399 93
400 93
401 93
402 93
403 93
404 93
405 93
406 93
407 93
408 93
395 94
396 94
397 94
398 94
399 94
400 94
401 94
402 94
403 94
404 94
405 94
406 94
407 94
408 94
395 95
396 95
397 95
398 95
399 95
400 95
401 95
402 95
403 95
404 95
405 95
406 95
407 95
408 95
396 96
397 96
398 96
399 96
400 96
401 96
402 96
403 96
404 96
405 96
406 96
407 96
396 97
397 97
398 97
399 97
400 97
401 97
402 97
403 97
404 97
405 97
406 97
407 97
396 98
397 98
398 98
399 98
400 98
401 98
402 98
403 98
404 98
405 98
406 98
407 98
396 99
397 99
398 99
399 99
400 99
401 99
402 99
403 99
404 99
405 99
406 99
407 99
396 100
397 100
398 100
399 100
400 100
401 100
402 100
403 100
404 100
405 100
406 100
396 101
397 101
398 101
399 101
400 101
401 101
402 101
403 101
404 101
405 101
406 101
396 102
397 102
398 102
399 102
400 102
401 102
402 102
403 102
404 102
405 102
406 102
396 103
397 103
398 103
399 103
400 103
402 103
403 103
404 103
405 103
406 103
396 104
397 104
398 104
399 104
403 104
404 104
405 104
406 104
395 105
396 105
397 105
398 105
403 105
404 105
405 105
406 105
395 106
396 106
397 106
403 106
404 106
405 106
395 107
396 107
397 107
402 107
403 107
404 107
405 107
395 108
396 108
402 108
403 108
404 108
405 108
394 109
395 109
396 109
402 109
403 109
404 109
405 109
394 110
395 110
396 110
402 110
403 110
404 110
405 110
393 111
394 111
395 111
396 111
402 111
403 111
404 111
405 111
393 112
394 112
395 112
396 112
403 112
404 112
405 112
406 112
393 113
394 113
395 113
396 113
404 113
405 113
406 113
393 114
394 114
395 114
396 114
405 114
406 114
393 115
394 115
395 115
396 115

FRAME 9
403 76
400 77
401 77
402 77
403 77
404 77
400 78
401 78
402 78
403 78
404 78
400 79
401 79
402 79
403 79
404 79
399 80
400 80
401 80
402 80
403 80
404 80
405 80
399 81
400 81
401 81
402 81
403 81
404 81
405 81
397 82
398 82
399 82
400 82
401 82
402 82
403 82
404 82
405 82
406 82
396 83
397 83
398 83
399 83
400 83
401 83
402 83
403 83
404 83
405 83
406 83
395 84
396 84
397 84
398 84
399 84
400 84
401 84
402 84
403 84
404 84
405 84
406 84
395 85
396 85
397 85
398 85
399 85
400 85
401 85
402 85
403 85
404 85
405 85
406 85
395 86
396 86
397 86
398 86
399 86
400 86
401 86
402 86
403 86
404 86
405 86
406 86
407 86
394 87
395 87
396 87
397 87
398 87
399 87
400 87
401 87
402 87
403 87
404 87
405 87
406 87
407 87
394 88
395 88
396 88
397 88
398 88
399 88
400 88
401 88
402 88
403 88
404 88
405 88
406 88
407 88
394 89
395 89
396 89
397 89
398 89
399 89
400 89
401 89
402 89
403 89
404 89
405 89
406 89
407 89
393 90
394 90
395 90
396 90
397 90
398 90
399 90
400 90
401 90
402 90
403 90
404 90
405 90
406 90
407 90
393 91
394 91
395 91
396 91
397 91
398 91
399 91
400 91
401 91
402 91
403 91
404 91
405 91
406 91
407 91
393 92
394 92
395 92
396 92
397 92
398 92
399 92
400 92
401 92
402 92
403 92
404 92
405 92
406 92
407 92
393 93
394 93
395 93
396 93
397 93
398 93
399 93
400 93
401 93
402 93
403 93
404 93
405 93
406 93
407 93
394 94
395 94
396 94
397 94
398 94
399 94
400 94
401 94
402 94
403 94
404 94
405 94
406 94
407 94
394 95
395 95
396 95
397 95
398 95
399 95
400 95
401 95
402 95
403 95
404 95
405 95
406 95
407 95
408 95
395 96
396 96
397 96
398 96
399 96
400 96
401 96
402 96
403 96
404 96
405 96
406 96
407 96
408 96
396 97
397 97
398 97
399 97
400 97
401 97
402 97
403 97
404 97
405 97
406 97
407 97
408 97
396 98
397 98
398 98
399 98
400 98
401 98
402 98
403 98
404 98
405 98
406 98
407 98
408 98
396 99
397 99
398 99
399 99
400 99
401 99
402 99
403 99
404 99
405 99
406 99
407 99
408 99
396 100
397 100
398 100
399 100
400 100
401 100
402 100
404 100
405 100
406 100
407 100
408 100
396 101
397 101
398 101
399 101
400 101
401 101
404 101
405 101
406 101
407 101
408 101
396 102
397 102
398 102
399 102
400 102
401 102
405 102
406 102
407 102
408 102
396 103
397 103
398 103
399 103
400 103
401 103
405 103
406 103
407 103
408 103
396 104
397 104
398 104
399 104
400 104
405 104
406 104
407 104
408 104
396 105
397 105
398 105
399 105
400 105
405 105
406 105
407 105
396 106
397 106
398 106
399 106
404 106
405 106
406 106
407 106
396 107
397 107
398 107
399 107
404 107
405 107
406 107
407 107
396 108
397 108
398 108
399 108
404 108
405 108
406 108
407 108
396 109
397 109
398 109
404 109
405 109
406 109
407 109
396 110
397 110
398 110
404 110
405 110
406 110
407 110
408 110
395 111
396 111
397 111
398 111
405 111
406 111
407 111
408 111
395 112
396 112
397 112
406 112
407 112
408 112
395 113
396 113
397 113
395 114
396 114
397 114
394 115
395 115
396 115
397 115
394 116
395 116
396 116
397 116
394 117
395 117
396 117
397 117
394 118
395 118
396 118
397 118
396 119

FRAME 10
400 77
401 77
402 77
403 77
399 78
400 78
401 78
402 78
403 78
404 78
399 79
400 79
401 79
402 79
403 79
404 79
399 80
400 80
401 80
402 80
403 80
404 80
399 81
400 81
401 81
402 81
403 81
404 81
405 81
397 82
398 82
399 82
400 82
401 82
402 82
403 82
404 82
405 82
396 83
397 83
398 83
399 83
400 83
401 83
402 83
403 83
404 83
405 83
406 83
395 84
396 84
397 84
398 84
399 84
400 84
401 84
402 84
403 84
404 84
405 84
406 84
395 85
396 85
397 85
398 85
399 85
400 85
401 85
402 85
403 85
404 85
405 85
406 85
394 86
395 86
396 86
397 86
398 86
399 86
400 86
401 86
402 86
403 86
404 86
405 86
406 86
407 86
394 87
395 87
396 87
397 87
398 87
399 87
400 87
401 87
402 87
403 87
404 87
405 87
406 87
407 87
394 88
395 88
396 88
397 88
398 88
399 88
400 88
401 88
402 88
403 88
404 88
405 88
406 88
407 88
393 89
394 89
395 89
396 89
397 89
398 89
399 89
400 89
401 89
402 89
403 89
404 89
405 89
406 89
407 89
393 90
394 90
395 90
396 90
397 90
398 90
399 90
400 90
401 90
402 90
403 90
404 90
405 90
406 90
407 90
393 91
394 91
395 91
396 91
397 91
398 91
399 91
400 91
401 91
402 91
403 91
404 91
405 91
406 91
407 91
393 92
394 92
395 92
396 92
397 92
398 92
399 92
400 92
401 92
402 92
403 92
404 92
405 92
406 92
407 92
393 93
394 93
395 93
396 93
397 93
398 93
399 93
400 93
401 93
402 93
403 93
404 93
405 93
406 93
407 93
394 94
395 94
396 94
397 94
398 94
399 94
400 94
401 94
402 94
403 94
404 94
405 94
406 94
407 94
394 95
395 95
396 95
397 95
398 95
399 95
400 95
401 95
402 95
403 95
404 95
405 95
406 95
407 95
395 96
396 96
397 96
398 96
399 96
400 96
401 96
402 96
403 96
404 96
405 96
406 96
407 96
408 96
395 97
396 97
397 97
398 97
399 97
400 97
401 97
402 97
403 97
404 97
405 97
406 97
407 97
408 97
396 98
397 98
398 98
399 98
400 98
401 98
402 98
403 98
404 98
405 98
406 98
407 98
408 98
409 98
396 99
397 99
398 99
399 99
400 99
401 99
402 99
403 99
404 99
405 99
406 99
407 99
408 99
409 99
396 100
397 100
398 100
399 100
400 100
401 100
402 100
405 100
406 100
407 100
408 100
409 100
410 100
396 101
397 101
398 101
399 101
400 101
401 101
405 101
406 101
407 101
408 101
409 101
410 101
396 102
397 102
398 102
399 102
400 102
401 102
405 102
406 102
407 102
408 102
409 102
410 102
396 103
397 103
398 103
399 103
400 103
401 103
405 103
406 103
407 103
408 103
409 103
396 104
397 104
398 104
399 104
400 104
401 104
405 104
406 104
407 104
408 104
409 104
396 105
397 105
398 105
399 105
400 105
401 105
405 105
406 105
407 105
408 105
396 106
397 106
398 106
399 106
400 106
405 106
406 106
407 106
408 106
396 107
397 107
398 107
399 107
400 107
405 107
406 107
407 107
408 107
396 108
397 108
398 108
399 108
404 108
405 108
406 108
407 108
408 108
396 109
397 109
398 109
399 109
404 109
405 109
406 109
407 109
408 109
396 110
397 110
398 110
405 110
406 110
407 110
408 110
409 110
396 111
397 111
398 111
406 111
407 111
408 111
409 111
396 112
397 112
398 112
407 112
408 112
409 112
410 112
395 113
396 113
397 113
395 114
396 114
397 114
395 115
396 115
397 115
394 116
395 116
396 116
397 116
394 117
395 117
396 117
397 117
398 117
394 118
395 118
396 118
397 118
398 118
395 119
396 119
397 119
398 119

FRAME 11
399 77
400 77
401 77
402 77
403 77
399 78
400 78
401 78
402 78
403 78
399 79
400 79
401 79
402 79
403 79
399 80
400 80
401 80
402 80
403 80
404 80
398 81
399 81
400 81
401 81
402 81
403 81
404 81
398 82
399 82
400 82
401 82
402 82
403 82
404 82
396 83
397 83
398 83
399 83
400 83
401 83
402 83
403 83
404 83
405 83
395 84
396 84
397 84
398 84
399 84
400 84
401 84
402 84
403 84
404 84
405 84
394 85
395 85
396 85
397 85
398 85
399 85
400 85
401 85
402 85
403 85
404 85
405 85
406 85
394 86
395 86
396 86
397 86
398 86
399 86
400 86
401 86
402 86
403 86
404 86
405 86
406 86
393 87
394 87
395 87
396 87
397 87
398 87
399 87
400 87
401 87
402 87
403 87
404 87
405 87
406 87
393 88
394 88
395 88
396 88
397 88
398 88
399 88
400 88
401 88
402 88
403 88
404 88
405 88
406 88
393 89
394 89
395 89
396 89
397 89
398 89
399 89
400 89
401 89
402 89
403 89
404 89
405 89
406 89
392 90
393 90
394 90
395 90
396 90
397 90
398 90
399 90
400 90
401 90
402 90
403 90
404 90
405 90
406 90
392 91
393 91
394 91
395 91
396 91
397 91
398 91
399 91
400 91
401 91
402 91
403 91
404 91
405 91
406 91
392 92
393 92
394 92
395 92
396 92
397 92
398 92
399 92
400 92
401 92
402 92
403 92
404 92
405 92
406 92
392 93
393 93
394 93
395 93
396 93
397 93
398 93
399 93
400 93
401 93
402 93
403 93
404 93
405 93
406 93
393 94
394 94
395 94
396 94
397 94
398 94
399 94
400 94
401 94
402 94
403 94
404 94
405 94
406 94
407 94
394 95
395 95
396 95
397 95
398 95
399 95
400 95
401 95
402 95
403 95
404 95
405 95
406 95
407 95
395 96
396 96
397 96
398 96
399 96
400 96
401 96
402 96
403 96
404 96
405 96
406 96
407 96
408 96
395 97
396 97
397 97
398 97
399 97
400 97
401 97
402 97
403 97
404 97
405 97
406 97
407 97
408 97
409 97
396 98
397 98
398 98
399 98
400 98
401 98
402 98
403 98
404 98
405 98
406 98
407 98
408 98
409 98
410 98
396 99
397 99
398 99
399 99
400 99
401 99
402 99
403 99
404 99
405 99
406 99
407 99
408 99
409 99
410 99
411 99
396 100
397 100
398 100
399 100
400 100
401 100
402 100
405 100
406 100
407 100
408 100
409 100
410 100
411 100
397 101
398 101
399 101
400 101
401 101
402 101
407 101
408 101
409 101
410 101
411 101
397 102
398 102
399 102
400 102
401 102
402 102
407 102
408 102
409 102
410 102
411 102
397 103
398 103
399 103
400 103
401 103
402 103
407 103
408 103
409 103
410 103
411 103
397 104
398 104
399 104
400 104
401 104
402 104
407 104
408 104
409 104
410 104
411 104
397 105
398 105
399 105
400 105
401 105
402 105
407 105
408 105
409 105
410 105
397 106
398 106
399 106
400 106
401 106
407 106
408 106
409 106
397 107
398 107
399 107
400 107
401 107
406 107
407 107
408 107
409 107
397 108
398 108
399 108
400 108
401 108
406 108
407 108
408 108
409 108
396 109
397 109
398 109
399 109
400 109
406 109
407 109
408 109
409 109
410 109
396 110
397 110
398 110
399 110
406 110
407 110
408 110
409 110
410 110
411 110
396 111
397 111
398 111
399 111
407 111
408 111
409 111
410 111
411 111
396 112
397 112
398 112
409 112
410 112
411 112
395 113
396 113
397 113
398 113
395 114
396 114
397 114
395 115
396 115
397 115
394 116
395 116
396 116
397 116
394 117
395 117
396 117
397 117
398 117
394 118
395 118
396 118
397 118
398 118
395 119
396 119
397 119
398 119

FRAME 12
399 77
400 77
401 77
402 77
403 77
399 78
400 78
401 78
402 78
403 78
399 79
400 79
401 79
402 79
403 79
398 80
399 80
400 80
401 80
402 80
403 80
398 81
399 81
400 81
401 81
402 81
403 81
404 81
397 82
398 82
399 82
400 82
401 82
402 82
403 82
404 82
396 83
397 83
398 83
399 83
400 83
401 83
402 83
403 83
404 83
405 83
395 84
396 84
397 84
398 84
399 84
400 84
401 84
402 84
403 84
404 84
405 84
394 85
395 85
396 85
397 85
398 85
399 85
400 85
401 85
402 85
403 85
404 85
405 85
406 85
393 86
394 86
395 86
396 86
397 86
398 86
399 86
400 86
401 86
402 86
403 86
404 86
405 86
406 86
393 87
394 87
395 87
396 87
397 87
398 87
399 87
400 87
401 87
402 87
403 87
404 87
405 87
406 87
392 88
393 88
394 88
395 88
396 88
397 88
398 88
399 88
400 88
401 88
402 88
403 88
404 88
405 88
406 88
392 89
393 89
394 89
395 89
396 89
397 89
398 89
399 89
400 89
401 89
402 89
403 89
404 89
405 89
406 89
392 90
393 90
394 90
395 90
396 90
397 90
398 90
399 90
400 90
401 90
402 90
403 90
404 90
405 90
406 90
391 91
392 91
393 91
394 91
395 91
396 91
397 91
398 91
399 91
400 91
401 91
402 91
403 91
404 91
405 91
406 91
391 92
392 92
393 92
394 92
395 92
396 92
397 92
398 92
399 92
400 92
401 92
402 92
403 92
404 92
405 92
406 92
392 93
393 93
394 93
395 93
396 93
397 93
398 93
399 93
400 93
401 93
402 93
403 93
404 93
405 93
406 93
393 94
394 94
395 94
396 94
397 94
398 94
399 94
400 94
401 94
402 94
403 94
404 94
405 94
406 94
407 94
394 95
395 95
396 95
397 95
398 95
399 95
400 95
401 95
402 95
403 95
404 95
405 95
406 95
407 95
395 96
396 96
397 96
398 96
399 96
400 96
401 96
402 96
403 96
404 96
405 96
406 96
407 96
408 96
395 97
396 97
397 97
398 97
399 97
400 97
401 97
402 97
403 97
404 97
405 97
406 97
407 97
408 97
409 97
396 98
397 98
398 98
399 98
400 98
401 98
402 98
403 98
404 98
405 98
406 98
407 98
408 98
409 98
410 98
396 99
397 99
398 99
399 99
400 99
401 99
402 99
403 99
404 99
405 99
406 99
407 99
408 99
409 99
410 99
411 99
396 100
397 100
398 100
399 100
400 100
401 100
402 100
405 100
406 100
407 100
408 100
409 100
410 100
411 100
397 101
398 101
399 101
400 101
401 101
407 101
408 101
409 101
410 101
411 101
412 101
397 102
398 102
399 102
400 102
401 102
408 102
409 102
410 102
411 102
412 102
397 103
398 103
399 103
400 103
401 103
408 103
409 103
410 103
411 103
412 103
397 104
398 104
399 104
400 104
401 104
402 104
408 104
409 104
410 104
411 104
412 104
397 105
398 105
399 105
400 105
401 105
408 105
409 105
410 105
411 105
397 106
398 106
399 106
400 106
401 106
408 106
409 106
410 106
411 106
397 107
398 107
399 107
400 107
401 107
408 107
409 107
410 107
396 108
397 108
398 108
399 108
400 108
407 108
408 108
409 108
410 108
411 108
396 109
397 109
398 109
399 109
400 109
407 109
408 109
409 109
410 109
411 109
396 110
397 110
398 110
399 110
408 110
409 110
410 110
411 110
412 110
396 111
397 111
398 111
399 111
409 111
410 111
411 111
412 111
413 111
395 112
396 112
397 112
398 112
410 112
411 112
412 112
413 112
395 113
396 113
397 113
398 113
395 114
396 114
397 114
394 115
395 115
396 115
397 115
394 116
395 116
396 116
397 116
394 117
395 117
396 117
397 117
398 117
394 118
395 118
396 118
397 118
398 118
395 119
396 119
397 119
398 119

FRAME 13
400 76
401 76
399 77
400 77
401 77
402 77
403 77
398 78
399 78
400 78
401 78
402 78
403 78
398 79
399 79
400 79
401 79
402 79
403 79
398 80
399 80
400 80
401 80
402 80
403 80
398 81
399 81
400 81
401 81
402 81
403 81
397 82
398 82
399 82
400 82
401 82
402 82
403 82
404 82
396 83
397 83
398 83
399 83
400 83
401 83
402 83
403 83
404 83
405 83
395 84
396 84
397 84
398 84
399 84
400 84
401 84
402 84
403 84
404 84
405 84
394 85
395 85
396 85
397 85
398 85
399 85
400 85
401 85
402 85
403 85
404 85
405 85
406 85
393 86
394 86
395 86
396 86
397 86
398 86
399 86
400 86
401 86
402 86
403 86
404 86
405 86
406 86
393 87
394 87
395 87
396 87
397 87
398 87
399 87
400 87
401 87
402 87
403 87
404 87
405 87
406 87
392 88
393 88
394 88
395 88
396 88
397 88
398 88
399 88
400 88
401 88
402 88
403 88
404 88
405 88
406 88
392 89
393 89
394 89
395 89
396 89
397 89
398 89
399 89
400 89
401 89
402 89
403 89
404 89
405 89
406 89
392 90
393 90
394 90
395 90
396 90
397 90
398 90
399 90
400 90
401 90
402 90
403 90
404 90
405 90
406 90
391 91
392 91
393 91
394 91
395 91
396 91
397 91
398 91
399 91
400 91
401 91
402 91
403 91
404 91
405 91
406 91
391 92
392 92
393 92
394 92
395 92
396 92
397 92
398 92
399 92
400 92
401 92
402 92
403 92
404 92
405 92
406 92
407 92
392 93
393 93
394 93
395 93
396 93
397 93
398 93
399 93
400 93
401 93
402 93
403 93
404 93
405 93
406 93
407 93
393 94
394 94
395 94
396 94
397 94
398 94
399 94
400 94
401 94
402 94
403 94
404 94
405 94
406 94
407 94
394 95
395 95
396 95
397 95
398 95
399 95
400 95
401 95
402 95
403 95
404 95
405 95
406 95
407 95
408 95
395 96
396 96
397 96
398 96
399 96
400 96
401 96
402 96
403 96
404 96
405 96
406 96
407 96
408 96
409 96
396 97
397 97
398 97
399 97
400 97
401 97
402 97
403 97
404 97
405 97
406 97
407 97
408 97
409 97
396 98
397 98
398 98
399 98
400 98
401 98
402 98
403 98
404 98
405 98
406 98
407 98
408 98
409 98
410 98
396 99
397 99
398 99
399 99
400 99
401 99
402 99
404 99
405 99
406 99
407 99
408 99
409 99
410 99
411 99
397 100
398 100
399 100
400 100
401 100
406 100
407 100
408 100
409 100
410 100
411 100
397 101
398 101
399 101
400 101
401 101
408 101
409 101
410 101
411 101
412 101
397 102
398 102
399 102
400 102
401 102
408 102
409 102
410 102
411 102
412 102
397 103
398 103
399 103
400 103
401 103
409 103
410 103
411 103
412 103
397 104
398 104
399 104
400 104
401 104
409 104
410 104
411 104
412 104
397 105
398 105
399 105
400 105
401 105
408 105
409 105
410 105
411 105
397 106
398 106
399 106
400 106
401 106
408 106
409 106
410 106
411 106
396 107
397 107
398 107
399 107
400 107
401 107
408 107
409 107
410 107
411 107
396 108
397 108
398 108
399 108
400 108
408 108
409 108
410 108
411 108
396 109
397 109
398 109
399 109
400 109
408 109
409 109
410 109
411 109
412 109
396 110
397 110
398 110
399 110
408 110
409 110
410 110
411 110
412 110
396 111
397 111
398 111
409 111
410 111
411 111
412 111
413 111
395 112
396 112
397 112
398 112
410 112
411 112
412 112
413 112
395 113
396 113
397 113
411 113
412 113
413 113
395 114
396 114
397 114
394 115
395 115
396 115
397 115
394 116
395 116
396 116
397 116
394 117
395 117
396 117
397 117
398 117
394 118
395 118
396 118
397 118
398 118
395 119
396 119
397 119
398 119

FRAME 14
399 76
400 76
401 76
402 76
398 77
399 77
400 77
401 77
402 77
403 77
398 78
399 78
400 78
401 78
402 78
403 78
398 79
399 79
400 79
401 79
402 79
403 79
398 80
399 80
400 80
401 80
402 80
403 80
397 81
398 81
399 81
400 81
401 81
402 81
403 81
404 81
396 82
397 82
398 82
399 82
400 82
401 82
402 82
403 82
404 82
405 82
395 83
396 83
397 83
398 83
399 83
400 83
401 83
402 83
403 83
404 83
405 83
406 83
394 84
395 84
396 84
397 84
398 84
399 84
400 84
401 84
402 84
403 84
404 84
405 84
406 84
393 85
394 85
395 85
396 85
397 85
398 85
399 85
400 85
401 85
402 85
403 85
404 85
405 85
406 85
393 86
394 86
395 86
396 86
397 86
398 86
399 86
400 86
401 86
402 86
403 86
404 86
405 86
406 86
392 87
393 87
394 87
395 87
396 87
397 87
398 87
399 87
400 87
401 87
402 87
403 87
404 87
405 87
406 87
392 88
393 88
394 88
395 88
396 88
397 88
398 88
399 88
400 88
401 88
402 88
403 88
404 88
405 88
406 88
392 89
393 89
394 89
395 89
396 89
397 89
398 89
399 89
400 89
401 89
402 89
403 89
404 89
405 89
406 89
391 90
392 90
393 90
394 90
395 90
396 90
397 90
398 90
399 90
400 90
401 90
402 90
403 90
404 90
405 90
406 90
407 90
392 91
393 91
394 91
395 91
396 91
397 91
398 91
399 91
400 91
401 91
402 91
403 91
404 91
405 91
406 91
407 91
392 92
393 92
394 92
395 92
396 92
397 92
398 92
399 92
400 92
401 92
402 92
403 92
404 92
405 92
406 92
407 92
393 93
394 93
395 93
396 93
397 93
398 93
399 93
400 93
401 93
402 93
403 93
404 93
405 93
406 93
407 93
408 93
393 94
394 94
395 94
396 94
397 94
398 94
399 94
400 94
401 94
402 94
403 94
404 94
405 94
406 94
407 94
408 94
394 95
395 95
396 95
397 95
398 95
399 95
400 95
401 95
402 95
403 95
404 95
405 95
406 95
407 95
408 95
395 96
396 96
397 96
398 96
399 96
400 96
401 96
402 96
403 96
404 96
405 96
406 96
407 96
408 96
396 97
397 97
398 97
399 97
400 97
401 97
402 97
403 97
404 97
405 97
406 97
407 97
408 97
409 97
396 98
397 98
398 98
399 98
400 98
401 98
402 98
404 98
405 98
406 98
407 98
408 98
409 98
410 98
396 99
397 99
398 99
399 99
400 99
401 99
405 99
406 99
407 99
408 99
409 99
410 99
396 100
397 100
398 100
399 100
400 100
401 100
406 100
407 100
408 100
409 100
410 100
411 100
396 101
397 101
398 101
399 101
400 101
407 101
408 101
409 101
410 101
411 101
396 102
397 102
398 102
399 102
400 102
408 102
409 102
410 102
411 102
396 103
397 103
398 103
399 103
400 103
408 103
409 103
410 103
411 103
412 103
396 104
397 104
398 104
399 104
400 104
408 104
409 104
410 104
411 104
412 104
396 105
397 105
398 105
399 105
400 105
409 105
410 105
411 105
412 105
396 106
397 106
398 106
399 106
409 106
410 106
411 106
412 106
396 107
397 107
398 107
399 107
409 107
410 107
411 107
395 108
396 108
397 108
398 108
409 108
410 108
411 108
412 108
395 109
396 109
397 109
398 109
409 109
410 109
411 109
412 109
395 110
396 110
397 110
398 110
409 110
410 110
411 110
412 110
395 111
396 111
397 111
410 111
411 111
412 111
413 111
395 112
396 112
397 112
410 112
411 112
412 112
413 112
395 113
396 113
397 113
411 113
412 113
413 113
414 113
395 114
396 114
397 114
412 114
413 114
414 114
394 115
395 115
396 115
397 115
394 116
395 116
396 116
397 116
394 117
395 117
396 117
397 117
398 117
394 118
395 118
396 118
397 118
398 118
395 119
396 119
397 119
398 119

FRAME 15
399 75
400 75
401 75
398 76
399 76
400 76
401 76
402 76
398 77
399 77
400 77
401 77
402 77
403 77
398 78
399 78
400 78
401 78
402 78
403 78
398 79
399 79
400 79
401 79
402 79
403 79
397 80
398 80
399 80
400 80
401 80
402 80
403 80
396 81
397 81
398 81
399 81
400 81
401 81
402 81
403 81
404 81
395 82
396 82
397 82
398 82
399 82
400 82
401 82
402 82
403 82
404 82
405 82
406 82
394 83
395 83
396 83
397 83
398 83
399 83
400 83
401 83
402 83
403 83
404 83
405 83
406 83
393 84
394 84
395 84
396 84
397 84
398 84
399 84
400 84
401 84
402 84
403 84
404 84
405 84
406 84
393 85
394 85
395 85
396 85
397 85
398 85
399 85
400 85
401 85
402 85
403 85
404 85
405 85
406 85
407 85
392 86
393 86
394 86
395 86
396 86
397 86
398 86
399 86
400 86
401 86
402 86
403 86
404 86
405 86
406 86
407 86
392 87
393 87
394 87
395 87
396 87
397 87
398 87
399 87
400 87
401 87
402 87
403 87
404 87
405 87
406 87
407 87
392 88
393 88
394 88
395 88
396 88
397 88
398 88
399 88
400 88
401 88
402 88
403 88
404 88
405 88
406 88
407 88
392 89
393 89
394 89
395 89
396 89
397 89
398 89
399 89
400 89
401 89
402 89
403 89
404 89
405 89
406 89
407 89
392 90
393 90
394 90
395 90
396 90
397 90
398 90
399 90
400 90
401 90
402 90
403 90
404 90
405 90
406 90
407 90
392 91
393 91
394 91
395 91
396 91
397 91
398 91
399 91
400 91
401 91
402 91
403 91
404 91
405 91
406 91
407 91
408 91
392 92
393 92
394 92
395 92
396 92
397 92
398 92
399 92
400 92
401 92
402 92
403 92
404 92
405 92
406 92
407 92
408 92
393 93
394 93
395 93
396 93
397 93
398 93
399 93
400 93
401 93
402 93
403 93
404 93
405 93
406 93
407 93
408 93
394 94
395 94
396 94
397 94
398 94
399 94
400 94
401 94
402 94
403 94
404 94
405 94
406 94
407 94
408 94
395 95
396 95
397 95
398 95
399 95
400 95
401 95
402 95
403 95
404 95
405 95
406 95
407 95
408 95
409 95
395 96
396 96
397 96
398 96
399 96
400 96
401 96
402 96
403 96
404 96
405 96
406 96
407 96
408 96
409 96
396 97
397 97
398 97
399 97
400 97
401 97
402 97
403 97
404 97
405 97
406 97
407 97
408 97
409 97
396 98
397 98
398 98
399 98
400 98
401 98
405 98
406 98
407 98
408 98
409 98
410 98
396 99
397 99
398 99
399 99
400 99
405 99
406 99
407 99
408 99
409 99
410 99
396 100
397 100
398 100
399 100
400 100
406 100
407 100
408 100
409 100
410 100
396 101
397 101
398 101
399 101
407 101
408 101
409 101
410 101
411 101
396 102
397 102
398 102
399 102
407 102
408 102
409 102
410 102
411 102
395 103
396 103
397 103
398 103
399 103
408 103
409 103
410 103
411 103
395 104
396 104
397 104
398 104
399 104
408 104
409 104
410 104
411 104
412 104
395 105
396 105
397 105
398 105
409 105
410 105
411 105
412 105
395 106
396 106
397 106
398 106
409 106
410 106
411 106
412 106
395 107
396 107
397 107
398 107
410 107
411 107
412 107
395 108
396 108
397 108
398 108
410 108
411 108
412 108
395 109
396 109
397 109
411 109
412 109
413 109
395 110
396 110
397 110
411 110
412 110
413 110
395 111
396 111
397 111
411 111
412 111
413 111
395 112
396 112
397 112
411 112
412 112
413 112
414 112
395 113
396 113
397 113
411 113
412 113
413 113
414 113
395 114
396 114
397 114
412 114
413 114
414 114
395 115
396 115
397 115
395 116
396 116
397 116
395 117
396 117
397 117
395 118
396 118
397 118
395 119
396 119

FRAME 16
399 75
400 75
401 75
398 76
399 76
400 76
401 76
402 76
398 77
399 77
400 77
401 77
402 77
403 77
398 78
399 78
400 78
401 78
402 78
403 78
398 79
399 79
400 79
401 79
402 79
403 79
397 80
398 80
399 80
400 80
401 80
402 80
403 80
396 81
397 81
398 81
399 81
400 81
401 81
402 81
403 81
404 81
395 82
396 82
397 82
398 82
399 82
400 82
401 82
402 82
403 82
404 82
405 82
406 82
394 83
395 83
396 83
397 83
398 83
399 83
400 83
401 83
402 83
403 83
404 83
405 83
406 83
393 84
394 84
395 84
396 84
397 84
398 84
399 84
400 84
401 84
402 84
403 84
404 84
405 84
406 84
393 85
394 85
395 85
396 85
397 85
398 85
399 85
400 85
401 85
402 85
403 85
404 85
405 85
406 85
407 85
392 86
393 86
394 86
395 86
396 86
397 86
398 86
399 86
400 86
401 86
402 86
403 86
404 86
405 86
406 86
407 86
392 87
393 87
394 87
395 87
396 87
397 87
398 87
399 87
400 87
401 87
402 87
403 87
404 87
405 87
406 87
407 87
392 88
393 88
394 88
395 88
396 88
397 88
398 88
399 88
400 88
401 88
402 88
403 88
404 88
405 88
406 88
407 88
392 89
393 89
394 89
395 89
396 89
397 89
398 89
399 89
400 89
401 89
402 89
403 89
404 89
405 89
406 89
407 89
392 90
393 90
394 90
395 90
396 90
397 90
398 90
399 90
400 90
401 90
402 90
403 90
404 90
405 90
406 90
407 90
392 91
393 91
394 91
395 91
396 91
397 91
398 91
399 91
400 91
401 91
402 91
403 91
404 91
405 91
406 91
407 91
408 91
393 92
394 92
395 92
396 92
397 92
398 92
399 92
400 92
401 92
402 92
403 92
404 92
405 92
406 92
407 92
408 92
393 93
394 93
395 93
396 93
397 93
398 93
399 93
400 93
401 93
402 93
403 93
404 93
405 93
406 93
407 93
408 93
394 94
395 94
396 94
397 94
398 94
399 94
400 94
401 94
402 94
403 94
404 94
405 94
406 94
407 94
408 94
409 94
395 95
396 95
397 95
398 95
399 95
400 95
401 95
402 95
403 95
404 95
405 95
406 95
407 95
408 95
409 95
395 96
396 96
397 96
398 96
399 96
400 96
401 96
402 96
403 96
404 96
405 96
406 96
407 96
408 96
409 96
395 97
396 97
397 97
398 97
399 97
400 97
401 97
402 97
403 97
404 97
405 97
406 97
407 97
408 97
409 97
396 98
397 98
398 98
399 98
400 98
405 98
406 98
407 98
408 98
409 98
396 99
397 99
398 99
399 99
400 99
405 99
406 99
407 99
408 99
409 99
410 99
395 100
396 100
397 100
398 100
399 100
406 100
407 100
408 100
409 100
410 100
395 101
396 101
397 101
398 101
399 101
406 101
407 101
408 101
409 101
410 101
395 102
396 102
397 102
398 102
399 102
407 102
408 102
409 102
410 102
411 102
395 103
396 103
397 103
398 103
408 103
409 103
410 103
411 103
395 104
396 104
397 104
398 104
408 104
409 104
410 104
411 104
395 105
396 105
397 105
398 105
408 105
409 105
410 105
411 105
412 105
395 106
396 106
397 106
398 106
409 106
410 106
411 106
412 106
395 107
396 107
397 107
398 107
410 107
411 107
412 107
395 108
396 108
397 108
411 108
412 108
413 108
394 109
395 109
396 109
397 109
411 109
412 109
413 109
394 110
395 110
396 110
397 110
411 110
412 110
413 110
394 111
395 111
396 111
397 111
411 111
412 111
413 111
395 112
396 112
412 112
413 112
414 112
395 113
396 113
412 113
413 113
414 113
395 114
396 114
413 114
414 114
394 115
395 115
396 115
394 116
395 116
396 116
394 117
395 117
396 117
394 118
395 118
396 118

FRAME 17
150 28
151 28
152 28
150 29
151 29
152 29
153 29
149 30
150 30
151 30
152 30
153 30
149 31
150 31
151 31
152 31
153 31
149 32
150 32
151 32
152 32
153 32
154 32
149 33
150 33
151 33
152 33
153 33
154 33
148 34
149 34
150 34
151 34
152 34
153 34
154 34
155 34
147 35
148 35
149 35
150 35
151 35
152 35
153 35
154 35
155 35
156 35
146 36
147 36
148 36
149 36
150 36
151 36
152 36
153 36
154 36
155 36
156 36
146 37
147 37
148 37
149 37
150 37
151 37
152 37
153 37
154 37
155 37
156 37
157 37
146 38
147 38
148 38
149 38
150 38
151 38
152 38
153 38
154 38
155 38
156 38
157 38
146 39
147 39
148 39
149 39
150 39
151 39
152 39
153 39
154 39
155 39
156 39
157 39
146 40
147 40
148 40
149 40
150 40
151 40
152 40
153 40
154 40
155 40
156 40
157 40
146 41
147 41
148 41
149 41
150 41
151 41
152 41
153 41
154 41
155 41
156 41
157 41
146 42
147 42
148 42
149 42
150 42
151 42
152 42
153 42
154 42
155 42
156 42
157 42
146 43
147 43
148 43
149 43
150 43
151 43
152 43
153 43
154 43
155 43
156 43
157 43
146 44
147 44
148 44
149 44
150 44
151 44
152 44
153 44
154 44
155 44
156 44
157 44
146 45
147 45
148 45
149 45
150 45
151 45
152 45
153 45
154 45
155 45
156 45
157 45
146 46
147 46
148 46
149 46
150 46
151 46
152 46
153 46
154 46
155 46
156 46
157 46
146 47
147 47
148 47
149 47
150 47
151 47
152 47
153 47
154 47
155 47
156 47
157 47
147 48
148 48
149 48
150 48
151 48
152 48
153 48
154 48
155 48
156 48
157 48
147 49
148 49
149 49
150 49
151 49
152 49
153 49
154 49
155 49
156 49
157 49
147 50
148 50
149 50
150 50
151 50
152 50
153 50
154 50
155 50
156 50
157 50
147 51
148 51
149 51
150 51
151 51
152 51
153 51
154 51
155 51
156 51
157 51
148 52
149 52
150 52
151 52
152 52
153 52
154 52
155 52
156 52
148 53
149 53
150 53
151 53
152 53
153 53
154 53
155 53
156 53
157 53
148 54
149 54
150 54
151 54
152 54
153 54
154 54
155 54
156 54
157 54
148 55
149 55
150 55
151 55
152 55
153 55
154 55
155 55
156 55
157 55
158 55
148 56
149 56
150 56
151 56
152 56
153 56
154 56
155 56
156 56
157 56
158 56
148 57
149 57
150 57
151 57
152 57
153 57
154 57
155 57
156 57
157 57
158 57
148 58
149 58
150 58
151 58
152 58
153 58
154 58
155 58
156 58
157 58
148 59
149 59
150 59
151 59
152 59
153 59
154 59
155 59
156 59
157 59
148 60
149 60
150 60
151 60
152 60
153 60
154 60
155 60
156 60
157 60
148 61
149 61
150 61
151 61
152 61
154 61
155 61
156 61
157 61
148 62
149 62
150 62
151 62
152 62
155 62
156 62
157 62
149 63
150 63
151 63
152 63
154 63
155 63
156 63
157 63
149 64
150 64
151 64
152 64
155 64
156 64
157 64
149 65
150 65
151 65
152 65
155 65
156 65
157 65
149 66
150 66
151 66
155 66
156 66
157 66
149 67
150 67
151 67
155 67
156 67
157 67
149 68
150 68
151 68
155 68
156 68
157 68
149 69
150 69
151 69
155 69
156 69
157 69
149 70
150 70
151 70
152 70
155 70
156 70
157 70
149 71
150 71
151 71
152 71
155 71
156 71
157 71
149 72
150 72
151 72
152 72
155 72
156 72
157 72
149 73
150 73
151 73
155 73
156 73
157 73

FRAME 18
399 75
400 75
401 75
398 76
399 76
400 76
401 76
402 76
397 77
398 77
399 77
400 77
401 77
402 77
397 78
398 78
399 78
400 78
401 78
402 78
398 79
399 79
400 79
401 79
402 79
397 80
398 80
399 80
400 80
401 80
402 80
403 80
396 81
397 81
398 81
399 81
400 81
401 81
402 81
403 81
404 81
395 82
396 82
397 82
398 82
399 82
400 82
401 82
402 82
403 82
404 82
405 82
394 83
395 83
396 83
397 83
398 83
399 83
400 83
401 83
402 83
403 83
404 83
405 83
406 83
393 84
394 84
395 84
396 84
397 84
398 84
399 84
400 84
401 84
402 84
403 84
404 84
405 84
406 84
393 85
394 85
395 85
396 85
397 85
398 85
399 85
400 85
401 85
402 85
403 85
404 85
405 85
406 85
393 86
394 86
395 86
396 86
397 86
398 86
399 86
400 86
401 86
402 86
403 86
404 86
405 86
406 86
407 86
393 87
394 87
395 87
396 87
397 87
398 87
399 87
400 87
401 87
402 87
403 87
404 87
405 87
406 87
407 87
392 88
393 88
394 88
395 88
396 88
397 88
398 88
399 88
400 88
401 88
402 88
403 88
404 88
405 88
406 88
407 88
392 89
393 89
394 89
395 89
396 89
397 89
398 89
399 89
400 89
401 89
402 89
403 89
404 89
405 89
406 89
407 89
392 90
393 90
394 90
395 90
396 90
397 90
398 90
399 90
400 90
401 90
402 90
403 90
404 90
405 90
406 90
407 90
393 91
394 91
395 91
396 91
397 91
398 91
399 91
400 91
401 91
402 91
403 91
404 91
405 91
406 91
407 91
408 91
393 92
394 92
395 92
396 92
397 92
398 92
399 92
400 92
401 92
402 92
403 92
404 92
405 92
406 92
407 92
408 92
393 93
394 93
395 93
396 93
397 93
398 93
399 93
400 93
401 93
402 93
403 93
404 93
405 93
406 93
407 93
408 93
394 94
395 94
396 94
397 94
398 94
399 94
400 94
401 94
402 94
403 94
404 94
405 94
406 94
407 94
408 94
394 95
395 95
396 95
397 95
398 95
399 95
400 95
401 95
402 95
403 95
404 95
405 95
406 95
407 95
408 95
409 95
394 96
395 96
396 96
397 96
398 96
399 96
400 96
401 96
402 96
403 96
404 96
405 96
406 96
407 96
408 96
409 96
394 97
395 97
396 97
397 97
398 97
399 97
400 97
401 97
402 97
403 97
404 97
405 97
406 97
407 97
408 97
409 97
394 98
395 98
396 98
397 98
398 98
399 98
400 98
405 98
406 98
407 98
408 98
409 98
394 99
395 99
396 99
397 99
398 99
399 99
405 99
406 99
407 99
408 99
409 99
410 99
394 100
395 100
396 100
397 100
398 100
405 100
406 100
407 100
408 100
409 100
410 100
394 101
395 101
396 101
397 101
406 101
407 101
408 101
409 101
410 101
394 102
395 102
396 102
397 102
406 102
407 102
408 102
409 102
410 102
411 102
394 103
395 103
396 103
397 103
407 103
408 103
409 103
410 103
411 103
394 104
395 104
396 104
397 104
408 104
409 104
410 104
411 104
412 104
394 105
395 105
396 105
397 105
408 105
409 105
410 105
411 105
412 105
394 106
395 106
396 106
409 106
410 106
411 106
412 106
394 107
395 107
396 107
410 107
411 107
412 107
413 107
394 108
395 108
396 108
411 108
412 108
413 108
394 109
395 109
396 109
411 109
412 109
413 109
394 110
395 110
396 110
412 110
413 110
414 110
394 111
395 111
396 111
412 111
413 111
414 111
393 112
394 112
395 112
396 112
412 112
413 112
414 112
393 113
394 113
395 113
396 113
412 113
413 113
414 113
392 114
393 114
394 114
395 114
396 114
413 114
414 114
392 115
393 115
394 115
395 115
393 116
394 116

FRAME 19
398 76
399 76
400 76
401 76
398 77
399 77
400 77
401 77
402 77
397 78
398 78
399 78
400 78
401 78
402 78
398 79
399 79
400 79
401 79
402 79
397 80
398 80
399 80
400 80
401 80
402 80
403 80
396 81
397 81
398 81
399 81
400 81
401 81
402 81
403 81
396 82
397 82
398 82
399 82
400 82
401 82
402 82
403 82
404 82
405 82
395 83
396 83
397 83
398 83
399 83
400 83
401 83
402 83
403 83
404 83
405 83
406 83
394 84
395 84
396 84
397 84
398 84
399 84
400 84
401 84
402 84
403 84
404 84
405 84
406 84
393 85
394 85
395 85
396 85
397 85
398 85
399 85
400 85
401 85
402 85
403 85
404 85
405 85
406 85
393 86
394 86
395 86
396 86
397 86
398 86
399 86
400 86
401 86
402 86
403 86
404 86
405 86
406 86
407 86
393 87
394 87
395 87
396 87
397 87
398 87
399 87
400 87
401 87
402 87
403 87
404 87
405 87
406 87
407 87
393 88
394 88
395 88
396 88
397 88
398 88
399 88
400 88
401 88
402 88
403 88
404 88
405 88
406 88
407 88
393 89
394 89
395 89
396 89
397 89
398 89
399 89
400 89
401 89
402 89
403 89
404 89
405 89
406 89
407 89
393 90
394 90
395 90
396 90
397 90
398 90
399 90
400 90
401 90
402 90
403 90
404 90
405 90
406 90
407 90
393 91
394 91
395 91
396 91
397 91
398 91
399 91
400 91
401 91
402 91
403 91
404 91
405 91
406 91
407 91
408 91
393 92
394 92
395 92
396 92
397 92
398 92
399 92
400 92
401 92
402 92
403 92
404 92
405 92
406 92
407 92
408 92
393 93
394 93
395 93
396 93
397 93
398 93
399 93
400 93
401 93
402 93
403 93
404 93
405 93
406 93
407 93
408 93
394 94
395 94
396 94
397 94
398 94
399 94
400 94
401 94
402 94
403 94
404 94
405 94
406 94
407 94
408 94
394 95
395 95
396 95
397 95
398 95
399 95
400 95
401 95
402 95
403 95
404 95
405 95
406 95
407 95
408 95
409 95
394 96
395 96
396 96
397 96
398 96
399 96
400 96
401 96
402 96
403 96
404 96
405 96
406 96
407 96
408 96
409 96
395 97
396 97
397 97
398 97
399 97
400 97
401 97
402 97
404 97
405 97
406 97
407 97
408 97
409 97
394 98
395 98
396 98
397 98
398 98
399 98
400 98
405 98
406 98
407 98
408 98
409 98
394 99
395 99
396 99
397 99
398 99
399 99
405 99
406 99
407 99
408 99
409 99
394 100
395 100
396 100
397 100
398 100
405 100
406 100
407 100
408 100
409 100
410 100
394 101
395 101
396 101
397 101
406 101
407 101
408 101
409 101
410 101
394 102
395 102
396 102
397 102
406 102
407 102
408 102
409 102
410 102
411 102
394 103
395 103
396 103
397 103
407 103
408 103
409 103
410 103
411 103
394 104
395 104
396 104
397 104
407 104
408 104
409 104
410 104
411 104
412 104
394 105
395 105
396 105
397 105
408 105
409 105
410 105
411 105
412 105
394 106
395 106
396 106
409 106
410 106
411 106
412 106
394 107
395 107
396 107
410 107
411 107
412 107
413 107
394 108
395 108
396 108
411 108
412 108
413 108
394 109
395 109
396 109
411 109
412 109
413 109
414 109
394 110
395 110
396 110
412 110
413 110
414 110
393 111
394 111
395 111
396 111
412 111
413 111
414 111
393 112
394 112
395 112
396 112
412 112
413 112
414 112
415 112
392 113
393 113
394 113
395 113
396 113
412 113
413 113
414 113
392 114
393 114
394 114
395 114
413 114
414 114
392 115
393 115
394 115

FRAME 20
398 76
399 76
400 76
397 77
398 77
399 77
400 77
401 77
397 78
398 78
399 78
400 78
401 78
402 78
397 79
398 79
399 79
400 79
401 79
402 79
397 80
398 80
399 80
400 80
401 80
402 80
397 81
398 81
399 81
400 81
401 81
402 81
403 81
396 82
397 82
398 82
399 82
400 82
401 82
402 82
403 82
404 82
395 83
396 83
397 83
398 83
399 83
400 83
401 83
402 83
403 83
404 83
405 83
394 84
395 84
396 84
397 84
398 84
399 84
400 84
401 84
402 84
403 84
404 84
405 84
406 84
393 85
394 85
395 85
396 85
397 85
398 85
399 85
400 85
401 85
402 85
403 85
404 85
405 85
406 85
393 86
394 86
395 86
396 86
397 86
398 86
399 86
400 86
401 86
402 86
403 86
404 86
405 86
406 86
407 86
393 87
394 87
395 87
396 87
397 87
398 87
399 87
400 87
401 87
402 87
403 87
404 87
405 87
406 87
407 87
393 88
394 88
395 88
396 88
397 88
398 88
399 88
400 88
401 88
402 88
403 88
404 88
405 88
406 88
407 88
393 89
394 89
395 89
396 89
397 89
398 89
399 89
400 89
401 89
402 89
403 89
404 89
405 89
406 89
407 89
393 90
394 90
395 90
396 90
397 90
398 90
399 90
400 90
401 90
402 90
403 90
404 90
405 90
406 90
407 90
408 90
393 91
394 91
395 91
396 91
397 91
398 91
399 91
400 91
401 91
402 91
403 91
404 91
405 91
406 91
407 91
408 91
393 92
394 92
395 92
396 92
397 92
398 92
399 92
400 92
401 92
402 92
403 92
404 92
405 92
406 92
407 92
408 92
393 93
394 93
395 93
396 93
397 93
398 93
399 93
400 93
401 93
402 93
403 93
404 93
405 93
406 93
407 93
408 93
394 94
395 94
396 94
397 94
398 94
399 94
400 94
401 94
402 94
403 94
404 94
405 94
406 94
407 94
408 94
409 94
394 95
395 95
396 95
397 95
398 95
399 95
400 95
401 95
402 95
403 95
404 95
405 95
406 95
407 95
408 95
409 95
394 96
395 96
396 96
397 96
398 96
399 96
400 96
401 96
402 96
403 96
404 96
405 96
406 96
407 96
408 96
409 96
394 97
395 97
396 97
397 97
398 97
399 97
400 97
401 97
402 97
403 97
404 97
405 97
406 97
407 97
408 97
409 97
394 98
395 98
396 98
397 98
398 98
399 98
400 98
405 98
406 98
407 98
408 98
409 98
394 99
395 99
396 99
397 99
398 99
399 99
405 99
406 99
407 99
408 99
409 99
394 100
395 100
396 100
397 100
398 100
405 100
406 100
407 100
408 100
409 100
394 101
395 101
396 101
397 101
405 101
406 101
407 101
408 101
409 101
410 101
394 102
395 102
396 102
397 102
406 102
407 102
408 102
409 102
410 102
394 103
395 103
396 103
397 103
406 103
407 103
408 103
409 103
410 103
411 103
394 104
395 104
396 104
407 104
408 104
409 104
410 104
411 104
394 105
395 105
396 105
408 105
409 105
410 105
411 105
412 105
394 106
395 106
396 106
409 106
410 106
411 106
412 106
413 106
394 107
395 107
396 107
397 107
410 107
411 107
412 107
413 107
394 108
395 108
396 108
397 108
411 108
412 108
413 108
394 109
395 109
396 109
397 109
412 109
413 109
414 109
394 110
395 110
396 110
397 110
412 110
413 110
414 110
415 110
393 111
394 111
395 111
396 111
397 111
413 111
414 111
415 111
393 112
394 112
395 112
396 112
413 112
414 112
415 112
393 113
394 113
395 113
396 113
413 113
414 113
415 113
393 114
394 114
395 114
413 114
414 114
415 114

FRAME 21
398 76
399 76
400 76
397 77
398 77
399 77
400 77
401 77
397 78
398 78
399 78
400 78
401 78
397 79
398 79
399 79
400 79
401 79
396 80
397 80
398 80
399 80
400 80
401 80
402 80
396 81
397 81
398 81
399 81
400 81
401 81
402 81
395 82
396 82
397 82
398 82
399 82
400 82
401 82
402 82
403 82
395 83
396 83
397 83
398 83
399 83
400 83
401 83
402 83
403 83
404 83
394 84
395 84
396 84
397 84
398 84
399 84
400 84
401 84
402 84
403 84
404 84
405 84
394 85
395 85
396 85
397 85
398 85
399 85
400 85
401 85
402 85
403 85
404 85
405 85
406 85
393 86
394 86
395 86
396 86
397 86
398 86
399 86
400 86
401 86
402 86
403 86
404 86
405 86
406 86
393 87
394 87
395 87
396 87
397 87
398 87
399 87
400 87
401 87
402 87
403 87
404 87
405 87
406 87
393 88
394 88
395 88
396 88
397 88
398 88
399 88
400 88
401 88
402 88
403 88
404 88
405 88
406 88
407 88
393 89
394 89
395 89
396 89
397 89
398 89
399 89
400 89
401 89
402 89
403 89
404 89
405 89
406 89
407 89
393 90
394 90
395 90
396 90
397 90
398 90
399 90
400 90
401 90
402 90
403 90
404 90
405 90
406 90
407 90
393 91
394 91
395 91
396 91
397 91
398 91
399 91
400 91
401 91
402 91
403 91
404 91
405 91
406 91
407 91
408 91
393 92
394 92
395 92
396 92
397 92
398 92
399 92
400 92
401 92
402 92
403 92
404 92
405 92
406 92
407 92
408 92
393 93
394 93
395 93
396 93
397 93
398 93
399 93
400 93
401 93
402 93
403 93
404 93
405 93
406 93
407 93
408 93
393 94
394 94
395 94
396 94
397 94
398 94
399 94
400 94
401 94
402 94
403 94
404 94
405 94
406 94
407 94
408 94
393 95
394 95
395 95
396 95
397 95
398 95
399 95
400 95
401 95
402 95
403 95
404 95
405 95
406 95
407 95
408 95
394 96
395 96
396 96
397 96
398 96
399 96
400 96
401 96
402 96
403 96
404 96
405 96
406 96
407 96
408 96
409 96
394 97
395 97
396 97
397 97
398 97
399 97
400 97
401 97
402 97
403 97
404 97
405 97
406 97
407 97
408 97
409 97
394 98
395 98
396 98
397 98
398 98
399 98
400 98
401 98
402 98
404 98
405 98
406 98
407 98
408 98
409 98
393 99
394 99
395 99
396 99
397 99
398 99
399 99
400 99
405 99
406 99
407 99
408 99
409 99
393 100
394 100
395 100
396 100
397 100
398 100
405 100
406 100
407 100
408 100
409 100
393 101
394 101
395 101
396 101
397 101
405 101
406 101
407 101
408 101
409 101
393 102
394 102
395 102
396 102
406 102
407 102
408 102
409 102
410 102
393 103
394 103
395 103
396 103
406 103
407 103
408 103
409 103
410 103
411 103
393 104
394 104
395 104
396 104
406 104
407 104
408 104
409 104
410 104
411 104
393 105
394 105
395 105
396 105
407 105
408 105
409 105
410 105
411 105
412 105
394 106
395 106
396 106
408 106
409 106
410 106
411 106
412 106
413 106
394 107
395 107
396 107
397 107
409 107
410 107
411 107
412 107
413 107
394 108
395 108
396 108
397 108
410 108
411 108
412 108
413 108
414 108
395 109
396 109
397 109
398 109
412 109
413 109
414 109
415 109
394 110
395 110
396 110
397 110
398 110
413 110
414 110
415 110
394 111
395 111
396 111
397 111
398 111
413 111
414 111
415 111
416 111
394 112
395 112
396 112
397 112
414 112
415 112
416 112
393 113
394 113
395 113
396 113
414 113
415 113
416 113
393 114
394 114
395 114
414 114
415 114
416 114

FRAME 22
397 76
398 76
399 76
400 76
396 77
397 77
398 77
399 77
400 77
396 78
397 78
398 78
399 78
400 78
401 78
396 79
397 79
398 79
399 79
400 79
401 79
396 80
397 80
398 80
399 80
400 80
401 80
396 81
397 81
398 81
399 81
400 81
401 81
402 81
395 82
396 82
397 82
398 82
399 82
400 82
401 82
402 82
403 82
394 83
395 83
396 83
397 83
398 83
399 83
400 83
401 83
402 83
403 83
404 83
394 84
395 84
396 84
397 84
398 84
399 84
400 84
401 84
402 84
403 84
404 84
394 85
395 85
396 85
397 85
398 85
399 85
400 85
401 85
402 85
403 85
404 85
405 85
393 86
394 86
395 86
396 86
397 86
398 86
399 86
400 86
401 86
402 86
403 86
404 86
405 86
406 86
393 87
394 87
395 87
396 87
397 87
398 87
399 87
400 87
401 87
402 87
403 87
404 87
405 87
406 87
393 88
394 88
395 88
396 88
397 88
398 88
399 88
400 88
401 88
402 88
403 88
404 88
405 88
406 88
393 89
394 89
395 89
396 89
397 89
398 89
399 89
400 89
401 89
402 89
403 89
404 89
405 89
406 89
407 89
393 90
394 90
395 90
396 90
397 90
398 90
399 90
400 90
401 90
402 90
403 90
404 90
405 90
406 90
407 90
393 91
394 91
395 91
396 91
397 91
398 91
399 91
400 91
401 91
402 91
403 91
404 91
405 91
406 91
407 91
408 91
393 92
394 92
395 92
396 92
397 92
398 92
399 92
400 92
401 92
402 92
403 92
404 92
405 92
406 92
407 92
408 92
393 93
394 93
395 93
396 93
397 93
398 93
399 93
400 93
401 93
402 93
403 93
404 93
405 93
406 93
407 93
408 93
393 94
394 94
395 94
396 94
397 94
398 94
399 94
400 94
401 94
402 94
403 94
404 94
405 94
406 94
407 94
408 94
393 95
394 95
395 95
396 95
397 95
398 95
399 95
400 95
401 95
402 95
403 95
404 95
405 95
406 95
407 95
408 95
393 96
394 96
395 96
396 96
397 96
398 96
399 96
400 96
401 96
402 96
403 96
404 96
405 96
406 96
407 96
408 96
393 97
394 97
395 97
396 97
397 97
398 97
399 97
400 97
401 97
402 97
403 97
404 97
405 97
406 97
407 97
408 97
409 97
393 98
394 98
395 98
396 98
397 98
398 98
399 98
400 98
401 98
402 98
403 98
404 98
405 98
406 98
407 98
408 98
409 98
393 99
394 99
395 99
396 99
397 99
398 99
399 99
404 99
405 99
406 99
407 99
408 99
409 99
393 100
394 100
395 100
396 100
397 100
398 100
405 100
406 100
407 100
408 100
409 100
392 101
393 101
394 101
395 101
396 101
397 101
405 101
406 101
407 101
408 101
409 101
392 102
393 102
394 102
395 102
396 102
405 102
406 102
407 102
408 102
409 102
410 102
392 103
393 103
394 103
395 103
396 103
405 103
406 103
407 103
408 103
409 103
410 103
392 104
393 104
394 104
395 104
396 104
406 104
407 104
408 104
409 104
410 104
411 104
393 105
394 105
395 105
396 105
407 105
408 105
409 105
410 105
411 105
412 105
393 106
394 106
395 106
396 106
407 106
408 106
409 106
410 106
411 106
412 106
413 106
394 107
395 107
396 107
397 107
408 107
409 107
410 107
411 107
412 107
413 107
395 108
396 108
397 108
410 108
411 108
412 108
413 108
414 108
395 109
396 109
397 109
398 109
411 109
412 109
413 109
414 109
415 109
395 110
396 110
397 110
398 110
412 110
413 110
414 110
415 110
394 111
395 111
396 111
397 111
398 111
413 111
414 111
415 111
416 111
394 112
395 112
396 112
397 112
398 112
413 112
414 112
415 112
416 112
394 113
395 113
396 113
397 113
414 113
415 113
416 113
393 114
394 114
395 114
414 114
415 114
416 114

FRAME 23
396 76
397 76
398 76
399 76
396 77
397 77
398 77
399 77
400 77
395 78
396 78
397 78
398 78
399 78
400 78
395 79
396 79
397 79
398 79
399 79
400 79
395 80
396 80
397 80
398 80
399 80
400 80
395 81
396 81
397 81
398 81
399 81
400 81
401 81
394 82
395 82
396 82
397 82
398 82
399 82
400 82
401 82
402 82
394 83
395 83
396 83
397 83
398 83
399 83
400 83
401 83
402 83
403 83
393 84
394 84
395 84
396 84
397 84
398 84
399 84
400 84
401 84
402 84
403 84
393 85
394 85
395 85
396 85
397 85
398 85
399 85
400 85
401 85
402 85
403 85
404 85
393 86
394 86
395 86
396 86
397 86
398 86
399 86
400 86
401 86
402 86
403 86
404 86
405 86
393 87
394 87
395 87
396 87
397 87
398 87
399 87
400 87
401 87
402 87
403 87
404 87
405 87
393 88
394 88
395 88
396 88
397 88
398 88
399 88
400 88
401 88
402 88
403 88
404 88
405 88
406 88
393 89
394 89
395 89
396 89
397 89
398 89
399 89
400 89
401 89
402 89
403 89
404 89
405 89
406 89
393 90
394 90
395 90
396 90
397 90
398 90
399 90
400 90
401 90
402 90
403 90
404 90
405 90
406 90
393 91
394 91
395 91
396 91
397 91
398 91
399 91
400 91
401 91
402 91
403 91
404 91
405 91
406 91
407 91
393 92
394 92
395 92
396 92
397 92
398 92
399 92
400 92
401 92
402 92
403 92
404 92
405 92
406 92
407 92
393 93
394 93
395 93
396 93
397 93
398 93
399 93
400 93
401 93
402 93
403 93
404 93
405 93
406 93
407 93
392 94
393 94
394 94
395 94
396 94
397 94
398 94
399 94
400 94
401 94
402 94
403 94
404 94
405 94
406 94
407 94
392 95
393 95
394 95
395 95
396 95
397 95
398 95
399 95
400 95
401 95
402 95
403 95
404 95
405 95
406 95
407 95
392 96
393 96
394 96
395 96
396 96
397 96
398 96
399 96
400 96
401 96
402 96
403 96
404 96
405 96
406 96
407 96
408 96
392 97
393 97
394 97
395 97
396 97
397 97
398 97
399 97
400 97
401 97
402 97
403 97
404 97
405 97
406 97
407 97
408 97
392 98
393 98
394 98
395 98
396 98
397 98
398 98
399 98
400 98
402 98
403 98
404 98
405 98
406 98
407 98
408 98
391 99
392 99
393 99
394 99
395 99
396 99
397 99
398 99
403 99
404 99
405 99
406 99
407 99
408 99
391 100
392 100
393 100
394 100
395 100
396 100
403 100
404 100
405 100
406 100
407 100
408 100
391 101
392 101
393 101
394 101
395 101
404 101
405 101
406 101
407 101
408 101
391 102
392 102
393 102
394 102
395 102
404 102
405 102
406 102
407 102
408 102
409 102
391 103
392 103
393 103
394 103
395 103
404 103
405 103
406 103
407 103
408 103
409 103
392 104
393 104
394 104
395 104
405 104
406 104
407 104
408 104
409 104
410 104
393 105
394 105
395 105
396 105
405 105
406 105
407 105
408 105
409 105
410 105
411 105
393 106
394 106
395 106
396 106
406 106
407 106
408 106
409 106
410 106
411 106
412 106
394 107
395 107
396 107
397 107
408 107
409 107
410 107
411 107
412 107
413 107
395 108
396 108
397 108
409 108
410 108
411 108
412 108
413 108
414 108
395 109
396 109
397 109
398 109
411 109
412 109
413 109
414 109
415 109
395 110
396 110
397 110
398 110
412 110
413 110
414 110
415 110
395 111
396 111
397 111
398 111
413 111
414 111
415 111
416 111
394 112
395 112
396 112
397 112
398 112
413 112
414 112
415 112
416 112
394 113
395 113
396 113
397 113
414 113
415 113
416 113
393 114
394 114
395 114
396 114
414 114
415 114
416 114

FRAME 24
396 75
397 75
394 76
395 76
396 76
397 76
398 76
394 77
395 77
396 77
397 77
398 77
399 77
394 78
395 78
396 78
397 78
398 78
399 78
394 79
395 79
396 79
397 79
398 79
399 79
394 80
395 80
396 80
397 80
398 80
399 80
393 81
394 81
395 81
396 81
397 81
398 81
399 81
400 81
393 82
394 82
395 82
396 82
397 82
398 82
399 82
400 82
401 82
393 83
394 83
395 83
396 83
397 83
398 83
399 83
400 83
401 83
402 83
393 84
394 84
395 84
396 84
397 84
398 84
399 84
400 84
401 84
402 84
403 84
393 85
394 85
395 85
396 85
397 85
398 85
399 85
400 85
401 85
402 85
403 85
393 86
394 86
395 86
396 86
397 86
398 86
399 86
400 86
401 86
402 86
403 86
404 86
392 87
393 87
394 87
395 87
396 87
397 87
398 87
399 87
400 87
401 87
402 87
403 87
404 87
392 88
393 88
394 88
395 88
396 88
397 88
398 88
399 88
400 88
401 88
402 88
403 88
404 88
405 88
392 89
393 89
394 89
395 89
396 89
397 89
398 89
399 89
400 89
401 89
402 89
403 89
404 89
405 89
392 90
393 90
394 90
395 90
396 90
397 90
398 90
399 90
400 90
401 90
402 90
403 90
404 90
405 90
406 90
392 91
393 91
394 91
395 91
396 91
397 91
398 91
399 91
400 91
401 91
402 91
403 91
404 91
405 91
406 91
391 92
392 92
393 92
394 92
395 92
396 92
397 92
398 92
399 92
400 92
401 92
402 92
403 92
404 92
405 92
406 92
391 93
392 93
393 93
394 93
395 93
396 93
397 93
398 93
399 93
400 93
401 93
402 93
403 93
404 93
405 93
406 93
391 94
392 94
393 94
394 94
395 94
396 94
397 94
398 94
399 94
400 94
401 94
402 94
403 94
404 94
405 94
406 94
391 95
392 95
393 95
394 95
395 95
396 95
397 95
398 95
399 95
400 95
401 95
402 95
403 95
404 95
405 95
406 95
391 96
392 96
393 96
394 96
395 96
396 96
397 96
398 96
399 96
400 96
401 96
402 96
403 96
404 96
405 96
406 96
391 97
392 97
393 97
394 97
395 97
396 97
397 97
398 97
399 97
400 97
401 97
402 97
403 97
404 97
405 97
406 97
391 98
392 98
393 98
394 98
395 98
396 98
397 98
400 98
401 98
402 98
403 98
404 98
405 98
406 98
391 99
392 99
393 99
394 99
395 99
396 99
401 99
402 99
403 99
404 99
405 99
406 99
390 100
391 100
392 100
393 100
394 100
395 100
401 100
402 100
403 100
404 100
405 100
406 100
391 101
392 101
393 101
394 101
395 101
401 101
402 101
403 101
404 101
405 101
406 101
391 102
392 102
393 102
394 102
395 102
401 102
402 102
403 102
404 102
405 102
406 102
407 102
391 103
392 103
393 103
394 103
395 103
401 103
402 103
403 103
404 103
405 103
406 103
407 103
392 104
393 104
394 104
395 104
402 104
403 104
404 104
405 104
406 104
407 104
408 104
392 105
393 105
394 105
395 105
396 105
403 105
404 105
405 105
406 105
407 105
408 105
409 105
393 106
394 106
395 106
396 106
404 106
405 106
406 106
407 106
408 106
409 106
410 106
394 107
395 107
396 107
397 107
406 107
407 107
408 107
409 107
410 107
411 107
394 108
395 108
396 108
397 108
408 108
409 108
410 108
411 108
412 108
395 109
396 109
397 109
398 109
409 109
410 109
411 109
412 109
413 109
395 110
396 110
397 110
398 110
410 110
411 110
412 110
413 110
414 110
394 111
395 111
396 111
397 111
398 111
411 111
412 111
413 111
414 111
394 112
395 112
396 112
397 112
398 112
412 112
413 112
414 112
393 113
394 113
395 113
396 113
397 113
412 113
413 113
414 113
393 114
394 114
395 114
413 114
414 114

FRAME 25
395 75
396 75
397 75
394 76
395 76
396 76
397 76
398 76
394 77
395 77
396 77
397 77
398 77
394 78
395 78
396 78
397 78
398 78
393 79
394 79
395 79
396 79
397 79
398 79
399 79
393 80
394 80
395 80
396 80
397 80
398 80
399 80
393 81
394 81
395 81
396 81
397 81
398 81
399 81
400 81
393 82
394 82
395 82
396 82
397 82
398 82
399 82
400 82
401 82
392 83
393 83
394 83
395 83
396 83
397 83
398 83
399 83
400 83
401 83
402 83
392 84
393 84
394 84
395 84
396 84
397 84
398 84
399 84
400 84
401 84
402 84
392 85
393 85
394 85
395 85
396 85
397 85
398 85
399 85
400 85
401 85
402 85
403 85
392 86
393 86
394 86
395 86
396 86
397 86
398 86
399 86
400 86
401 86
402 86
403 86
392 87
393 87
394 87
395 87
396 87
397 87
398 87
399 87
400 87
401 87
402 87
403 87
404 87
392 88
393 88
394 88
395 88
396 88
397 88
398 88
399 88
400 88
401 88
402 88
403 88
404 88
405 88
391 89
392 89
393 89
394 89
395 89
396 89
397 89
398 89
399 89
400 89
401 89
402 89
403 89
404 89
405 89
391 90
392 90
393 90
394 90
395 90
396 90
397 90
398 90
399 90
400 90
401 90
402 90
403 90
404 90
405 90
391 91
392 91
393 91
394 91
395 91
396 91
397 91
398 91
399 91
400 91
401 91
402 91
403 91
404 91
405 91
391 92
392 92
393 92
394 92
395 92
396 92
397 92
398 92
399 92
400 92
401 92
402 92
403 92
404 92
405 92
391 93
392 93
393 93
394 93
395 93
396 93
397 93
398 93
399 93
400 93
401 93
402 93
403 93
404 93
405 93
391 94
392 94
393 94
394 94
395 94
396 94
397 94
398 94
399 94
400 94
401 94
402 94
403 94
404 94
405 94
391 95
392 95
393 95
394 95
395 95
396 95
397 95
398 95
399 95
400 95
401 95
402 95
403 95
404 95
405 95
391 96
392 96
393 96
394 96
395 96
396 96
397 96
398 96
399 96
400 96
401 96
402 96
403 96
404 96
405 96
391 97
392 97
393 97
394 97
395 97
396 97
397 97
398 97
399 97
400 97
401 97
402 97
403 97
404 97
390 98
391 98
392 98
393 98
394 98
395 98
396 98
397 98
399 98
400 98
401 98
402 98
403 98
404 98
390 99
391 99
392 99
393 99
394 99
395 99
400 99
401 99
402 99
403 99
404 99
390 100
391 100
392 100
393 100
394 100
400 100
401 100
402 100
403 100
404 100
390 101
391 101
392 101
393 101
394 101
400 101
401 101
402 101
403 101
404 101
405 101
391 102
392 102
393 102
394 102
400 102
401 102
402 102
403 102
404 102
405 102
391 103
392 103
393 103
394 103
395 103
400 103
401 103
402 103
403 103
404 103
405 103
406 103
392 104
393 104
394 104
395 104
400 104
401 104
402 104
403 104
404 104
405 104
406 104
407 104
392 105
393 105
394 105
395 105
396 105
401 105
402 105
403 105
404 105
405 105
406 105
407 105
408 105
393 106
394 106
395 106
396 106
403 106
404 106
405 106
406 106
407 106
408 106
409 106
393 107
394 107
395 107
396 107
405 107
406 107
407 107
408 107
409 107
410 107
411 107
394 108
395 108
396 108
397 108
407 108
408 108
409 108
410 108
411 108
394 109
395 109
396 109
397 109
398 109
408 109
409 109
410 109
411 109
412 109
394 110
395 110
396 110
397 110
398 110
409 110
410 110
411 110
412 110
394 111
395 111
396 111
397 111
398 111
409 111
410 111
411 111
412 111
394 112
395 112
396 112
397 112
410 112
411 112
412 112
393 113
394 113
395 113
396 113
410 113
411 113
412 113
413 113
393 114
394 114
395 114
411 114
412 114

FRAME 26
394 75
395 75
396 75
393 76
394 76
395 76
396 76
397 76
393 77
394 77
395 77
396 77
397 77
392 78
393 78
394 78
395 78
396 78
397 78
398 78
392 79
393 79
394 79
395 79
396 79
397 79
398 79
392 80
393 80
394 80
395 80
396 80
397 80
398 80
392 81
393 81
394 81
395 81
396 81
397 81
398 81
399 81
391 82
392 82
393 82
394 82
395 82
396 82
397 82
398 82
399 82
400 82
391 83
392 83
393 83
394 83
395 83
396 83
397 83
398 83
399 83
400 83
401 83
391 84
392 84
393 84
394 84
395 84
396 84
397 84
398 84
399 84
400 84
401 84
402 84
391 85
392 85
393 85
394 85
395 85
396 85
397 85
398 85
399 85
400 85
401 85
402 85
403 85
391 86
392 86
393 86
394 86
395 86
396 86
397 86
398 86
399 86
400 86
401 86
402 86
403 86
391 87
392 87
393 87
394 87
395 87
396 87
397 87
398 87
399 87
400 87
401 87
402 87
403 87
404 87
390 88
391 88
392 88
393 88
394 88
395 88
396 88
397 88
398 88
399 88
400 88
401 88
402 88
403 88
404 88
390 89
391 89
392 89
393 89
394 89
395 89
396 89
397 89
398 89
399 89
400 89
401 89
402 89
403 89
404 89
390 90
391 90
392 90
393 90
394 90
395 90
396 90
397 90
398 90
399 90
400 90
401 90
402 90
403 90
404 90
390 91
391 91
392 91
393 91
394 91
395 91
396 91
397 91
398 91
399 91
400 91
401 91
402 91
403 91
404 91
390 92
391 92
392 92
393 92
394 92
395 92
396 92
397 92
398 92
399 92
400 92
401 92
402 92
403 92
404 92
390 93
391 93
392 93
393 93
394 93
395 93
396 93
397 93
398 93
399 93
400 93
401 93
402 93
403 93
404 93
390 94
391 94
392 94
393 94
394 94
395 94
396 94
397 94
398 94
399 94
400 94
401 94
402 94
403 94
404 94
390 95
391 95
392 95
393 95
394 95
395 95
396 95
397 95
398 95
399 95
400 95
401 95
402 95
403 95
390 96
391 96
392 96
393 96
394 96
395 96
396 96
397 96
398 96
399 96
400 96
401 96
402 96
403 96
390 97
391 97
392 97
393 97
394 97
395 97
396 97
397 97
398 97
399 97
400 97
401 97
402 97
403 97
389 98
390 98
391 98
392 98
393 98
394 98
395 98
396 98
397 98
398 98
399 98
400 98
401 98
402 98
389 99
390 99
391 99
392 99
393 99
394 99
395 99
396 99
397 99
398 99
399 99
400 99
401 99
402 99
389 100
390 100
391 100
392 100
393 100
394 100
395 100
396 100
397 100
398 100
399 100
400 100
401 100
402 100
390 101
391 101
392 101
393 101
394 101
395 101
396 101
397 101
398 101
399 101
400 101
401 101
402 101
390 102
391 102
392 102
393 102
394 102
395 102
396 102
397 102
398 102
399 102
400 102
401 102
402 102
391 103
392 103
393 103
394 103
395 103
397 103
398 103
399 103
400 103
401 103
402 103
391 104
392 104
393 104
394 104
395 104
397 104
398 104
399 104
400 104
401 104
402 104
403 104
392 105
393 105
394 105
395 105
399 105
400 105
401 105
402 105
403 105
404 105
393 106
394 106
395 106
396 106
401 106
402 106
403 106
404 106
405 106
406 106
393 107
394 107
395 107
396 107
403 107
404 107
405 107
406 107
407 107
408 107
393 108
394 108
395 108
396 108
397 108
404 108
405 108
406 108
407 108
408 108
394 109
395 109
396 109
397 109
405 109
406 109
407 109
408 109
394 110
395 110
396 110
397 110
405 110
406 110
407 110
408 110
393 111
394 111
395 111
396 111
397 111
405 111
406 111
407 111
408 111
393 112
394 112
395 112
396 112
405 112
406 112
407 112
393 113
394 113
395 113
396 113
406 113
407 113
393 114
394 114

FRAME 27
393 75
394 75
395 75
396 75
392 76
393 76
394 76
395 76
396 76
392 77
393 77
394 77
395 77
396 77
392 78
393 78
394 78
395 78
396 78
397 78
391 79
392 79
393 79
394 79
395 79
396 79
397 79
391 80
392 80
393 80
394 80
395 80
396 80
397 80
398 80
391 81
392 81
393 81
394 81
395 81
396 81
397 81
398 81
399 81
391 82
392 82
393 82
394 82
395 82
396 82
397 82
398 82
399 82
391 83
392 83
393 83
394 83
395 83
396 83
397 83
398 83
399 83
400 83
391 84
392 84
393 84
394 84
395 84
396 84
397 84
398 84
399 84
400 84
401 84
391 85
392 85
393 85
394 85
395 85
396 85
397 85
398 85
399 85
400 85
401 85
402 85
390 86
391 86
392 86
393 86
394 86
395 86
396 86
397 86
398 86
399 86
400 86
401 86
402 86
390 87
391 87
392 87
393 87
394 87
395 87
396 87
397 87
398 87
399 87
400 87
401 87
402 87
403 87
390 88
391 88
392 88
393 88
394 88
395 88
396 88
397 88
398 88
399 88
400 88
401 88
402 88
403 88
390 89
391 89
392 89
393 89
394 89
395 89
396 89
397 89
398 89
399 89
400 89
401 89
402 89
403 89
389 90
390 90
391 90
392 90
393 90
394 90
395 90
396 90
397 90
398 90
399 90
400 90
401 90
402 90
403 90
389 91
390 91
391 91
392 91
393 91
394 91
395 91
396 91
397 91
398 91
399 91
400 91
401 91
402 91
403 91
389 92
390 92
391 92
392 92
393 92
394 92
395 92
396 92
397 92
398 92
399 92
400 92
401 92
402 92
403 92
390 93
391 93
392 93
393 93
394 93
395 93
396 93
397 93
398 93
399 93
400 93
401 93
402 93
403 93
389 94
390 94
391 94
392 94
393 94
394 94
395 94
396 94
397 94
398 94
399 94
400 94
401 94
402 94
403 94
389 95
390 95
391 95
392 95
393 95
394 95
395 95
396 95
397 95
398 95
399 95
400 95
401 95
402 95
388 96
389 96
390 96
391 96
392 96
393 96
394 96
395 96
396 96
397 96
398 96
399 96
400 96
401 96
388 97
389 97
390 97
391 97
392 97
393 97
394 97
395 97
396 97
397 97
398 97
399 97
400 97
388 98
389 98
390 98
391 98
392 98
393 98
394 98
395 98
396 98
397 98
398 98
399 98
388 99
389 99
390 99
391 99
392 99
393 99
394 99
395 99
396 99
397 99
398 99
399 99
388 100
389 100
390 100
391 100
392 100
393 100
394 100
395 100
396 100
397 100
398 100
399 100
389 101
390 101
391 101
392 101
393 101
394 101
395 101
396 101
397 101
398 101
399 101
390 102
391 102
392 102
393 102
394 102
395 102
396 102
397 102
398 102
399 102
390 103
391 103
392 103
393 103
394 103
395 103
396 103
397 103
398 103
399 103
400 103
391 104
392 104
393 104
394 104
395 104
396 104
397 104
398 104
399 104
400 104
392 105
393 105
394 105
395 105
396 105
397 105
398 105
399 105
400 105
393 106
394 106
395 106
396 106
397 106
398 106
399 106
400 106
401 106
394 107
395 107
396 107
397 107
398 107
399 107
400 107
401 107
394 108
395 108
396 108
397 108
398 108
399 108
400 108
401 108
402 108
393 109
394 109
395 109
396 109
397 109
399 109
400 109
401 109
402 109
403 109
393 110
394 110
395 110
396 110
397 110
400 110
401 110
402 110
403 110
393 111
394 111
395 111
396 111
400 111
401 111
402 111
403 111
393 112
394 112
395 112
399 112
400 112
401 112
402 112
403 112
393 113
394 113
400 113
401 113
402 113
403 113
401 114

FRAME 28
392 75
393 75
394 75
395 75
391 76
392 76
393 76
394 76
395 76
396 76
391 77
392 77
393 77
394 77
395 77
396 77
391 78
392 78
393 78
394 78
395 78
396 78
391 79
392 79
393 79
394 79
395 79
396 79
391 80
392 80
393 80
394 80
395 80
396 80
397 80
391 81
392 81
393 81
394 81
395 81
396 81
397 81
398 81
390 82
391 82
392 82
393 82
394 82
395 82
396 82
397 82
398 82
399 82
390 83
391 83
392 83
393 83
394 83
395 83
396 83
397 83
398 83
399 83
400 83
390 84
391 84
392 84
393 84
394 84
395 84
396 84
397 84
398 84
399 84
400 84
401 84
390 85
391 85
392 85
393 85
394 85
395 85
396 85
397 85
398 85
399 85
400 85
401 85
390 86
391 86
392 86
393 86
394 86
395 86
396 86
397 86
398 86
399 86
400 86
401 86
402 86
390 87
391 87
392 87
393 87
394 87
395 87
396 87
397 87
398 87
399 87
400 87
401 87
402 87
390 88
391 88
392 88
393 88
394 88
395 88
396 88
397 88
398 88
399 88
400 88
401 88
402 88
403 88
389 89
390 89
391 89
392 89
393 89
394 89
395 89
396 89
397 89
398 89
399 89
400 89
401 89
402 89
403 89
388 90
389 90
390 90
391 90
392 90
393 90
394 90
395 90
396 90
397 90
398 90
399 90
400 90
401 90
402 90
403 90
388 91
389 91
390 91
391 91
392 91
393 91
394 91
395 91
396 91
397 91
398 91
399 91
400 91
401 91
402 91
403 91
388 92
389 92
390 92
391 92
392 92
393 92
394 92
395 92
396 92
397 92
398 92
399 92
400 92
401 92
402 92
403 92
389 93
390 93
391 93
392 93
393 93
394 93
395 93
396 93
397 93
398 93
399 93
400 93
401 93
402 93
403 93
388 94
389 94
390 94
391 94
392 94
393 94
394 94
395 94
396 94
397 94
398 94
399 94
400 94
401 94
402 94
388 95
389 95
390 95
391 95
392 95
393 95
394 95
395 95
396 95
397 95
398 95
399 95
400 95
401 95
388 96
389 96
390 96
391 96
392 96
393 96
394 96
395 96
396 96
397 96
398 96
399 96
400 96
401 96
388 97
389 97
390 97
391 97
392 97
393 97
394 97
395 97
396 97
397 97
398 97
399 97
400 97
388 98
389 98
390 98
391 98
392 98
393 98
394 98
395 98
396 98
397 98
398 98
388 99
389 99
390 99
391 99
392 99
393 99
394 99
395 99
396 99
397 99
398 99
388 100
389 100
390 100
391 100
392 100
393 100
394 100
395 100
396 100
397 100
398 100
389 101
390 101
391 101
392 101
393 101
394 101
395 101
396 101
397 101
398 101
389 102
390 102
391 102
392 102
393 102
394 102
395 102
396 102
397 102
398 102
390 103
391 103
392 103
393 103
394 103
395 103
396 103
397 103
398 103
391 104
392 104
393 104
394 104
395 104
396 104
397 104
398 104
392 105
393 105
394 105
395 105
396 105
397 105
398 105
399 105
393 106
394 106
395 106
396 106
397 106
398 106
399 106
393 107
394 107
395 107
396 107
397 107
398 107
399 107
393 108
394 108
395 108
396 108
397 108
398 108
399 108
400 108
393 109
394 109
395 109
396 109
397 109
398 109
399 109
400 109
392 110
393 110
394 110
395 110
396 110
397 110
398 110
399 110
400 110
401 110
392 111
393 111
394 111
395 111
396 111
397 111
398 111
399 111
400 111
401 111
392 112
393 112
394 112
395 112
397 112
398 112
399 112
400 112
401 112
397 113
398 113
399 113
400 113
401 113
397 114
398 114
399 114
400 114
401 114
397 115
398 115
399 115
400 115
398 116
399 116

FRAME 29
391 75
392 75
393 75
394 75
391 76
392 76
393 76
394 76
390 77
391 77
392 77
393 77
394 77
395 77
390 78
391 78
392 78
393 78
394 78
395 78
390 79
391 79
392 79
393 79
394 79
395 79
390 80
391 80
392 80
393 80
394 80
395 80
396 80
390 81
391 81
392 81
393 81
394 81
395 81
396 81
397 81
390 82
391 82
392 82
393 82
394 82
395 82
396 82
397 82
398 82
390 83
391 83
392 83
393 83
394 83
395 83
396 83
397 83
398 83
399 83
390 84
391 84
392 84
393 84
394 84
395 84
396 84
397 84
398 84
399 84
390 85
391 85
392 85
393 85
394 85
395 85
396 85
397 85
398 85
399 85
400 85
390 86
391 86
392 86
393 86
394 86
395 86
396 86
397 86
398 86
399 86
400 86
401 86
389 87
390 87
391 87
392 87
393 87
394 87
395 87
396 87
397 87
398 87
399 87
400 87
401 87
388 88
389 88
390 88
391 88
392 88
393 88
394 88
395 88
396 88
397 88
398 88
399 88
400 88
401 88
402 88
388 89
389 89
390 89
391 89
392 89
393 89
394 89
395 89
396 89
397 89
398 89
399 89
400 89
401 89
402 89
387 90
388 90
389 90
390 90
391 90
392 90
393 90
394 90
395 90
396 90
397 90
398 90
399 90
400 90
401 90
402 90
387 91
388 91
389 91
390 91
391 91
392 91
393 91
394 91
395 91
396 91
397 91
398 91
399 91
400 91
401 91
402 91
387 92
388 92
389 92
390 92
391 92
392 92
393 92
394 92
395 92
396 92
397 92
398 92
399 92
400 92
401 92
402 92
388 93
389 93
390 93
391 93
392 93
393 93
394 93
395 93
396 93
397 93
398 93
399 93
400 93
401 93
402 93
388 94
389 94
390 94
391 94
392 94
393 94
394 94
395 94
396 94
397 94
398 94
399 94
400 94
401 94
402 94
387 95
388 95
389 95
390 95
391 95
392 95
393 95
394 95
395 95
396 95
397 95
398 95
399 95
400 95
401 95
387 96
388 96
389 96
390 96
391 96
392 96
393 96
394 96
395 96
396 96
397 96
398 96
399 96
400 96
386 97
387 97
388 97
389 97
390 97
391 97
392 97
393 97
394 97
395 97
396 97
397 97
398 97
399 97
386 98
387 98
388 98
389 98
390 98
391 98
392 98
393 98
394 98
395 98
396 98
397 98
398 98
386 99
387 99
388 99
389 99
390 99
391 99
392 99
393 99
394 99
395 99
396 99
397 99
398 99
387 100
388 100
389 100
390 100
391 100
392 100
393 100
394 100
395 100
396 100
397 100
387 101
388 101
389 101
390 101
391 101
392 101
393 101
394 101
395 101
396 101
388 102
389 102
390 102
391 102
392 102
393 102
394 102
395 102
396 102
389 103
390 103
391 103
392 103
393 103
394 103
395 103
396 103
390 104
391 104
392 104
393 104
394 104
395 104
396 104
391 105
392 105
393 105
394 105
395 105
396 105
392 106
393 106
394 106
395 106
396 106
397 106
392 107
393 107
394 107
395 107
396 107
397 107
392 108
393 108
394 108
395 108
396 108
397 108
391 109
392 109
393 109
394 109
395 109
396 109
397 109
391 110
392 110
393 110
394 110
395 110
396 110
397 110
398 110
391 111
392 111
393 111
394 111
395 111
396 111
397 111
398 111
391 112
392 112
393 112
394 112
395 112
396 112
397 112
398 112
394 113
395 113
396 113
397 113
398 113
399 113
395 114
396 114
397 114
398 114
399 114
395 115
396 115
397 115
398 115
399 115
395 116
396 116
397 116
398 116

FRAME 30
391 75
392 75
389 76
390 76
391 76
392 76
393 76
389 77
390 77
391 77
392 77
393 77
394 77
389 78
390 78
391 78
392 78
393 78
394 78
389 79
390 79
391 79
392 79
393 79
394 79
389 80
390 80
391 80
392 80
393 80
394 80
389 81
390 81
391 81
392 81
393 81
394 81
395 81
389 82
390 82
391 82
392 82
393 82
394 82
395 82
396 82
389 83
390 83
391 83
392 83
393 83
394 83
395 83
396 83
397 83
389 84
390 84
391 84
392 84
393 84
394 84
395 84
396 84
397 84
398 84
389 85
390 85
391 85
392 85
393 85
394 85
395 85
396 85
397 85
398 85
399 85
389 86
390 86
391 86
392 86
393 86
394 86
395 86
396 86
397 86
398 86
399 86
400 86
388 87
389 87
390 87
391 87
392 87
393 87
394 87
395 87
396 87
397 87
398 87
399 87
400 87
387 88
388 88
389 88
390 88
391 88
392 88
393 88
394 88
395 88
396 88
397 88
398 88
399 88
400 88
401 88
386 89
387 89
388 89
389 89
390 89
391 89
392 89
393 89
394 89
395 89
396 89
397 89
398 89
399 89
400 89
401 89
386 90
387 90
388 90
389 90
390 90
391 90
392 90
393 90
394 90
395 90
396 90
397 90
398 90
399 90
400 90
401 90
385 91
386 91
387 91
388 91
389 91
390 91
391 91
392 91
393 91
394 91
395 91
396 91
397 91
398 91
399 91
400 91
401 91
386 92
387 92
388 92
389 92
390 92
391 92
392 92
393 92
394 92
395 92
396 92
397 92
398 92
399 92
400 92
401 92
387 93
388 93
389 93
390 93
391 93
392 93
393 93
394 93
395 93
396 93
397 93
398 93
399 93
400 93
401 93
387 94
388 94
389 94
390 94
391 94
392 94
393 94
394 94
395 94
396 94
397 94
398 94
399 94
400 94
401 94
386 95
387 95
388 95
389 95
390 95
391 95
392 95
393 95
394 95
395 95
396 95
397 95
398 95
399 95
400 95
401 95
386 96
387 96
388 96
389 96
390 96
391 96
392 96
393 96
394 96
395 96
396 96
397 96
398 96
399 96
400 96
385 97
386 97
387 97
388 97
389 97
390 97
391 97
392 97
393 97
394 97
395 97
396 97
397 97
398 97
399 97
385 98
386 98
387 98
388 98
389 98
390 98
391 98
392 98
393 98
394 98
395 98
396 98
397 98
398 98
385 99
386 99
387 99
388 99
389 99
390 99
391 99
392 99
393 99
394 99
395 99
396 99
397 99
385 100
386 100
387 100
388 100
389 100
390 100
391 100
392 100
393 100
394 100
395 100
396 100
397 100
386 101
387 101
388 101
389 101
390 101
391 101
392 101
393 101
394 101
395 101
396 101
387 102
388 102
389 102
390 102
391 102
392 102
393 102
394 102
395 102
396 102
388 103
389 103
390 103
391 103
392 103
393 103
394 103
395 103
389 104
390 104
391 104
392 104
393 104
394 104
395 104
390 105
391 105
392 105
393 105
394 105
395 105
396 105
390 106
391 106
392 106
393 106
394 106
395 106
396 106
391 107
392 107
393 107
394 107
395 107
396 107
390 108
391 108
392 108
393 108
394 108
395 108
396 108
388 109
389 109
390 109
391 109
392 109
393 109
394 109
395 109
396 109
397 109
388 110
389 110
390 110
391 110
392 110
393 110
394 110
395 110
396 110
397 110
388 111
389 111
390 111
391 111
392 111
395 111
396 111
397 111
398 111
395 112
396 112
397 112
398 112
395 113
396 113
397 113
398 113
399 113
395 114
396 114
397 114
398 114
399 114
395 115
396 115
397 115
398 115
399 115
396 116
397 116
398 116

FRAME 31
389 76
390 76
391 76
392 76
393 76
389 77
390 77
391 77
392 77
393 77
389 78
390 78
391 78
392 78
393 78
389 79
390 79
391 79
392 79
393 79
394 79
389 80
390 80
391 80
392 80
393 80
394 80
389 81
390 81
391 81
392 81
393 81
394 81
395 81
389 82
390 82
391 82
392 82
393 82
394 82
395 82
396 82
389 83
390 83
391 83
392 83
393 83
394 83
395 83
396 83
397 83
389 84
390 84
391 84
392 84
393 84
394 84
395 84
396 84
397 84
398 84
388 85
389 85
390 85
391 85
392 85
393 85
394 85
395 85
396 85
397 85
398 85
388 86
389 86
390 86
391 86
392 86
393 86
394 86
395 86
396 86
397 86
398 86
399 86
387 87
388 87
389 87
390 87
391 87
392 87
393 87
394 87
395 87
396 87
397 87
398 87
399 87
400 87
386 88
387 88
388 88
389 88
390 88
391 88
392 88
393 88
394 88
395 88
396 88
397 88
398 88
399 88
400 88
386 89
387 89
388 89
389 89
390 89
391 89
392 89
393 89
394 89
395 89
396 89
397 89
398 89
399 89
400 89
385 90
386 90
387 90
388 90
389 90
390 90
391 90
392 90
393 90
394 90
395 90
396 90
397 90
398 90
399 90
400 90
401 90
385 91
386 91
387 91
388 91
389 91
390 91
391 91
392 91
393 91
394 91
395 91
396 91
397 91
398 91
399 91
400 91
401 91
385 92
386 92
387 92
388 92
389 92
390 92
391 92
392 92
393 92
394 92
395 92
396 92
397 92
398 92
399 92
400 92
401 92
386 93
387 93
388 93
389 93
390 93
391 93
392 93
393 93
394 93
395 93
396 93
397 93
398 93
399 93
400 93
401 93
386 94
387 94
388 94
389 94
390 94
391 94
392 94
393 94
394 94
395 94
396 94
397 94
398 94
399 94
400 94
401 94
386 95
387 95
388 95
389 95
390 95
391 95
392 95
393 95
394 95
395 95
396 95
397 95
398 95
399 95
400 95
385 96
386 96
387 96
388 96
389 96
390 96
391 96
392 96
393 96
394 96
395 96
396 96
397 96
398 96
399 96
400 96
385 97
386 97
387 97
388 97
389 97
390 97
391 97
392 97
393 97
394 97
395 97
396 97
397 97
398 97
399 97
385 98
386 98
387 98
388 98
389 98
390 98
391 98
392 98
393 98
394 98
395 98
396 98
397 98
398 98
385 99
386 99
387 99
388 99
389 99
390 99
391 99
392 99
393 99
394 99
395 99
396 99
397 99
385 100
386 100
387 100
388 100
389 100
390 100
391 100
392 100
393 100
394 100
395 100
396 100
385 101
386 101
387 101
388 101
389 101
390 101
391 101
392 101
393 101
394 101
395 101
396 101
386 102
387 102
388 102
389 102
390 102
391 102
392 102
393 102
394 102
395 102
387 103
388 103
389 103
390 103
391 103
392 103
393 103
394 103
395 103
388 104
389 104
390 104
391 104
392 104
393 104
394 104
395 104
389 105
390 105
391 105
392 105
393 105
394 105
395 105
389 106
390 106
391 106
392 106
393 106
394 106
395 106
396 106
389 107
390 107
391 107
392 107
393 107
394 107
395 107
396 107
387 108
388 108
389 108
390 108
391 108
392 108
393 108
394 108
395 108
396 108
387 109
388 109
389 109
390 109
391 109
392 109
393 109
394 109
395 109
396 109
397 109
386 110
387 110
388 110
389 110
390 110
391 110
392 110
394 110
395 110
396 110
397 110
387 111
388 111
389 111
395 111
396 111
397 111
398 111
395 112
396 112
397 112
398 112
395 113
396 113
397 113
398 113
399 113
395 114
396 114
397 114
398 114
399 114
395 115
396 115
397 115
398 115
396 116

FRAME 32
388 76
389 76
390 76
391 76
392 76
388 77
389 77
390 77
391 77
392 77
388 78
389 78
390 78
391 78
392 78
388 79
389 79
390 79
391 79
392 79
393 79
388 80
389 80
390 80
391 80
392 80
393 80
388 81
389 81
390 81
391 81
392 81
393 81
394 81
388 82
389 82
390 82
391 82
392 82
393 82
394 82
395 82
388 83
389 83
390 83
391 83
392 83
393 83
394 83
395 83
396 83
388 84
389 84
390 84
391 84
392 84
393 84
394 84
395 84
396 84
388 85
389 85
390 85
391 85
392 85
393 85
394 85
395 85
396 85
397 85
387 86
388 86
389 86
390 86
391 86
392 86
393 86
394 86
395 86
396 86
397 86
398 86
386 87
387 87
388 87
389 87
390 87
391 87
392 87
393 87
394 87
395 87
396 87
397 87
398 87
384 88
385 88
386 88
387 88
388 88
389 88
390 88
391 88
392 88
393 88
394 88
395 88
396 88
397 88
398 88
399 88
383 89
384 89
385 89
386 89
387 89
388 89
389 89
390 89
391 89
392 89
393 89
394 89
395 89
396 89
397 89
398 89
399 89
383 90
384 90
385 90
386 90
387 90
388 90
389 90
390 90
391 90
392 90
393 90
394 90
395 90
396 90
397 90
398 90
399 90
383 91
384 91
385 91
386 91
387 91
388 91
389 91
390 91
391 91
392 91
393 91
394 91
395 91
396 91
397 91
398 91
399 91
400 91
384 92
385 92
386 92
387 92
388 92
389 92
390 92
391 92
392 92
393 92
394 92
395 92
396 92
397 92
398 92
399 92
400 92
385 93
386 93
387 93
388 93
389 93
390 93
391 93
392 93
393 93
394 93
395 93
396 93
397 93
398 93
399 93
400 93
385 94
386 94
387 94
388 94
389 94
390 94
391 94
392 94
393 94
394 94
395 94
396 94
397 94
398 94
399 94
400 94
385 95
386 95
387 95
388 95
389 95
390 95
391 95
392 95
393 95
394 95
395 95
396 95
397 95
398 95
399 95
400 95
385 96
386 96
387 96
388 96
389 96
390 96
391 96
392 96
393 96
394 96
395 96
396 96
397 96
398 96
399 96
384 97
385 97
386 97
387 97
388 97
389 97
390 97
391 97
392 97
393 97
394 97
395 97
396 97
397 97
398 97
384 98
385 98
386 98
387 98
388 98
389 98
390 98
391 98
392 98
393 98
394 98
395 98
396 98
397 98
384 99
385 99
386 99
387 99
388 99
389 99
390 99
391 99
392 99
393 99
394 99
395 99
396 99
397 99
384 100
385 100
386 100
387 100
388 100
389 100
390 100
391 100
392 100
393 100
394 100
395 100
396 100
385 101
386 101
387 101
388 101
389 101
390 101
391 101
392 101
393 101
394 101
395 101
385 102
386 102
387 102
388 102
389 102
390 102
391 102
392 102
393 102
394 102
395 102
386 103
387 103
388 103
389 103
390 103
391 103
392 103
393 103
394 103
386 104
387 104
388 104
389 104
390 104
391 104
392 104
393 104
394 104
395 104
386 105
387 105
388 105
389 105
390 105
391 105
392 105
393 105
394 105
395 105
386 106
387 106
388 106
389 106
390 106
391 106
392 106
393 106
394 106
395 106
385 107
386 107
387 107
388 107
389 107
390 107
391 107
392 107
393 107
394 107
395 107
396 107
384 108
385 108
386 108
387 108
388 108
389 108
390 108
392 108
393 108
394 108
395 108
396 108
384 109
385 109
386 109
387 109
388 109
389 109
393 109
394 109
395 109
396 109
397 109
386 110
394 110
395 110
396 110
397 110
394 111
395 111
396 111
397 111
398 111
395 112
396 112
397 112
398 112
395 113
396 113
397 113
398 113
399 113
395 114
396 114
397 114
398 114
399 114
395 115
396 115
397 115
398 115
395 116
396 116
397 116

FRAME 33
388 75
389 75
387 76
388 76
389 76
390 76
391 76
387 77
388 77
389 77
390 77
391 77
387 78
388 78
389 78
390 78
391 78
387 79
388 79
389 79
390 79
391 79
392 79
387 80
388 80
389 80
390 80
391 80
392 80
387 81
388 81
389 81
390 81
391 81
392 81
393 81
387 82
388 82
389 82
390 82
391 82
392 82
393 82
394 82
387 83
388 83
389 83
390 83
391 83
392 83
393 83
394 83
395 83
387 84
388 84
389 84
390 84
391 84
392 84
393 84
394 84
395 84
386 85
387 85
388 85
389 85
390 85
391 85
392 85
393 85
394 85
395 85
396 85
385 86
386 86
387 86
388 86
389 86
390 86
391 86
392 86
393 86
394 86
395 86
396 86
397 86
383 87
384 87
385 87
386 87
387 87
388 87
389 87
390 87
391 87
392 87
393 87
394 87
395 87
396 87
397 87
381 88
382 88
383 88
384 88
385 88
386 88
387 88
388 88
389 88
390 88
391 88
392 88
393 88
394 88
395 88
396 88
397 88
398 88
381 89
382 89
383 89
384 89
385 89
386 89
387 89
388 89
389 89
390 89
391 89
392 89
393 89
394 89
395 89
396 89
397 89
398 89
381 90
382 90
383 90
384 90
385 90
386 90
387 90
388 90
389 90
390 90
391 90
392 90
393 90
394 90
395 90
396 90
397 90
398 90
382 91
383 91
384 91
385 91
386 91
387 91
388 91
389 91
390 91
391 91
392 91
393 91
394 91
395 91
396 91
397 91
398 91
399 91
383 92
384 92
385 92
386 92
387 92
388 92
389 92
390 92
391 92
392 92
393 92
394 92
395 92
396 92
397 92
398 92
399 92
385 93
386 93
387 93
388 93
389 93
390 93
391 93
392 93
393 93
394 93
395 93
396 93
397 93
398 93
399 93
385 94
386 94
387 94
388 94
389 94
390 94
391 94
392 94
393 94
394 94
395 94
396 94
397 94
398 94
399 94
385 95
386 95
387 95
388 95
389 95
390 95
391 95
392 95
393 95
394 95
395 95
396 95
397 95
398 95
399 95
384 96
385 96
386 96
387 96
388 96
389 96
390 96
391 96
392 96
393 96
394 96
395 96
396 96
397 96
398 96
384 97
385 97
386 97
387 97
388 97
389 97
390 97
391 97
392 97
393 97
394 97
395 97
396 97
397 97
383 98
384 98
385 98
386 98
387 98
388 98
389 98
390 98
391 98
392 98
393 98
394 98
395 98
396 98
383 99
384 99
385 99
386 99
387 99
388 99
389 99
390 99
391 99
392 99
393 99
394 99
395 99
396 99
383 100
384 100
385 100
386 100
387 100
388 100
389 100
390 100
391 100
392 100
393 100
394 100
395 100
384 101
385 101
386 101
387 101
388 101
389 101
390 101
391 101
392 101
393 101
394 101
384 102
385 102
386 102
387 102
388 102
389 102
390 102
391 102
392 102
393 102
394 102
384 103
385 103
386 103
387 103
389 103
390 103
391 103
392 103
393 103
394 103
385 104
386 104
387 104
390 104
391 104
392 104
393 104
394 104
385 105
386 105
387 105
390 105
391 105
392 105
393 105
394 105
395 105
385 106
386 106
387 106
391 106
392 106
393 106
394 106
395 106
383 107
384 107
385 107
386 107
387 107
392 107
393 107
394 107
395 107
396 107
382 108
383 108
384 108
385 108
386 108
387 108
392 108
393 108
394 108
395 108
396 108
382 109
383 109
384 109
385 109
386 109
387 109
393 109
394 109
395 109
396 109
397 109
383 110
384 110
385 110
386 110
387 110
394 110
395 110
396 110
397 110
394 111
395 111
396 111
397 111
398 111
395 112
396 112
397 112
398 112
395 113
396 113
397 113
398 113
399 113
395 114
396 114
397 114
398 114
399 114
395 115
396 115
397 115
398 115
399 115
395 116
396 116
397 116
398 116

FRAME 34
387 75
388 75
389 75
386 76
387 76
388 76
389 76
390 76
386 77
387 77
388 77
389 77
390 77
391 77
386 78
387 78
388 78
389 78
390 78
391 78
386 79
387 79
388 79
389 79
390 79
391 79
386 80
387 80
388 80
389 80
390 80
391 80
392 80
386 81
387 81
388 81
389 81
390 81
391 81
392 81
393 81
386 82
387 82
388 82
389 82
390 82
391 82
392 82
393 82
394 82
386 83
387 83
388 83
389 83
390 83
391 83
392 83
393 83
394 83
386 84
387 84
388 84
389 84
390 84
391 84
392 84
393 84
394 84
395 84
385 85
386 85
387 85
388 85
389 85
390 85
391 85
392 85
393 85
394 85
395 85
396 85
383 86
384 86
385 86
386 86
387 86
388 86
389 86
390 86
391 86
392 86
393 86
394 86
395 86
396 86
381 87
382 87
383 87
384 87
385 87
386 87
387 87
388 87
389 87
390 87
391 87
392 87
393 87
394 87
395 87
396 87
397 87
380 88
381 88
382 88
383 88
384 88
385 88
386 88
387 88
388 88
389 88
390 88
391 88
392 88
393 88
394 88
395 88
396 88
397 88
380 89
381 89
382 89
383 89
384 89
385 89
386 89
387 89
388 89
389 89
390 89
391 89
392 89
393 89
394 89
395 89
396 89
397 89
398 89
381 90
382 90
383 90
384 90
385 90
386 90
387 90
388 90
389 90
390 90
391 90
392 90
393 90
394 90
395 90
396 90
397 90
398 90
381 91
382 91
383 91
384 91
385 91
386 91
387 91
388 91
389 91
390 91
391 91
392 91
393 91
394 91
395 91
396 91
397 91
398 91
383 92
384 92
385 92
386 92
387 92
388 92
389 92
390 92
391 92
392 92
393 92
394 92
395 92
396 92
397 92
398 92
399 92
385 93
386 93
387 93
388 93
389 93
390 93
391 93
392 93
393 93
394 93
395 93
396 93
397 93
398 93
399 93
385 94
386 94
387 94
388 94
389 94
390 94
391 94
392 94
393 94
394 94
395 94
396 94
397 94
398 94
384 95
385 95
386 95
387 95
388 95
389 95
390 95
391 95
392 95
393 95
394 95
395 95
396 95
397 95
398 95
384 96
385 96
386 96
387 96
388 96
389 96
390 96
391 96
392 96
393 96
394 96
395 96
396 96
397 96
383 97
384 97
385 97
386 97
387 97
388 97
389 97
390 97
391 97
392 97
393 97
394 97
395 97
396 97
383 98
384 98
385 98
386 98
387 98
388 98
389 98
390 98
391 98
392 98
393 98
394 98
395 98
396 98
383 99
384 99
385 99
386 99
387 99
388 99
389 99
390 99
391 99
392 99
393 99
394 99
395 99
383 100
384 100
385 100
386 100
387 100
388 100
389 100
390 100
391 100
392 100
393 100
394 100
395 100
383 101
384 101
385 101
386 101
387 101
388 101
389 101
390 101
391 101
392 101
393 101
394 101
384 102
385 102
386 102
387 102
389 102
390 102
391 102
392 102
393 102
394 102
384 103
385 103
386 103
387 103
390 103
391 103
392 103
393 103
394 103
384 104
385 104
386 104
387 104
390 104
391 104
392 104
393 104
394 104
395 104
384 105
385 105
386 105
390 105
391 105
392 105
393 105
394 105
395 105
384 106
385 106
386 106
391 106
392 106
393 106
394 106
395 106
383 107
384 107
385 107
386 107
387 107
392 107
393 107
394 107
395 107
396 107
382 108
383 108
384 108
385 108
386 108
387 108
392 108
393 108
394 108
395 108
396 108
382 109
383 109
384 109
385 109
386 109
387 109
393 109
394 109
395 109
396 109
397 109
383 110
384 110
385 110
386 110
387 110
394 110
395 110
396 110
397 110
394 111
395 111
396 111
397 111
394 112
395 112
396 112
397 112
398 112
395 113
396 113
397 113
398 113
395 114
396 114
397 114
398 114
399 114
395 115
396 115
397 115
398 115
395 116
396 116
397 116
398 116

FRAME 35
386 74
387 74
388 74
385 75
386 75
387 75
388 75
389 75
385 76
386 76
387 76
388 76
389 76
385 77
386 77
387 77
388 77
389 77
390 77
385 78
386 78
387 78
388 78
389 78
390 78
385 79
386 79
387 79
388 79
389 79
390 79
391 79
385 80
386 80
387 80
388 80
389 80
390 80
391 80
392 80
385 81
386 81
387 81
388 81
389 81
390 81
391 81
392 81
393 81
385 82
386 82
387 82
388 82
389 82
390 82
391 82
392 82
393 82
385 83
386 83
387 83
388 83
389 83
390 83
391 83
392 83
393 83
394 83
383 84
384 84
385 84
386 84
387 84
388 84
389 84
390 84
391 84
392 84
393 84
394 84
380 85
381 85
382 85
383 85
384 85
385 85
386 85
387 85
388 85
389 85
390 85
391 85
392 85
393 85
394 85
395 85
379 86
380 86
381 86
382 86
383 86
384 86
385 86
386 86
387 86
388 86
389 86
390 86
391 86
392 86
393 86
394 86
395 86
396 86
379 87
380 87
381 87
382 87
383 87
384 87
385 87
386 87
387 87
388 87
389 87
390 87
391 87
392 87
393 87
394 87
395 87
396 87
379 88
380 88
381 88
382 88
383 88
384 88
385 88
386 88
387 88
388 88
389 88
390 88
391 88
392 88
393 88
394 88
395 88
396 88
397 88
380 89
381 89
382 89
383 89
384 89
385 89
386 89
387 89
388 89
389 89
390 89
391 89
392 89
393 89
394 89
395 89
396 89
397 89
380 90
381 90
382 90
383 90
384 90
385 90
386 90
387 90
388 90
389 90
390 90
391 90
392 90
393 90
394 90
395 90
396 90
397 90
398 90
381 91
382 91
383 91
384 91
385 91
386 91
387 91
388 91
389 91
390 91
391 91
392 91
393 91
394 91
395 91
396 91
397 91
398 91
383 92
384 92
385 92
386 92
387 92
388 92
389 92
390 92
391 92
392 92
393 92
394 92
395 92
396 92
397 92
398 92
384 93
385 93
386 93
387 93
388 93
389 93
390 93
391 93
392 93
393 93
394 93
395 93
396 93
397 93
398 93
384 94
385 94
386 94
387 94
388 94
389 94
390 94
391 94
392 94
393 94
394 94
395 94
396 94
397 94
383 95
384 95
385 95
386 95
387 95
388 95
389 95
390 95
391 95
392 95
393 95
394 95
395 95
396 95
397 95
383 96
384 96
385 96
386 96
387 96
388 96
389 96
390 96
391 96
392 96
393 96
394 96
395 96
396 96
382 97
383 97
384 97
385 97
386 97
387 97
388 97
389 97
390 97
391 97
392 97
393 97
394 97
395 97
396 97
382 98
383 98
384 98
385 98
386 98
387 98
388 98
389 98
390 98
391 98
392 98
393 98
394 98
395 98
382 99
383 99
384 99
385 99
386 99
387 99
388 99
389 99
390 99
391 99
392 99
393 99
394 99
395 99
383 100
384 100
385 100
386 100
387 100
389 100
390 100
391 100
392 100
393 100
394 100
383 101
384 101
385 101
386 101
387 101
389 101
390 101
391 101
392 101
393 101
394 101
383 102
384 102
385 102
386 102
387 102
390 102
391 102
392 102
393 102
394 102
384 103
385 103
386 103
387 103
390 103
391 103
392 103
393 103
394 103
395 103
384 104
385 104
386 104
390 104
391 104
392 104
393 104
394 104
395 104
384 105
385 105
386 105
391 105
392 105
393 105
394 105
395 105
384 106
385 106
386 106
387 106
391 106
392 106
393 106
394 106
395 106
383 107
384 107
385 107
386 107
387 107
392 107
393 107
394 107
395 107
396 107
382 108
383 108
384 108
385 108
386 108
387 108
393 108
394 108
395 108
396 108
382 109
383 109
384 109
385 109
386 109
387 109
393 109
394 109
395 109
396 109
397 109
383 110
384 110
385 110
386 110
387 110
394 110
395 110
396 110
397 110
394 111
395 111
396 111
397 111
394 112
395 112
396 112
397 112
398 112
394 113
395 113
396 113
397 113
398 113
394 114
395 114
396 114
397 114
398 114
394 115
395 115
396 115
397 115
398 115
395 116
396 116
397 116
398 116

FRAME 36
385 73
386 73
387 73
384 74
385 74
386 74
387 74
388 74
384 75
385 75
386 75
387 75
388 75
389 75
384 76
385 76
386 76
387 76
388 76
389 76
384 77
385 77
386 77
387 77
388 77
389 77
384 78
385 78
386 78
387 78
388 78
389 78
390 78
384 79
385 79
386 79
387 79
388 79
389 79
390 79
391 79
384 80
385 80
386 80
387 80
388 80
389 80
390 80
391 80
392 80
384 81
385 81
386 81
387 81
388 81
389 81
390 81
391 81
392 81
393 81
384 82
385 82
386 82
387 82
388 82
389 82
390 82
391 82
392 82
393 82
379 83
380 83
381 83
382 83
383 83
384 83
385 83
386 83
387 83
388 83
389 83
390 83
391 83
392 83
393 83
394 83
377 84
378 84
379 84
380 84
381 84
382 84
383 84
384 84
385 84
386 84
387 84
388 84
389 84
390 84
391 84
392 84
393 84
394 84
377 85
378 85
379 85
380 85
381 85
382 85
383 85
384 85
385 85
386 85
387 85
388 85
389 85
390 85
391 85
392 85
393 85
394 85
395 85
377 86
378 86
379 86
380 86
381 86
382 86
383 86
384 86
385 86
386 86
387 86
388 86
389 86
390 86
391 86
392 86
393 86
394 86
395 86
396 86
377 87
378 87
379 87
380 87
381 87
382 87
383 87
384 87
385 87
386 87
387 87
388 87
389 87
390 87
391 87
392 87
393 87
394 87
395 87
396 87
378 88
379 88
380 88
381 88
382 88
383 88
384 88
385 88
386 88
387 88
388 88
389 88
390 88
391 88
392 88
393 88
394 88
395 88
396 88
397 88
379 89
380 89
381 89
382 89
383 89
384 89
385 89
386 89
387 89
388 89
389 89
390 89
391 89
392 89
393 89
394 89
395 89
396 89
397 89
380 90
381 90
382 90
383 90
384 90
385 90
386 90
387 90
388 90
389 90
390 90
391 90
392 90
393 90
394 90
395 90
396 90
397 90
383 91
384 91
385 91
386 91
387 91
388 91
389 91
390 91
391 91
392 91
393 91
394 91
395 91
396 91
397 91
384 92
385 92
386 92
387 92
388 92
389 92
390 92
391 92
392 92
393 92
394 92
395 92
396 92
397 92
384 93
385 93
386 93
387 93
388 93
389 93
390 93
391 93
392 93
393 93
394 93
395 93
396 93
383 94
384 94
385 94
386 94
387 94
388 94
389 94
390 94
391 94
392 94
393 94
394 94
395 94
396 94
382 95
383 95
384 95
385 95
386 95
387 95
388 95
389 95
390 95
391 95
392 95
393 95
394 95
395 95
396 95
382 96
383 96
384 96
385 96
386 96
387 96
388 96
389 96
390 96
391 96
392 96
393 96
394 96
395 96
381 97
382 97
383 97
384 97
385 97
386 97
387 97
388 97
389 97
390 97
391 97
392 97
393 97
394 97
395 97
381 98
382 98
383 98
384 98
385 98
386 98
387 98
388 98
389 98
390 98
391 98
392 98
393 98
394 98
395 98
382 99
383 99
384 99
385 99
386 99
387 99
389 99
390 99
391 99
392 99
393 99
394 99
382 100
383 100
384 100
385 100
386 100
389 100
390 100
391 100
392 100
393 100
394 100
382 101
383 101
384 101
385 101
386 101
390 101
391 101
392 101
393 101
394 101
383 102
384 102
385 102
386 102
390 102
391 102
392 102
393 102
394 102
395 102
383 103
384 103
385 103
386 103
390 103
391 103
392 103
393 103
394 103
395 103
384 104
385 104
386 104
391 104
392 104
393 104
394 104
395 104
384 105
385 105
386 105
391 105
392 105
393 105
394 105
395 105
384 106
385 106
386 106
387 106
392 106
393 106
394 106
395 106
383 107
384 107
385 107
386 107
387 107
392 107
393 107
394 107
395 107
396 107
382 108
383 108
384 108
385 108
386 108
387 108
393 108
394 108
395 108
396 108
382 109
383 109
384 109
385 109
386 109
387 109
393 109
394 109
395 109
396 109
383 110
384 110
385 110
386 110
393 110
394 110
395 110
396 110
397 110
393 111
394 111
395 111
396 111
397 111
393 112
394 112
395 112
396 112
397 112
393 113
394 113
395 113
396 113
397 113
393 114
394 114
395 114
396 114
397 114
398 114
393 115
394 115
395 115
396 115
397 115
393 116
394 116
395 116
396 116

FRAME 37
386 72
384 73
385 73
386 73
387 73
384 74
385 74
386 74
387 74
388 74
384 75
385 75
386 75
387 75
388 75
384 76
385 76
386 76
387 76
388 76
384 77
385 77
386 77
387 77
388 77
389 77
384 78
385 78
386 78
387 78
388 78
389 78
390 78
391 78
384 79
385 79
386 79
387 79
388 79
389 79
390 79
391 79
392 79
384 80
385 80
386 80
387 80
388 80
389 80
390 80
391 80
392 80
383 81
384 81
385 81
386 81
387 81
388 81
389 81
390 81
391 81
392 81
393 81
378 82
379 82
380 82
381 82
382 82
383 82
384 82
385 82
386 82
387 82
388 82
389 82
390 82
391 82
392 82
393 82
377 83
378 83
379 83
380 83
381 83
382 83
383 83
384 83
385 83
386 83
387 83
388 83
389 83
390 83
391 83
392 83
393 83
394 83
376 84
377 84
378 84
379 84
380 84
381 84
382 84
383 84
384 84
385 84
386 84
387 84
388 84
389 84
390 84
391 84
392 84
393 84
394 84
376 85
377 85
378 85
379 85
380 85
381 85
382 85
383 85
384 85
385 85
386 85
387 85
388 85
389 85
390 85
391 85
392 85
393 85
394 85
395 85
376 86
377 86
378 86
379 86
380 86
381 86
382 86
383 86
384 86
385 86
386 86
387 86
388 86
389 86
390 86
391 86
392 86
393 86
394 86
395 86
377 87
378 87
379 87
380 87
381 87
382 87
383 87
384 87
385 87
386 87
387 87
388 87
389 87
390 87
391 87
392 87
393 87
394 87
395 87
396 87
378 88
379 88
380 88
381 88
382 88
383 88
384 88
385 88
386 88
387 88
388 88
389 88
390 88
391 88
392 88
393 88
394 88
395 88
396 88
380 89
381 89
382 89
383 89
384 89
385 89
386 89
387 89
388 89
389 89
390 89
391 89
392 89
393 89
394 89
395 89
396 89
397 89
381 90
382 90
383 90
384 90
385 90
386 90
387 90
388 90
389 90
390 90
391 90
392 90
393 90
394 90
395 90
396 90
397 90
383 91
384 91
385 91
386 91
387 91
388 91
389 91
390 91
391 91
392 91
393 91
394 91
395 91
396 91
383 92
384 92
385 92
386 92
387 92
388 92
389 92
390 92
391 92
392 92
393 92
394 92
395 92
396 92
383 93
384 93
385 93
386 93
387 93
388 93
389 93
390 93
391 93
392 93
393 93
394 93
395 93
396 93
383 94
384 94
385 94
386 94
387 94
388 94
389 94
390 94
391 94
392 94
393 94
394 94
395 94
396 94
382 95
383 95
384 95
385 95
386 95
387 95
388 95
389 95
390 95
391 95
392 95
393 95
394 95
395 95
381 96
382 96
383 96
384 96
385 96
386 96
387 96
388 96
389 96
390 96
391 96
392 96
393 96
394 96
395 96
381 97
382 97
383 97
384 97
385 97
386 97
387 97
388 97
389 97
390 97
391 97
392 97
393 97
394 97
381 98
382 98
383 98
384 98
385 98
386 98
387 98
388 98
389 98
390 98
391 98
392 98
393 98
394 98
381 99
382 99
383 99
384 99
385 99
386 99
389 99
390 99
391 99
392 99
393 99
394 99
382 100
383 100
384 100
385 100
389 100
390 100
391 100
392 100
393 100
394 100
382 101
383 101
384 101
385 101
386 101
390 101
391 101
392 101
393 101
394 101
383 102
384 102
385 102
386 102
390 102
391 102
392 102
393 102
394 102
383 103
384 103
385 103
386 103
390 103
391 103
392 103
393 103
394 103
395 103
383 104
384 104
385 104
386 104
391 104
392 104
393 104
394 104
395 104
384 105
385 105
386 105
392 105
393 105
394 105
395 105
384 106
385 106
386 106
387 106
392 106
393 106
394 106
395 106
383 107
384 107
385 107
386 107
387 107
393 107
394 107
395 107
396 107
382 108
383 108
384 108
385 108
386 108
387 108
393 108
394 108
395 108
396 108
382 109
383 109
384 109
385 109
386 109
387 109
393 109
394 109
395 109
396 109
383 110
384 110
385 110
386 110
393 110
394 110
395 110
396 110
397 110
393 111
394 111
395 111
396 111
397 111
393 112
394 112
395 112
396 112
397 112
393 113
394 113
395 113
396 113
397 113
393 114
394 114
395 114
396 114
397 114
393 115
394 115
395 115
396 115
397 115
393 116
394 116
395 116

FRAME 38
385 71
386 71
383 72
384 72
385 72
386 72
387 72
383 73
384 73
385 73
386 73
387 73
383 74
384 74
385 74
386 74
387 74
383 75
384 75
385 75
386 75
387 75
388 75
383 76
384 76
385 76
386 76
387 76
388 76
389 76
383 77
384 77
385 77
386 77
387 77
388 77
389 77
390 77
383 78
384 78
385 78
386 78
387 78
388 78
389 78
390 78
391 78
380 79
381 79
382 79
383 79
384 79
385 79
386 79
387 79
388 79
389 79
390 79
391 79
392 79
376 80
377 80
378 80
379 80
380 80
381 80
382 80
383 80
384 80
385 80
386 80
387 80
388 80
389 80
390 80
391 80
392 80
375 81
376 81
377 81
378 81
379 81
380 81
381 81
382 81
383 81
384 81
385 81
386 81
387 81
388 81
389 81
390 81
391 81
392 81
393 81
375 82
376 82
377 82
378 82
379 82
380 82
381 82
382 82
383 82
384 82
385 82
386 82
387 82
388 82
389 82
390 82
391 82
392 82
393 82
375 83
376 83
377 83
378 83
379 83
380 83
381 83
382 83
383 83
384 83
385 83
386 83
387 83
388 83
389 83
390 83
391 83
392 83
393 83
394 83
375 84
376 84
377 84
378 84
379 84
380 84
381 84
382 84
383 84
384 84
385 84
386 84
387 84
388 84
389 84
390 84
391 84
392 84
393 84
394 84
376 85
377 85
378 85
379 85
380 85
381 85
382 85
383 85
384 85
385 85
386 85
387 85
388 85
389 85
390 85
391 85
392 85
393 85
394 85
395 85
377 86
378 86
379 86
380 86
381 86
382 86
383 86
384 86
385 86
386 86
387 86
388 86
389 86
390 86
391 86
392 86
393 86
394 86
395 86
396 86
378 87
379 87
380 87
381 87
382 87
383 87
384 87
385 87
386 87
387 87
388 87
389 87
390 87
391 87
392 87
393 87
394 87
395 87
396 87
380 88
381 88
382 88
383 88
384 88
385 88
386 88
387 88
388 88
389 88
390 88
391 88
392 88
393 88
394 88
395 88
396 88
381 89
382 89
383 89
384 89
385 89
386 89
387 89
388 89
389 89
390 89
391 89
392 89
393 89
394 89
395 89
396 89
397 89
383 90
384 90
385 90
386 90
387 90
388 90
389 90
390 90
391 90
392 90
393 90
394 90
395 90
396 90
383 91
384 91
385 91
386 91
387 91
388 91
389 91
390 91
391 91
392 91
393 91
394 91
395 91
396 91
383 92
384 92
385 92
386 92
387 92
388 92
389 92
390 92
391 92
392 92
393 92
394 92
395 92
396 92
382 93
383 93
384 93
385 93
386 93
387 93
388 93
389 93
390 93
391 93
392 93
393 93
394 93
395 93
382 94
383 94
384 94
385 94
386 94
387 94
388 94
389 94
390 94
391 94
392 94
393 94
394 94
381 95
382 95
383 95
384 95
385 95
386 95
387 95
388 95
389 95
390 95
391 95
392 95
393 95
394 95
381 96
382 96
383 96
384 96
385 96
386 96
387 96
388 96
389 96
390 96
391 96
392 96
393 96
381 97
382 97
383 97
384 97
385 97
386 97
387 97
388 97
389 97
390 97
391 97
392 97
393 97
381 98
382 98
383 98
384 98
385 98
386 98
387 98
388 98
389 98
390 98
391 98
392 98
393 98
381 99
382 99
383 99
384 99
385 99
387 99
388 99
389 99
390 99
391 99
392 99
393 99
382 100
383 100
384 100
385 100
387 100
388 100
389 100
390 100
391 100
392 100
393 100
382 101
383 101
384 101
385 101
389 101
390 101
391 101
392 101
393 101
383 102
384 102
385 102
386 102
390 102
391 102
392 102
393 102
394 102
383 103
384 103
385 103
386 103
390 103
391 103
392 103
393 103
394 103
383 104
384 104
385 104
386 104
391 104
392 104
393 104
394 104
395 104
384 105
385 105
386 105
392 105
393 105
394 105
395 105
383 106
384 106
385 106
386 106
387 106
392 106
393 106
394 106
395 106
396 106
383 107
384 107
385 107
386 107
387 107
393 107
394 107
395 107
396 107
382 108
383 108
384 108
385 108
386 108
387 108
393 108
394 108
395 108
396 108
382 109
383 109
384 109
385 109
386 109
393 109
394 109
395 109
396 109
397 109
393 110
394 110
395 110
396 110
397 110
393 111
394 111
395 111
396 111
397 111
393 112
394 112
395 112
396 112
397 112
393 113
394 113
395 113
396 113
397 113
393 114
394 114
395 114
396 114

FRAME 39
383 71
384 71
385 71
386 71
382 72
383 72
384 72
385 72
386 72
382 73
383 73
384 73
385 73
386 73
382 74
383 74
384 74
385 74
386 74
387 74
382 75
383 75
384 75
385 75
386 75
387 75
388 75
382 76
383 76
384 76
385 76
386 76
387 76
388 76
389 76
377 77
378 77
379 77
380 77
381 77
382 77
383 77
384 77
385 77
386 77
387 77
388 77
389 77
390 77
375 78
376 78
377 78
378 78
379 78
380 78
381 78
382 78
383 78
384 78
385 78
386 78
387 78
388 78
389 78
390 78
391 78
374 79
375 79
376 79
377 79
378 79
379 79
380 79
381 79
382 79
383 79
384 79
385 79
386 79
387 79
388 79
389 79
390 79
391 79
392 79
374 80
375 80
376 80
377 80
378 80
379 80
380 80
381 80
382 80
383 80
384 80
385 80
386 80
387 80
388 80
389 80
390 80
391 80
392 80
374 81
375 81
376 81
377 81
378 81
379 81
380 81
381 81
382 81
383 81
384 81
385 81
386 81
387 81
388 81
389 81
390 81
391 81
392 81
393 81
374 82
375 82
376 82
377 82
378 82
379 82
380 82
381 82
382 82
383 82
384 82
385 82
386 82
387 82
388 82
389 82
390 82
391 82
392 82
393 82
375 83
376 83
377 83
378 83
379 83
380 83
381 83
382 83
383 83
384 83
385 83
386 83
387 83
388 83
389 83
390 83
391 83
392 83
393 83
394 83
376 84
377 84
378 84
379 84
380 84
381 84
382 84
383 84
384 84
385 84
386 84
387 84
388 84
389 84
390 84
391 84
392 84
393 84
394 84
377 85
378 85
379 85
380 85
381 85
382 85
383 85
384 85
385 85
386 85
387 85
388 85
389 85
390 85
391 85
392 85
393 85
394 85
395 85
378 86
379 86
380 86
381 86
382 86
383 86
384 86
385 86
386 86
387 86
388 86
389 86
390 86
391 86
392 86
393 86
394 86
395 86
380 87
381 87
382 87
383 87
384 87
385 87
386 87
387 87
388 87
389 87
390 87
391 87
392 87
393 87
394 87
395 87
396 87
381 88
382 88
383 88
384 88
385 88
386 88
387 88
388 88
389 88
390 88
391 88
392 88
393 88
394 88
395 88
396 88
383 89
384 89
385 89
386 89
387 89
388 89
389 89
390 89
391 89
392 89
393 89
394 89
395 89
396 89
383 90
384 90
385 90
386 90
387 90
388 90
389 90
390 90
391 90
392 90
393 90
394 90
395 90
396 90
383 91
384 91
385 91
386 91
387 91
388 91
389 91
390 91
391 91
392 91
393 91
394 91
395 91
382 92
383 92
384 92
385 92
386 92
387 92
388 92
389 92
390 92
391 92
392 92
393 92
394 92
381 93
382 93
383 93
384 93
385 93
386 93
387 93
388 93
389 93
390 93
391 93
392 93
393 93
394 93
381 94
382 94
383 94
384 94
385 94
386 94
387 94
388 94
389 94
390 94
391 94
392 94
393 94
380 95
381 95
382 95
383 95
384 95
385 95
386 95
387 95
388 95
389 95
390 95
391 95
392 95
393 95
380 96
381 96
382 96
383 96
384 96
385 96
386 96
387 96
388 96
389 96
390 96
391 96
392 96
381 97
382 97
383 97
384 97
385 97
387 97
388 97
389 97
390 97
391 97
392 97
381 98
382 98
383 98
384 98
385 98
387 98
388 98
389 98
390 98
391 98
392 98
381 99
382 99
383 99
384 99
385 99
387 99
388 99
389 99
390 99
391 99
392 99
382 100
383 100
384 100
385 100
387 100
388 100
389 100
390 100
391 100
392 100
383 101
384 101
385 101
387 101
388 101
389 101
390 101
391 101
392 101
393 101
383 102
384 102
385 102
389 102
390 102
391 102
392 102
393 102
383 103
384 103
385 103
390 103
391 103
392 103
393 103
394 103
383 104
384 104
385 104
386 104
391 104
392 104
393 104
394 104
395 104
383 105
384 105
385 105
386 105
392 105
393 105
394 105
395 105
383 106
384 106
385 106
386 106
392 106
393 106
394 106
395 106
396 106
382 107
383 107
384 107
385 107
386 107
393 107
394 107
395 107
396 107
397 107
382 108
383 108
384 108
385 108
386 108
393 108
394 108
395 108
396 108
397 108
382 109
383 109
384 109
385 109
386 109
394 109
395 109
396 109
397 109
383 110
384 110
394 110
395 110
396 110
397 110
398 110
393 111
394 111
395 111
396 111
397 111
393 112
394 112
395 112
396 112
397 112
393 113
394 113
395 113
396 113

FRAME 42
381 69
382 69
383 69
384 69
385 69
381 70
382 70
383 70
384 70
385 70
380 71
381 71
382 71
383 71
384 71
385 71
386 71
376 72
377 72
378 72
379 72
380 72
381 72
382 72
383 72
384 72
385 72
386 72
373 73
374 73
375 73
376 73
377 73
378 73
379 73
380 73
381 73
382 73
383 73
384 73
385 73
386 73
387 73
373 74
374 74
375 74
376 74
377 74
378 74
379 74
380 74
381 74
382 74
383 74
384 74
385 74
386 74
387 74
388 74
373 75
374 75
375 75
376 75
377 75
378 75
379 75
380 75
381 75
382 75
383 75
384 75
385 75
386 75
387 75
388 75
389 75
373 76
374 76
375 76
376 76
377 76
378 76
379 76
380 76
381 76
382 76
383 76
384 76
385 76
386 76
387 76
388 76
389 76
390 76
373 77
374 77
375 77
376 77
377 77
378 77
379 77
380 77
381 77
382 77
383 77
384 77
385 77
386 77
387 77
388 77
389 77
390 77
391 77
373 78
374 78
375 78
376 78
377 78
378 78
379 78
380 78
381 78
382 78
383 78
384 78
385 78
386 78
387 78
388 78
389 78
390 78
391 78
374 79
375 79
376 79
377 79
378 79
379 79
380 79
381 79
382 79
383 79
384 79
385 79
386 79
387 79
388 79
389 79
390 79
391 79
392 79
375 80
376 80
377 80
378 80
379 80
380 80
381 80
382 80
383 80
384 80
385 80
386 80
387 80
388 80
389 80
390 80
391 80
392 80
375 81
376 81
377 81
378 81
379 81
380 81
381 81
382 81
383 81
384 81
385 81
386 81
387 81
388 81
389 81
390 81
391 81
392 81
393 81
376 82
377 82
378 82
379 82
380 82
381 82
382 82
383 82
384 82
385 82
386 82
387 82
388 82
389 82
390 82
391 82
392 82
393 82
377 83
378 83
379 83
382 83
383 83
384 83
385 83
386 83
387 83
388 83
389 83
390 83
391 83
392 83
393 83
384 84
385 84
386 84
387 84
388 84
389 84
390 84
391 84
392 84
393 84
394 84
384 85
385 85
386 85
387 85
388 85
389 85
390 85
391 85
392 85
393 85
394 85
385 86
386 86
387 86
388 86
389 86
390 86
391 86
392 86
393 86
394 86
384 87
385 87
386 87
387 87
388 87
389 87
390 87
391 87
392 87
393 87
394 87
383 88
384 88
385 88
386 88
387 88
388 88
389 88
390 88
391 88
392 88
393 88
394 88
383 89
384 89
385 89
386 89
387 89
388 89
389 89
390 89
391 89
392 89
393 89
394 89
381 90
382 90
383 90
384 90
385 90
386 90
387 90
388 90
389 90
390 90
391 90
392 90
393 90
394 90
380 91
381 91
382 91
383 91
384 91
385 91
386 91
387 91
388 91
389 91
390 91
391 91
392 91
393 91
380 92
381 92
382 92
383 92
384 92
385 92
386 92
387 92
388 92
389 92
390 92
391 92
392 92
379 93
380 93
381 93
382 93
383 93
384 93
385 93
386 93
387 93
388 93
389 93
390 93
391 93
379 94
380 94
381 94
382 94
383 94
384 94
385 94
386 94
387 94
388 94
389 94
390 94
391 94
380 95
381 95
382 95
383 95
384 95
385 95
386 95
387 95
388 95
389 95
390 95
380 96
381 96
382 96
383 96
384 96
385 96
386 96
387 96
388 96
389 96
390 96
380 97
381 97
382 97
383 97
384 97
385 97
386 97
387 97
388 97
389 97
390 97
381 98
382 98
383 98
384 98
385 98
386 98
387 98
388 98
389 98
390 98
391 98
381 99
382 99
383 99
384 99
385 99
386 99
387 99
388 99
389 99
390 99
391 99
381 100
382 100
383 100
384 100
385 100
387 100
388 100
389 100
390 100
391 100
392 100
381 101
382 101
383 101
384 101
387 101
388 101
389 101
390 101
391 101
392 101
393 101
381 102
382 102
383 102
384 102
390 102
391 102
392 102
393 102
394 102
395 102
381 103
382 103
383 103
384 103
385 103
392 103
393 103
394 103
395 103
396 103
381 104
382 104
383 104
384 104
385 104
393 104
394 104
395 104
396 104
397 104
381 105
382 105
383 105
384 105
385 105
394 105
395 105
396 105
397 105
380 106
381 106
382 106
383 106
384 106
394 106
395 106
396 106
397 106
398 106
379 107
380 107
381 107
382 107
383 107
394 107
395 107
396 107
397 107
398 107
380 108
381 108
394 108
395 108
396 108
397 108
394 109
395 109
396 109
397 109
395 110
396 110
396 111

FRAME 43
381 69
382 69
383 69
384 69
380 70
381 70
382 70
383 70
384 70
385 70
379 71
380 71
381 71
382 71
383 71
384 71
385 71
377 72
378 72
379 72
380 72
381 72
382 72
383 72
384 72
385 72
386 72
373 73
374 73
375 73
376 73
377 73
378 73
379 73
380 73
381 73
382 73
383 73
384 73
385 73
386 73
387 73
373 74
374 74
375 74
376 74
377 74
378 74
379 74
380 74
381 74
382 74
383 74
384 74
385 74
386 74
387 74
388 74
373 75
374 75
375 75
376 75
377 75
379 75
380 75
381 75
382 75
383 75
384 75
385 75
386 75
387 75
388 75
389 75
373 76
374 76
375 76
376 76
377 76
379 76
380 76
381 76
382 76
383 76
384 76
385 76
386 76
387 76
388 76
389 76
390 76
374 77
375 77
376 77
377 77
378 77
379 77
380 77
381 77
382 77
383 77
384 77
385 77
386 77
387 77
388 77
389 77
390 77
391 77
374 78
375 78
376 78
377 78
378 78
379 78
380 78
381 78
382 78
383 78
384 78
385 78
386 78
387 78
388 78
389 78
390 78
391 78
374 79
375 79
376 79
377 79
378 79
379 79
380 79
381 79
382 79
383 79
384 79
385 79
386 79
387 79
388 79
389 79
390 79
391 79
392 79
375 80
376 80
377 80
378 80
379 80
380 80
381 80
382 80
383 80
384 80
385 80
386 80
387 80
388 80
389 80
390 80
391 80
392 80
376 81
377 81
378 81
379 81
380 81
381 81
382 81
383 81
384 81
385 81
386 81
387 81
388 81
389 81
390 81
391 81
392 81
376 82
377 82
378 82
379 82
380 82
382 82
383 82
384 82
385 82
386 82
387 82
388 82
389 82
390 82
391 82
392 82
393 82
383 83
384 83
385 83
386 83
387 83
388 83
389 83
390 83
391 83
392 83
393 83
384 84
385 84
386 84
387 84
388 84
389 84
390 84
391 84
392 84
393 84
384 85
385 85
386 85
387 85
388 85
389 85
390 85
391 85
392 85
393 85
394 85
385 86
386 86
387 86
388 86
389 86
390 86
391 86
392 86
393 86
394 86
384 87
385 87
386 87
387 87
388 87
389 87
390 87
391 87
392 87
393 87
394 87
383 88
384 88
385 88
386 88
387 88
388 88
389 88
390 88
391 88
392 88
393 88
394 88
383 89
384 89
385 89
386 89
387 89
388 89
389 89
390 89
391 89
392 89
393 89
394 89
382 90
383 90
384 90
385 90
386 90
387 90
388 90
389 90
390 90
391 90
392 90
393 90
394 90
381 91
382 91
383 91
384 91
385 91
386 91
387 91
388 91
389 91
390 91
391 91
392 91
393 91
380 92
381 92
382 92
383 92
384 92
385 92
386 92
387 92
388 92
389 92
390 92
391 92
392 92
379 93
380 93
381 93
382 93
383 93
384 93
385 93
386 93
387 93
388 93
389 93
390 93
391 93
379 94
380 94
381 94
382 94
383 94
384 94
385 94
386 94
387 94
388 94
389 94
390 94
391 94
380 95
381 95
382 95
383 95
384 95
385 95
386 95
387 95
388 95
389 95
390 95
380 96
381 96
382 96
383 96
384 96
385 96
386 96
387 96
388 96
389 96
390 96
380 97
381 97
382 97
383 97
384 97
385 97
386 97
387 97
388 97
389 97
390 97
380 98
381 98
382 98
383 98
384 98
385 98
386 98
387 98
388 98
389 98
390 98
391 98
381 99
382 99
383 99
384 99
385 99
386 99
387 99
388 99
389 99
390 99
391 99
381 100
382 100
383 100
384 100
385 100
386 100
387 100
388 100
389 100
390 100
391 100
392 100
381 101
382 101
383 101
384 101
387 101
388 101
389 101
390 101
391 101
392 101
393 101
381 102
382 102
383 102
384 102
389 102
390 102
391 102
392 102
393 102
394 102
395 102
381 103
382 103
383 103
384 103
392 103
393 103
394 103
395 103
396 103
397 103
380 104
381 104
382 104
383 104
384 104
393 104
394 104
395 104
396 104
397 104
379 105
380 105
381 105
382 105
383 105
384 105
394 105
395 105
396 105
397 105
398 105
378 106
379 106
380 106
381 106
382 106
383 106
395 106
396 106
397 106
398 106
378 107
379 107
380 107
381 107
382 107
383 107
395 107
396 107
397 107
398 107
395 108
396 108
397 108
398 108
395 109
396 109
397 109
395 110
396 110

FRAME 44
381 69
382 69
383 69
384 69
380 70
381 70
382 70
383 70
384 70
385 70
379 71
380 71
381 71
382 71
383 71
384 71
385 71
373 72
374 72
375 72
379 72
380 72
381 72
382 72
383 72
384 72
385 72
386 72
373 73
374 73
375 73
379 73
380 73
381 73
382 73
383 73
384 73
385 73
386 73
373 74
374 74
375 74
376 74
379 74
380 74
381 74
382 74
383 74
384 74
385 74
386 74
387 74
388 74
373 75
374 75
375 75
376 75
377 75
379 75
380 75
381 75
382 75
383 75
384 75
385 75
386 75
387 75
388 75
389 75
373 76
374 76
375 76
376 76
377 76
378 76
379 76
380 76
381 76
382 76
383 76
384 76
385 76
386 76
387 76
388 76
389 76
390 76
373 77
374 77
375 77
376 77
377 77
378 77
379 77
380 77
381 77
382 77
383 77
384 77
385 77
386 77
387 77
388 77
389 77
390 77
374 78
375 78
376 78
377 78
378 78
379 78
380 78
381 78
382 78
383 78
384 78
385 78
386 78
387 78
388 78
389 78
390 78
391 78
374 79
375 79
376 79
377 79
378 79
379 79
380 79
381 79
382 79
383 79
384 79
385 79
386 79
387 79
388 79
389 79
390 79
391 79
375 80
376 80
377 80
378 80
379 80
380 80
381 80
382 80
383 80
384 80
385 80
386 80
387 80
388 80
389 80
390 80
391 80
382 81
383 81
384 81
385 81
386 81
387 81
388 81
389 81
390 81
391 81
392 81
383 82
384 82
385 82
386 82
387 82
388 82
389 82
390 82
391 82
392 82
383 83
384 83
385 83
386 83
387 83
388 83
389 83
390 83
391 83
392 83
384 84
385 84
386 84
387 84
388 84
389 84
390 84
391 84
392 84
393 84
384 85
385 85
386 85
387 85
388 85
389 85
390 85
391 85
392 85
393 85
385 86
386 86
387 86
388 86
389 86
390 86
391 86
392 86
393 86
384 87
385 87
386 87
387 87
388 87
389 87
390 87
391 87
392 87
393 87
383 88
384 88
385 88
386 88
387 88
388 88
389 88
390 88
391 88
392 88
393 88
394 88
383 89
384 89
385 89
386 89
387 89
388 89
389 89
390 89
391 89
392 89
393 89
382 90
383 90
384 90
385 90
386 90
387 90
388 90
389 90
390 90
391 90
392 90
393 90
381 91
382 91
383 91
384 91
385 91
386 91
387 91
388 91
389 91
390 91
391 91
392 91
380 92
381 92
382 92
383 92
384 92
385 92
386 92
387 92
388 92
389 92
390 92
391 92
392 92
380 93
381 93
382 93
383 93
384 93
385 93
386 93
387 93
388 93
389 93
390 93
391 93
379 94
380 94
381 94
382 94
383 94
384 94
385 94
386 94
387 94
388 94
389 94
390 94
391 94
379 95
380 95
381 95
382 95
383 95
384 95
385 95
386 95
387 95
388 95
389 95
390 95
379 96
380 96
381 96
382 96
383 96
384 96
385 96
386 96
387 96
388 96
389 96
390 96
379 97
380 97
381 97
382 97
383 97
384 97
385 97
386 97
387 97
388 97
389 97
390 97
380 98
381 98
382 98
383 98
384 98
385 98
386 98
387 98
388 98
389 98
390 98
380 99
381 99
382 99
383 99
384 99
385 99
386 99
387 99
388 99
389 99
390 99
391 99
380 100
381 100
382 100
383 100
384 100
385 100
386 100
387 100
388 100
389 100
390 100
391 100
392 100
380 101
381 101
382 101
385 101
386 101
387 101
388 101
389 101
390 101
391 101
392 101
393 101
380 102
381 102
382 102
388 102
389 102
390 102
391 102
392 102
393 102
394 102
395 102
379 103
380 103
381 103
382 103
391 103
392 103
393 103
394 103
395 103
396 103
397 103
379 104
380 104
381 104
382 104
393 104
394 104
395 104
396 104
397 104
398 104
378 105
379 105
380 105
381 105
382 105
394 105
395 105
396 105
397 105
398 105
377 106
378 106
379 106
380 106
381 106
382 106
395 106
396 106
397 106
398 106
377 107
378 107
379 107
380 107
381 107
396 107
397 107
398 107
396 108
397 108
398 108
396 109
397 109
398 109
397 110
398 110

FRAME 45
381 69
382 69
383 69
380 70
381 70
382 70
383 70
384 70
379 71
380 71
381 71
382 71
383 71
384 71
385 71
379 72
380 72
381 72
382 72
383 72
384 72
385 72
372 73
373 73
374 73
379 73
380 73
381 73
382 73
383 73
384 73
385 73
386 73
372 74
373 74
374 74
375 74
378 74
379 74
380 74
381 74
382 74
383 74
384 74
385 74
386 74
387 74
372 75
373 75
374 75
375 75
376 75
377 75
378 75
379 75
380 75
381 75
382 75
383 75
384 75
385 75
386 75
387 75
388 75
389 75
372 76
373 76
374 76
375 76
376 76
377 76
378 76
379 76
380 76
381 76
382 76
383 76
384 76
385 76
386 76
387 76
388 76
389 76
373 77
374 77
375 77
376 77
377 77
378 77
379 77
380 77
381 77
382 77
383 77
384 77
385 77
386 77
387 77
388 77
389 77
390 77
373 78
374 78
375 78
376 78
377 78
378 78
379 78
380 78
381 78
382 78
383 78
384 78
385 78
386 78
387 78
388 78
389 78
390 78
374 79
375 79
376 79
377 79
378 79
379 79
380 79
381 79
382 79
383 79
384 79
385 79
386 79
387 79
388 79
389 79
390 79
379 80
380 80
381 80
382 80
383 80
384 80
385 80
386 80
387 80
388 80
389 80
390 80
391 80
382 81
383 81
384 81
385 81
386 81
387 81
388 81
389 81
390 81
391 81
382 82
383 82
384 82
385 82
386 82
387 82
388 82
389 82
390 82
391 82
383 83
384 83
385 83
386 83
387 83
388 83
389 83
390 83
391 83
392 83
383 84
384 84
385 84
386 84
387 84
388 84
389 84
390 84
391 84
392 84
384 85
385 85
386 85
387 85
388 85
389 85
390 85
391 85
392 85
384 86
385 86
386 86
387 86
388 86
389 86
390 86
391 86
392 86
393 86
384 87
385 87
386 87
387 87
388 87
389 87
390 87
391 87
392 87
393 87
384 88
385 88
386 88
387 88
388 88
389 88
390 88
391 88
392 88
393 88
383 89
384 89
385 89
386 89
387 89
388 89
389 89
390 89
391 89
392 89
393 89
382 90
383 90
384 90
385 90
386 90
387 90
388 90
389 90
390 90
391 90
392 90
393 90
381 91
382 91
383 91
384 91
385 91
386 91
387 91
388 91
389 91
390 91
391 91
392 91
380 92
381 92
382 92
383 92
384 92
385 92
386 92
387 92
388 92
389 92
390 92
391 92
392 92
380 93
381 93
382 93
383 93
384 93
385 93
386 93
387 93
388 93
389 93
390 93
391 93
379 94
380 94
381 94
382 94
383 94
384 94
385 94
386 94
387 94
388 94
389 94
390 94
391 94
379 95
380 95
381 95
382 95
383 95
384 95
385 95
386 95
387 95
388 95
389 95
390 95
379 96
380 96
381 96
382 96
383 96
384 96
385 96
386 96
387 96
388 96
389 96
390 96
379 97
380 97
381 97
382 97
383 97
384 97
385 97
386 97
387 97
388 97
389 97
390 97
379 98
380 98
381 98
382 98
384 98
385 98
386 98
387 98
388 98
389 98
390 98
379 99
380 99
381 99
382 99
384 99
385 99
386 99
387 99
388 99
389 99
390 99
379 100
380 100
381 100
382 100
384 100
385 100
386 100
387 100
388 100
389 100
390 100
391 100
379 101
380 101
381 101
382 101
385 101
386 101
387 101
388 101
389 101
390 101
391 101
392 101
379 102
380 102
381 102
382 102
386 102
387 102
388 102
389 102
390 102
391 102
392 102
393 102
394 102
395 102
379 103
380 103
381 103
382 103
388 103
389 103
390 103
391 103
392 103
393 103
394 103
395 103
396 103
397 103
378 104
379 104
380 104
381 104
382 104
392 104
393 104
394 104
395 104
396 104
397 104
398 104
377 105
378 105
379 105
380 105
381 105
382 105
394 105
395 105
396 105
397 105
398 105
377 106
378 106
379 106
380 106
381 106
382 106
395 106
396 106
397 106
398 106
377 107
378 107
379 107
380 107
396 107
397 107
398 107
396 108
397 108
398 108
396 109
397 109
398 109
397 110
398 110

FRAME 46
381 69
382 69
383 69
380 70
381 70
382 70
383 70
384 70
379 71
380 71
381 71
382 71
383 71
384 71
379 72
380 72
381 72
382 72
383 72
384 72
385 72
373 73
378 73
379 73
380 73
381 73
382 73
383 73
384 73
385 73
386 73
371 74
372 74
373 74
374 74
375 74
378 74
379 74
380 74
381 74
382 74
383 74
384 74
385 74
386 74
387 74
371 75
372 75
373 75
374 75
375 75
376 75
377 75
378 75
379 75
380 75
381 75
382 75
383 75
384 75
385 75
386 75
387 75
388 75
371 76
372 76
373 76
374 76
375 76
376 76
377 76
378 76
379 76
380 76
381 76
382 76
383 76
384 76
385 76
386 76
387 76
388 76
389 76
372 77
373 77
374 77
375 77
376 77
377 77
378 77
379 77
380 77
381 77
382 77
383 77
384 77
385 77
386 77
387 77
388 77
389 77
373 78
374 78
375 78
376 78
377 78
378 78
379 78
380 78
381 78
382 78
383 78
384 78
385 78
386 78
387 78
388 78
389 78
390 78
375 79
376 79
377 79
378 79
379 79
380 79
381 79
382 79
383 79
384 79
385 79
386 79
387 79
388 79
389 79
390 79
379 80
380 80
381 80
382 80
383 80
384 80
385 80
386 80
387 80
388 80
389 80
390 80
381 81
382 81
383 81
384 81
385 81
386 81
387 81
388 81
389 81
390 81
391 81
382 82
383 82
384 82
385 82
386 82
387 82
388 82
389 82
390 82
391 82
382 83
383 83
384 83
385 83
386 83
387 83
388 83
389 83
390 83
391 83
383 84
384 84
385 84
386 84
387 84
388 84
389 84
390 84
391 84
392 84
384 85
385 85
386 85
387 85
388 85
389 85
390 85
391 85
392 85
384 86
385 86
386 86
387 86
388 86
389 86
390 86
391 86
392 86
384 87
385 87
386 87
387 87
388 87
389 87
390 87
391 87
392 87
393 87
384 88
385 88
386 88
387 88
388 88
389 88
390 88
391 88
392 88
393 88
383 89
384 89
385 89
386 89
387 89
388 89
389 89
390 89
391 89
392 89
393 89
382 90
383 90
384 90
385 90
386 90
387 90
388 90
389 90
390 90
391 90
392 90
381 91
382 91
383 91
384 91
385 91
386 91
387 91
388 91
389 91
390 91
391 91
392 91
380 92
381 92
382 92
383 92
384 92
385 92
386 92
387 92
388 92
389 92
390 92
391 92
379 93
380 93
381 93
382 93
383 93
384 93
385 93
386 93
387 93
388 93
389 93
390 93
391 93
379 94
380 94
381 94
382 94
383 94
384 94
385 94
386 94
387 94
388 94
389 94
390 94
379 95
380 95
381 95
382 95
383 95
384 95
385 95
386 95
387 95
388 95
389 95
390 95
379 96
380 96
381 96
382 96
383 96
384 96
385 96
386 96
387 96
388 96
389 96
390 96
379 97
380 97
381 97
382 97
383 97
384 97
385 97
386 97
387 97
388 97
389 97
390 97
379 98
380 98
381 98
382 98
384 98
385 98
386 98
387 98
388 98
389 98
390 98
379 99
380 99
381 99
382 99
384 99
385 99
386 99
387 99
388 99
389 99
390 99
379 100
380 100
381 100
382 100
384 100
385 100
386 100
387 100
388 100
389 100
390 100
391 100
379 101
380 101
381 101
382 101
385 101
386 101
387 101
388 101
389 101
390 101
391 101
392 101
379 102
380 102
381 102
382 102
385 102
386 102
387 102
388 102
389 102
390 102
391 102
392 102
393 102
394 102
379 103
380 103
381 103
382 103
387 103
388 103
389 103
390 103
391 103
392 103
393 103
394 103
395 103
396 103
397 103
378 104
379 104
380 104
381 104
382 104
390 104
391 104
392 104
393 104
394 104
395 104
396 104
397 104
398 104
377 105
378 105
379 105
380 105
381 105
382 105
393 105
394 105
395 105
396 105
397 105
398 105
399 105
377 106
378 106
379 106
380 106
381 106
382 106
395 106
396 106
397 106
398 106
399 106
376 107
377 107
378 107
379 107
380 107
381 107
396 107
397 107
398 107
399 107
396 108
397 108
398 108
396 109
397 109
398 109
397 110
398 110

FRAME 47
346 278
347 278
348 278
349 278
345 279
346 279
347 279
348 279
349 279
350 279
344 280
345 280
346 280
347 280
348 280
349 280
350 280
351 280
344 281
345 281
346 281
347 281
348 281
349 281
350 281
351 281
344 282
345 282
346 282
347 282
348 282
349 282
350 282
351 282
344 283
345 283
346 283
347 283
348 283
349 283
350 283
351 283
344 284
345 284
346 284
347 284
348 284
349 284
350 284
351 284
345 285
346 285
347 285
348 285
349 285
350 285
351 285
345 286
346 286
347 286
348 286
349 286
350 286
351 286
345 287
346 287
347 287
348 287
349 287
350 287
351 287
345 288
346 288
347 288
348 288
349 288
350 288
351 288
345 289
346 289
347 289
348 289
349 289
350 289
351 289
352 289
344 290
345 290
346 290
347 290
348 290
349 290
350 290
351 290
352 290
353 290
354 290
343 291
344 291
345 291
346 291
347 291
348 291
349 291
350 291
351 291
352 291
353 291
354 291
355 291
356 291
341 292
342 292
343 292
344 292
345 292
346 292
347 292
348 292
349 292
350 292
351 292
352 292
353 292
354 292
355 292
356 292
357 292
340 293
341 293
342 293
343 293
344 293
345 293
346 293
347 293
348 293
349 293
350 293
351 293
352 293
353 293
354 293
355 293
356 293
357 293
358 293
339 294
340 294
341 294
342 294
343 294
344 294
345 294
346 294
347 294
348 294
349 294
350 294
351 294
352 294
353 294
354 294
355 294
356 294
357 294
358 294
359 294
339 295
340 295
341 295
342 295
343 295
344 295
345 295
346 295
347 295
348 295
349 295
350 295
351 295
352 295
353 295
354 295
355 295
356 295
357 295
358 295
359 295
339 296
340 296
341 296
342 296
343 296
344 296
345 296
346 296
347 296
348 296
349 296
350 296
351 296
352 296
353 296
354 296
355 296
356 296
357 296
358 296
359 296
360 296
339 297
340 297
341 297
342 297
343 297
344 297
345 297
346 297
347 297
348 297
349 297
350 297
351 297
352 297
353 297
354 297
355 297
356 297
357 297
358 297
359 297
360 297
339 298
340 298
341 298
342 298
343 298
344 298
345 298
346 298
347 298
348 298
349 298
350 298
351 298
352 298
353 298
354 298
355 298
356 298
357 298
358 298
359 298
360 298
361 298
339 299
340 299
341 299
342 299
343 299
344 299
345 299
346 299
347 299
348 299
349 299
350 299
351 299
352 299
353 299
354 299
355 299
356 299
357 299
358 299
359 299
360 299
361 299
339 300
340 300
341 300
342 300
343 300
344 300
345 300
346 300
347 300
348 300
349 300
350 300
351 300
352 300
353 300
354 300
355 300
356 300
357 300
358 300
359 300
360 300
361 300
339 301
340 301
341 301
342 301
343 301
344 301
345 301
346 301
347 301
348 301
349 301
350 301
351 301
352 301
353 301
354 301
355 301
356 301
357 301
358 301
359 301
360 301
361 301
339 302
340 302
341 302
342 302
343 302
344 302
345 302
346 302
347 302
348 302
349 302
350 302
351 302
352 302
353 302
354 302
355 302
356 302
357 302
358 302
359 302
360 302
361 302
339 303
340 303
341 303
342 303
343 303
344 303
345 303
346 303
347 303
348 303
349 303
350 303
351 303
352 303
353 303
354 303
355 303
356 303
357 303
358 303
359 303
360 303
361 303
362 303
339 304
340 304
341 304
342 304
343 304
344 304
345 304
346 304
347 304
348 304
349 304
350 304
351 304
352 304
353 304
354 304
355 304
356 304
357 304
358 304
359 304
360 304
361 304
362 304
339 305
340 305
341 305
342 305
343 305
344 305
345 305
346 305
347 305
348 305
349 305
350 305
351 305
352 305
353 305
354 305
355 305
356 305
357 305
358 305
359 305
360 305
361 305
362 305
339 306
340 306
341 306
342 306
343 306
344 306
345 306
346 306
347 306
348 306
349 306
350 306
351 306
352 306
353 306
354 306
355 306
356 306
357 306
358 306
359 306
360 306
361 306
362 306
340 307
341 307
342 307
343 307
344 307
345 307
346 307
347 307
348 307
349 307
350 307
351 307
352 307
353 307
354 307
355 307
356 307
357 307
358 307
359 307
360 307
361 307
362 307
340 308
341 308
342 308
343 308
344 308
345 308
346 308
347 308
348 308
349 308
350 308
351 308
352 308
353 308
354 308
355 308
356 308
357 308
358 308
359 308
360 308
361 308
362 308
341 309
342 309
343 309
344 309
345 309
346 309
347 309
348 309
349 309
350 309
351 309
352 309
353 309
354 309
355 309
356 309
357 309
358 309
359 309
360 309
361 309
342 310
343 310
344 310
345 310
346 310
347 310
348 310
349 310
350 310
351 310
352 310
353 310
354 310
355 310
356 310
357 310
358 310
359 310
360 310
361 310
343 311
344 311
345 311
346 311
347 311
348 311
349 311
350 311
351 311
352 311
353 311
354 311
355 311
356 311
357 311
358 311
359 311
360 311
343 312
344 312
345 312
346 312
347 312
348 312
349 312
350 312
351 312
352 312
353 312
354 312
355 312
356 312
357 312
358 312
359 312
342 313
343 313
344 313
345 313
346 313
347 313
348 313
349 313
350 313
351 313
352 313
353 313
354 313
355 313
356 313
357 313
358 313
359 313
342 314
343 314
344 314
345 314
346 314
347 314
348 314
349 314
350 314
351 314
352 314
353 314
354 314
355 314
356 314
357 314
358 314
359 314
342 315
343 315
344 315
345 315
346 315
347 315
348 315
349 315
350 315
351 315
352 315
353 315
354 315
355 315
356 315
357 315
358 315
359 315
342 316
343 316
344 316
345 316
346 316
347 316
348 316
349 316
350 316
351 316
352 316
353 316
354 316
355 316
356 316
357 316
358 316
359 316
360 316
342 317
343 317
344 317
345 317
346 317
347 317
348 317
349 317
350 317
351 317
352 317
353 317
354 317
355 317
356 317
357 317
358 317
359 317
360 317
341 318
342 318
343 318
344 318
345 318
346 318
347 318
348 318
349 318
350 318
351 318
352 318
353 318
354 318
355 318
356 318
357 318
358 318
359 318
360 318
361 318
341 319
342 319
343 319
344 319
345 319
346 319
347 319
348 319
349 319
350 319
351 319
352 319
353 319
354 319
355 319
356 319
357 319
358 319
359 319
360 319
361 319
341 320
342 320
343 320
344 320
345 320
346 320
347 320
348 320
349 320
350 320
351 320
352 320
353 320
354 320
355 320
356 320
357 320
358 320
359 320
360 320
361 320
341 321
342 321
343 321
344 321
345 321
346 321
347 321
348 321
349 321
350 321
351 321
352 321
353 321
354 321
355 321
356 321
357 321
358 321
359 321
360 321
361 321
341 322
342 322
343 322
344 322
345 322
346 322
347 322
348 322
349 322
350 322
351 322
352 322
353 322
354 322
355 322
356 322
357 322
358 322
359 322
360 322
361 322
340 323
341 323
342 323
343 323
344 323
345 323
346 323
347 323
348 323
349 323
353 323
354 323
355 323
356 323
357 323
358 323
359 323
360 323
361 323
362 323
340 324
341 324
342 324
343 324
344 324
345 324
346 324
347 324
348 324
354 324
355 324
356 324
357 324
358 324
359 324
360 324
361 324
362 324
339 325
340 325
341 325
342 325
343 325
344 325
345 325
346 325
347 325
355 325
356 325
357 325
358 325
359 325
360 325
361 325
362 325
339 326
340 326
341 326
342 326
343 326
344 326
345 326
346 326
356 326
357 326
358 326
359 326
360 326
361 326
362 326
363 326
339 327
340 327
341 327
342 327
343 327
344 327
357 327
358 327
359 327
360 327
361 327
362 327
363 327
338 328
339 328
340 328
341 328
342 328
343 328
344 328
358 328
359 328
360 328
361 328
362 328
363 328
364 328
338 329
339 329
340 329
341 329
342 329
343 329
358 329
359 329
360 329
361 329
362 329
363 329
364 329
338 330
339 330
340 330
341 330
342 330
343 330
359 330
360 330
361 330
362 330
363 330
364 330
338 331
339 331
340 331
341 331
342 331
360 331
361 331
362 331
363 331
364 331
365 331
337 332
338 332
339 332
340 332
341 332
342 332
360 332
361 332
362 332
363 332
364 332
365 332
366 332
337 333
338 333
339 333
340 333
341 333
342 333
361 333
362 333
363 333
364 333
365 333
366 333
337 334
338 334
339 334
340 334
341 334
342 334
362 334
363 334
364 334
365 334
366 334
367 334
337 335
338 335
339 335
340 335
341 335
342 335
362 335
363 335
364 335
365 335
366 335
367 335
337 336
338 336
339 336
340 336
341 336
342 336
362 336
363 336
364 336
365 336
366 336
367 336
337 337
338 337
339 337
340 337
341 337
363 337
364 337
365 337
366 337
367 337
368 337
337 338
338 338
339 338
340 338
341 338
363 338
364 338
365 338
366 338
367 338
368 338
337 339
338 339
339 339
340 339
341 339
363 339
364 339
365 339
366 339
367 339
368 339
337 340
338 340
339 340
340 340
341 340
364 340
365 340
366 340
367 340
368 340
369 340
337 341
338 341
339 341
340 341
341 341
365 341
366 341
367 341
368 341
369 341
337 342
338 342
339 342
340 342
365 342
366 342
367 342
368 342
369 342
336 343
337 343
338 343
339 343
340 343
366 343
367 343
368 343
369 343
370 343
336 344
337 344
338 344
339 344
340 344
366 344
367 344
368 344
369 344
370 344
336 345
337 345
338 345
339 345
340 345
367 345
368 345
369 345
370 345
336 346
337 346
338 346
339 346
340 346
367 346
368 346
369 346
370 346
371 346
336 347
337 347
338 347
339 347
368 347
369 347
370 347
371 347
335 348
336 348
337 348
338 348
339 348
368 348
369 348
370 348
371 348
372 348
334 349
335 349
336 349
337 349
338 349
339 349
368 349
369 349
370 349
371 349
372 349
333 350
334 350
335 350
336 350
337 350
338 350
339 350
368 350
369 350
370 350
371 350
372 350
332 351
333 351
334 351
335 351
336 351
337 351
338 351
339 351
368 351
369 351
370 351
371 351
372 351
373 351
332 352
333 352
334 352
335 352
336 352
337 352
338 352
339 352
368 352
369 352
370 352
371 352
372 352
373 352
332 353
333 353
334 353
335 353
336 353
337 353
338 353
339 353
369 353
370 353
371 353
372 353
373 353
333 354
334 354
335 354
336 354
337 354
338 354
370 354
371 354
372 354

FRAME 48
380 70
381 70
382 70
379 71
380 71
381 71
382 71
383 71
379 72
380 72
381 72
382 72
383 72
379 73
380 73
381 73
382 73
383 73
384 73
379 74
380 74
381 74
382 74
383 74
384 74
385 74
367 75
368 75
369 75
378 75
379 75
380 75
381 75
382 75
383 75
384 75
385 75
386 75
387 75
366 76
367 76
368 76
369 76
370 76
371 76
372 76
378 76
379 76
380 76
381 76
382 76
383 76
384 76
385 76
386 76
387 76
388 76
367 77
368 77
369 77
370 77
371 77
372 77
373 77
374 77
375 77
376 77
377 77
378 77
379 77
380 77
381 77
382 77
383 77
384 77
385 77
386 77
387 77
388 77
389 77
368 78
369 78
370 78
371 78
372 78
373 78
374 78
375 78
376 78
377 78
378 78
379 78
380 78
381 78
382 78
383 78
384 78
385 78
386 78
387 78
388 78
389 78
371 79
372 79
373 79
374 79
375 79
376 79
377 79
378 79
379 79
380 79
381 79
382 79
383 79
384 79
385 79
386 79
387 79
388 79
389 79
390 79
376 80
377 80
378 80
379 80
380 80
381 80
382 80
383 80
384 80
385 80
386 80
387 80
388 80
389 80
390 80
380 81
381 81
382 81
383 81
384 81
385 81
386 81
387 81
388 81
389 81
390 81
381 82
382 82
383 82
384 82
385 82
386 82
387 82
388 82
389 82
390 82
391 82
382 83
383 83
384 83
385 83
386 83
387 83
388 83
389 83
390 83
391 83
383 84
384 84
385 84
386 84
387 84
388 84
389 84
390 84
391 84
383 85
384 85
385 85
386 85
387 85
388 85
389 85
390 85
391 85
392 85
383 86
384 86
385 86
386 86
387 86
388 86
389 86
390 86
391 86
392 86
383 87
384 87
385 87
386 87
387 87
388 87
389 87
390 87
391 87
392 87
383 88
384 88
385 88
386 88
387 88
388 88
389 88
390 88
391 88
392 88
382 89
383 89
384 89
385 89
386 89
387 89
388 89
389 89
390 89
391 89
392 89
393 89
381 90
382 90
383 90
384 90
385 90
386 90
387 90
388 90
389 90
390 90
391 90
392 90
380 91
381 91
382 91
383 91
384 91
385 91
386 91
387 91
388 91
389 91
390 91
391 91
392 91
379 92
380 92
381 92
382 92
383 92
384 92
385 92
386 92
387 92
388 92
389 92
390 92
391 92
392 92
378 93
379 93
380 93
381 93
382 93
383 93
384 93
385 93
386 93
387 93
388 93
389 93
390 93
391 93
378 94
379 94
380 94
381 94
382 94
383 94
384 94
385 94
386 94
387 94
388 94
389 94
390 94
391 94
377 95
378 95
379 95
380 95
381 95
382 95
384 95
385 95
386 95
387 95
388 95
389 95
390 95
377 96
378 96
379 96
380 96
381 96
382 96
385 96
386 96
387 96
388 96
389 96
390 96
378 97
379 97
380 97
381 97
385 97
386 97
387 97
388 97
389 97
390 97
378 98
379 98
380 98
381 98
385 98
386 98
387 98
388 98
389 98
390 98
378 99
379 99
380 99
381 99
385 99
386 99
387 99
388 99
389 99
390 99
379 100
380 100
381 100
385 100
386 100
387 100
388 100
389 100
390 100
391 100
379 101
380 101
381 101
385 101
386 101
387 101
388 101
389 101
390 101
391 101
392 101
379 102
380 102
381 102
382 102
386 102
387 102
388 102
389 102
390 102
391 102
392 102
393 102
379 103
380 103
381 103
382 103
387 103
388 103
389 103
390 103
391 103
392 103
393 103
394 103
395 103
396 103
378 104
379 104
380 104
381 104
382 104
388 104
389 104
390 104
391 104
392 104
393 104
394 104
395 104
396 104
397 104
398 104
399 104
377 105
378 105
379 105
380 105
381 105
382 105
392 105
393 105
394 105
395 105
396 105
397 105
398 105
399 105
400 105
377 106
378 106
379 106
380 106
381 106
382 106
395 106
396 106
397 106
398 106
399 106
400 106
376 107
377 107
378 107
379 107
380 107
381 107
396 107
397 107
398 107
399 107
400 107
401 107
396 108
397 108
398 108
399 108
400 108
397 109
398 109
399 109
400 109
397 110
398 110
399 110

FRAME 50
348 281
349 281
350 281
351 281
347 282
348 282
349 282
350 282
351 282
352 282
353 282
347 283
348 283
349 283
350 283
351 283
352 283
353 283
347 284
348 284
349 284
350 284
351 284
352 284
353 284
346 285
347 285
348 285
349 285
350 285
351 285
352 285
353 285
354 285
347 286
348 286
349 286
350 286
351 286
352 286
353 286
354 286
347 287
348 287
349 287
350 287
351 287
352 287
353 287
354 287
347 288
348 288
349 288
350 288
351 288
352 288
353 288
354 288
347 289
348 289
349 289
350 289
351 289
352 289
353 289
354 289
347 290
348 290
349 290
350 290
351 290
352 290
353 290
347 291
348 291
349 291
350 291
351 291
352 291
353 291
354 291
347 292
348 292
349 292
350 292
351 292
352 292
353 292
354 292
346 293
347 293
348 293
349 293
350 293
351 293
352 293
353 293
354 293
355 293
345 294
346 294
347 294
348 294
349 294
350 294
351 294
352 294
353 294
354 294
355 294
356 294
357 294
358 294
343 295
344 295
345 295
346 295
347 295
348 295
349 295
350 295
351 295
352 295
353 295
354 295
355 295
356 295
357 295
358 295
359 295
342 296
343 296
344 296
345 296
346 296
347 296
348 296
349 296
350 296
351 296
352 296
353 296
354 296
355 296
356 296
357 296
358 296
359 296
360 296
341 297
342 297
343 297
344 297
345 297
346 297
347 297
348 297
349 297
350 297
351 297
352 297
353 297
354 297
355 297
356 297
357 297
358 297
359 297
360 297
361 297
341 298
342 298
343 298
344 298
345 298
346 298
347 298
348 298
349 298
350 298
351 298
352 298
353 298
354 298
355 298
356 298
357 298
358 298
359 298
360 298
361 298
341 299
342 299
343 299
344 299
345 299
346 299
347 299
348 299
349 299
350 299
351 299
352 299
353 299
354 299
355 299
356 299
357 299
358 299
359 299
360 299
361 299
362 299
341 300
342 300
343 300
344 300
345 300
346 300
347 300
348 300
349 300
350 300
351 300
352 300
353 300
354 300
355 300
356 300
357 300
358 300
359 300
360 300
361 300
362 300
341 301
342 301
343 301
344 301
345 301
346 301
347 301
348 301
349 301
350 301
351 301
352 301
353 301
354 301
355 301
356 301
357 301
358 301
359 301
360 301
361 301
362 301
341 302
342 302
343 302
344 302
345 302
346 302
347 302
348 302
349 302
350 302
351 302
352 302
353 302
354 302
355 302
356 302
357 302
358 302
359 302
360 302
361 302
362 302
363 302
341 303
342 303
343 303
344 303
345 303
346 303
347 303
348 303
349 303
350 303
351 303
352 303
353 303
354 303
355 303
356 303
357 303
358 303
359 303
360 303
361 303
362 303
363 303
341 304
342 304
343 304
344 304
345 304
346 304
347 304
348 304
349 304
350 304
351 304
352 304
353 304
354 304
355 304
356 304
357 304
358 304
359 304
360 304
361 304
362 304
363 304
341 305
342 305
343 305
344 305
345 305
346 305
347 305
348 305
349 305
350 305
351 305
352 305
353 305
354 305
355 305
356 305
357 305
358 305
359 305
360 305
361 305
362 305
363 305
341 306
342 306
343 306
344 306
345 306
346 306
347 306
348 306
349 306
350 306
351 306
352 306
353 306
354 306
355 306
356 306
357 306
358 306
359 306
360 306
361 306
362 306
363 306
364 306
341 307
342 307
343 307
344 307
345 307
346 307
347 307
348 307
349 307
350 307
351 307
352 307
353 307
354 307
355 307
356 307
357 307
358 307
359 307
360 307
361 307
362 307
363 307
364 307
341 308
342 308
343 308
344 308
345 308
346 308
347 308
348 308
349 308
350 308
351 308
352 308
353 308
354 308
355 308
356 308
357 308
358 308
359 308
360 308
361 308
362 308
363 308
364 308
341 309
342 309
343 309
344 309
345 309
346 309
347 309
348 309
349 309
350 309
351 309
352 309
353 309
354 309
355 309
356 309
357 309
358 309
359 309
360 309
361 309
362 309
363 309
364 309
342 310
343 310
344 310
345 310
346 310
347 310
348 310
349 310
350 310
351 310
352 310
353 310
354 310
355 310
356 310
357 310
358 310
359 310
360 310
361 310
362 310
363 310
364 310
343 311
344 311
345 311
346 311
347 311
348 311
349 311
350 311
351 311
352 311
353 311
354 311
355 311
356 311
357 311
358 311
359 311
360 311
361 311
362 311
363 311
364 311
344 312
345 312
346 312
347 312
348 312
349 312
350 312
351 312
352 312
353 312
354 312
355 312
356 312
357 312
358 312
359 312
360 312
361 312
362 312
363 312
345 313
346 313
347 313
348 313
349 313
350 313
351 313
352 313
353 313
354 313
355 313
356 313
357 313
358 313
359 313
360 313
361 313
362 313
363 313
345 314
346 314
347 314
348 314
349 314
350 314
351 314
352 314
353 314
354 314
355 314
356 314
357 314
358 314
359 314
360 314
361 314
362 314
345 315
346 315
347 315
348 315
349 315
350 315
351 315
352 315
353 315
354 315
355 315
356 315
357 315
358 315
359 315
360 315
361 315
362 315
346 316
347 316
348 316
349 316
350 316
351 316
352 316
353 316
354 316
355 316
356 316
357 316
358 316
359 316
360 316
361 316
362 316
346 317
347 317
348 317
349 317
350 317
351 317
352 317
353 317
354 317
355 317
356 317
357 317
358 317
359 317
360 317
361 317
362 317
346 318
347 318
348 318
349 318
350 318
351 318
352 318
353 318
354 318
355 318
356 318
357 318
358 318
359 318
360 318
361 318
362 318
345 319
346 319
347 319
348 319
349 319
350 319
351 319
352 319
353 319
354 319
355 319
356 319
357 319
358 319
359 319
360 319
361 319
362 319
345 320
346 320
347 320
348 320
349 320
350 320
351 320
352 320
353 320
354 320
355 320
356 320
357 320
358 320
359 320
360 320
361 320
362 320
363 320
345 321
346 321
347 321
348 321
349 321
350 321
351 321
352 321
353 321
354 321
355 321
356 321
357 321
358 321
359 321
360 321
361 321
362 321
363 321
345 322
346 322
347 322
348 322
349 322
350 322
351 322
352 322
353 322
354 322
355 322
356 322
357 322
358 322
359 322
360 322
361 322
362 322
363 322
364 322
345 323
346 323
347 323
348 323
349 323
350 323
351 323
352 323
353 323
354 323
355 323
356 323
357 323
358 323
359 323
360 323
361 323
362 323
363 323
364 323
344 324
345 324
346 324
347 324
348 324
349 324
350 324
351 324
352 324
353 324
354 324
355 324
356 324
357 324
358 324
359 324
360 324
361 324
362 324
363 324
364 324
344 325
345 325
346 325
347 325
348 325
349 325
350 325
351 325
352 325
353 325
354 325
355 325
356 325
357 325
358 325
359 325
360 325
361 325
362 325
363 325
364 325
344 326
345 326
346 326
347 326
348 326
349 326
350 326
351 326
352 326
353 326
354 326
355 326
356 326
357 326
358 326
359 326
360 326
361 326
362 326
363 326
364 326
343 327
344 327
345 327
346 327
347 327
348 327
349 327
350 327
351 327
352 327
353 327
354 327
355 327
356 327
357 327
358 327
359 327
360 327
361 327
362 327
363 327
364 327
343 328
344 328
345 328
346 328
347 328
348 328
349 328
350 328
351 328
352 328
353 328
354 328
357 328
358 328
359 328
360 328
361 328
362 328
363 328
364 328
365 328
343 329
344 329
345 329
346 329
347 329
348 329
349 329
350 329
351 329
352 329
353 329
358 329
359 329
360 329
361 329
362 329
363 329
364 329
365 329
343 330
344 330
345 330
346 330
347 330
348 330
349 330
350 330
351 330
352 330
359 330
360 330
361 330
362 330
363 330
364 330
365 330
343 331
344 331
345 331
346 331
347 331
348 331
349 331
350 331
351 331
360 331
361 331
362 331
363 331
364 331
365 331
366 331
342 332
343 332
344 332
345 332
346 332
347 332
348 332
349 332
350 332
360 332
361 332
362 332
363 332
364 332
365 332
366 332
342 333
343 333
344 333
345 333
346 333
347 333
348 333
349 333
361 333
362 333
363 333
364 333
365 333
366 333
367 333
342 334
343 334
344 334
345 334
346 334
347 334
348 334
362 334
363 334
364 334
365 334
366 334
367 334
342 335
343 335
344 335
345 335
346 335
347 335
362 335
363 335
364 335
365 335
366 335
367 335
368 335
341 336
342 336
343 336
344 336
345 336
346 336
363 336
364 336
365 336
366 336
367 336
368 336
369 336
341 337
342 337
343 337
344 337
345 337
346 337
363 337
364 337
365 337
366 337
367 337
368 337
369 337
341 338
342 338
343 338
344 338
345 338
346 338
364 338
365 338
366 338
367 338
368 338
369 338
341 339
342 339
343 339
344 339
345 339
346 339
364 339
365 339
366 339
367 339
368 339
369 339
341 340
342 340
343 340
344 340
345 340
365 340
366 340
367 340
368 340
369 340
370 340
341 341
342 341
343 341
344 341
345 341
365 341
366 341
367 341
368 341
369 341
370 341
341 342
342 342
343 342
344 342
345 342
365 342
366 342
367 342
368 342
369 342
370 342
341 343
342 343
343 343
344 343
345 343
366 343
367 343
368 343
369 343
370 343
341 344
342 344
343 344
344 344
345 344
366 344
367 344
368 344
369 344
370 344
341 345
342 345
343 345
344 345
345 345
367 345
368 345
369 345
370 345
371 345
341 346
342 346
343 346
344 346
345 346
367 346
368 346
369 346
370 346
371 346
341 347
342 347
343 347
344 347
367 347
368 347
369 347
370 347
371 347
341 348
342 348
343 348
344 348
368 348
369 348
370 348
371 348
372 348
341 349
342 349
343 349
344 349
368 349
369 349
370 349
371 349
372 349
340 350
341 350
342 350
343 350
344 350
368 350
369 350
370 350
371 350
372 350
340 351
341 351
342 351
343 351
344 351
368 351
369 351
370 351
371 351
372 351
373 351
340 352
341 352
342 352
343 352
344 352
368 352
369 352
370 352
371 352
372 352
373 352
339 353
340 353
341 353
342 353
343 353
344 353
345 353
368 353
369 353
370 353
371 353
372 353
373 353
374 353
338 354
339 354
340 354
341 354
342 354
343 354
344 354
345 354
369 354
370 354
371 354
372 354
373 354
374 354
337 355
338 355
339 355
340 355
341 355
342 355
343 355
344 355
345 355
369 355
370 355
371 355
372 355
373 355
336 356
337 356
338 356
339 356
340 356
341 356
342 356
343 356
344 356
345 356
371 356
372 356
373 356
336 357
337 357
338 357
339 357
340 357
341 357
342 357
343 357
344 357
336 358
337 358
338 358
339 358
340 358
341 358
342 358
337 359
338 359
339 359
340 359
341 359

FRAME 51
348 281
349 281
350 281
351 281
352 281
347 282
348 282
349 282
350 282
351 282
352 282
353 282
347 283
348 283
349 283
350 283
351 283
352 283
353 283
347 284
348 284
349 284
350 284
351 284
352 284
353 284
354 284
347 285
348 285
349 285
350 285
351 285
352 285
353 285
354 285
347 286
348 286
349 286
350 286
351 286
352 286
353 286
354 286
347 287
348 287
349 287
350 287
351 287
352 287
353 287
354 287
347 288
348 288
349 288
350 288
351 288
352 288
353 288
354 288
347 289
348 289
349 289
350 289
351 289
352 289
353 289
354 289
347 290
348 290
349 290
350 290
351 290
352 290
353 290
347 291
348 291
349 291
350 291
351 291
352 291
353 291
354 291
347 292
348 292
349 292
350 292
351 292
352 292
353 292
354 292
346 293
347 293
348 293
349 293
350 293
351 293
352 293
353 293
354 293
355 293
344 294
345 294
346 294
347 294
348 294
349 294
350 294
351 294
352 294
353 294
354 294
355 294
356 294
357 294
358 294
343 295
344 295
345 295
346 295
347 295
348 295
349 295
350 295
351 295
352 295
353 295
354 295
355 295
356 295
357 295
358 295
359 295
342 296
343 296
344 296
345 296
346 296
347 296
348 296
349 296
350 296
351 296
352 296
353 296
354 296
355 296
356 296
357 296
358 296
359 296
360 296
361 296
342 297
343 297
344 297
345 297
346 297
347 297
348 297
349 297
350 297
351 297
352 297
353 297
354 297
355 297
356 297
357 297
358 297
359 297
360 297
361 297
341 298
342 298
343 298
344 298
345 298
346 298
347 298
348 298
349 298
350 298
351 298
352 298
353 298
354 298
355 298
356 298
357 298
358 298
359 298
360 298
361 298
362 298
341 299
342 299
343 299
344 299
345 299
346 299
347 299
348 299
349 299
350 299
351 299
352 299
353 299
354 299
355 299
356 299
357 299
358 299
359 299
360 299
361 299
362 299
341 300
342 300
343 300
344 300
345 300
346 300
347 300
348 300
349 300
350 300
351 300
352 300
353 300
354 300
355 300
356 300
357 300
358 300
359 300
360 300
361 300
362 300
341 301
342 301
343 301
344 301
345 301
346 301
347 301
348 301
349 301
350 301
351 301
352 301
353 301
354 301
355 301
356 301
357 301
358 301
359 301
360 301
361 301
362 301
341 302
342 302
343 302
344 302
345 302
346 302
347 302
348 302
349 302
350 302
351 302
352 302
353 302
354 302
355 302
356 302
357 302
358 302
359 302
360 302
361 302
362 302
363 302
341 303
342 303
343 303
344 303
345 303
346 303
347 303
348 303
349 303
350 303
351 303
352 303
353 303
354 303
355 303
356 303
357 303
358 303
359 303
360 303
361 303
362 303
363 303
341 304
342 304
343 304
344 304
345 304
346 304
347 304
348 304
349 304
350 304
351 304
352 304
353 304
354 304
355 304
356 304
357 304
358 304
359 304
360 304
361 304
362 304
363 304
341 305
342 305
343 305
344 305
345 305
346 305
347 305
348 305
349 305
350 305
351 305
352 305
353 305
354 305
355 305
356 305
357 305
358 305
359 305
360 305
361 305
362 305
363 305
341 306
342 306
343 306
344 306
345 306
346 306
347 306
348 306
349 306
350 306
351 306
352 306
353 306
354 306
355 306
356 306
357 306
358 306
359 306
360 306
361 306
362 306
363 306
364 306
341 307
342 307
343 307
344 307
345 307
346 307
347 307
348 307
349 307
350 307
351 307
352 307
353 307
354 307
355 307
356 307
357 307
358 307
359 307
360 307
361 307
362 307
363 307
364 307
341 308
342 308
343 308
344 308
345 308
346 308
347 308
348 308
349 308
350 308
351 308
352 308
353 308
354 308
355 308
356 308
357 308
358 308
359 308
360 308
361 308
362 308
363 308
364 308
342 309
343 309
344 309
345 309
346 309
347 309
348 309
349 309
350 309
351 309
352 309
353 309
354 309
355 309
356 309
357 309
358 309
359 309
360 309
361 309
362 309
363 309
364 309
342 310
343 310
344 310
345 310
346 310
347 310
348 310
349 310
350 310
351 310
352 310
353 310
354 310
355 310
356 310
357 310
358 310
359 310
360 310
361 310
362 310
363 310
364 310
343 311
344 311
345 311
346 311
347 311
348 311
349 311
350 311
351 311
352 311
353 311
354 311
355 311
356 311
357 311
358 311
359 311
360 311
361 311
362 311
363 311
345 312
346 312
347 312
348 312
349 312
350 312
351 312
352 312
353 312
354 312
355 312
356 312
357 312
358 312
359 312
360 312
361 312
362 312
363 312
345 313
346 313
347 313
348 313
349 313
350 313
351 313
352 313
353 313
354 313
355 313
356 313
357 313
358 313
359 313
360 313
361 313
362 313
345 314
346 314
347 314
348 314
349 314
350 314
351 314
352 314
353 314
354 314
355 314
356 314
357 314
358 314
359 314
360 314
361 314
362 314
345 315
346 315
347 315
348 315
349 315
350 315
351 315
352 315
353 315
354 315
355 315
356 315
357 315
358 315
359 315
360 315
361 315
345 316
346 316
347 316
348 316
349 316
350 316
351 316
352 316
353 316
354 316
355 316
356 316
357 316
358 316
359 316
360 316
361 316
345 317
346 317
347 317
348 317
349 317
350 317
351 317
352 317
353 317
354 317
355 317
356 317
357 317
358 317
359 317
360 317
361 317
362 317
345 318
346 318
347 318
348 318
349 318
350 318
351 318
352 318
353 318
354 318
355 318
356 318
357 318
358 318
359 318
360 318
361 318
362 318
345 319
346 319
347 319
348 319
349 319
350 319
351 319
352 319
353 319
354 319
355 319
356 319
357 319
358 319
359 319
360 319
361 319
362 319
345 320
346 320
347 320
348 320
349 320
350 320
351 320
352 320
353 320
354 320
355 320
356 320
357 320
358 320
359 320
360 320
361 320
362 320
363 320
345 321
346 321
347 321
348 321
349 321
350 321
351 321
352 321
353 321
354 321
355 321
356 321
357 321
358 321
359 321
360 321
361 321
362 321
363 321
345 322
346 322
347 322
348 322
349 322
350 322
351 322
352 322
353 322
354 322
355 322
356 322
357 322
358 322
359 322
360 322
361 322
362 322
363 322
345 323
346 323
347 323
348 323
349 323
350 323
351 323
352 323
353 323
354 323
355 323
356 323
357 323
358 323
359 323
360 323
361 323
362 323
363 323
364 323
344 324
345 324
346 324
347 324
348 324
349 324
350 324
351 324
352 324
353 324
354 324
355 324
356 324
357 324
358 324
359 324
360 324
361 324
362 324
363 324
364 324
344 325
345 325
346 325
347 325
348 325
349 325
350 325
351 325
352 325
353 325
354 325
355 325
356 325
357 325
358 325
359 325
360 325
361 325
362 325
363 325
364 325
344 326
345 326
346 326
347 326
348 326
349 326
350 326
351 326
352 326
353 326
354 326
355 326
356 326
357 326
358 326
359 326
360 326
361 326
362 326
363 326
364 326
344 327
345 327
346 327
347 327
348 327
349 327
350 327
351 327
352 327
353 327
354 327
355 327
356 327
357 327
358 327
359 327
360 327
361 327
362 327
363 327
364 327
344 328
345 328
346 328
347 328
348 328
349 328
350 328
351 328
352 328
353 328
357 328
358 328
359 328
360 328
361 328
362 328
363 328
364 328
344 329
345 329
346 329
347 329
348 329
349 329
350 329
351 329
352 329
353 329
358 329
359 329
360 329
361 329
362 329
363 329
364 329
343 330
344 330
345 330
346 330
347 330
348 330
349 330
350 330
351 330
352 330
359 330
360 330
361 330
362 330
363 330
364 330
365 330
343 331
344 331
345 331
346 331
347 331
348 331
349 331
350 331
351 331
360 331
361 331
362 331
363 331
364 331
365 331
366 331
343 332
344 332
345 332
346 332
347 332
348 332
349 332
350 332
360 332
361 332
362 332
363 332
364 332
365 332
366 332
343 333
344 333
345 333
346 333
347 333
348 333
349 333
361 333
362 333
363 333
364 333
365 333
366 333
367 333
343 334
344 334
345 334
346 334
347 334
348 334
349 334
362 334
363 334
364 334
365 334
366 334
367 334
368 334
343 335
344 335
345 335
346 335
347 335
348 335
362 335
363 335
364 335
365 335
366 335
367 335
368 335
343 336
344 336
345 336
346 336
347 336
348 336
363 336
364 336
365 336
366 336
367 336
368 336
369 336
342 337
343 337
344 337
345 337
346 337
347 337
363 337
364 337
365 337
366 337
367 337
368 337
369 337
342 338
343 338
344 338
345 338
346 338
347 338
364 338
365 338
366 338
367 338
368 338
369 338
342 339
343 339
344 339
345 339
346 339
347 339
364 339
365 339
366 339
367 339
368 339
369 339
370 339
342 340
343 340
344 340
345 340
346 340
347 340
365 340
366 340
367 340
368 340
369 340
370 340
342 341
343 341
344 341
345 341
346 341
365 341
366 341
367 341
368 341
369 341
370 341
342 342
343 342
344 342
345 342
346 342
365 342
366 342
367 342
368 342
369 342
370 342
342 343
343 343
344 343
345 343
346 343
366 343
367 343
368 343
369 343
370 343
342 344
343 344
344 344
345 344
346 344
366 344
367 344
368 344
369 344
370 344
342 345
343 345
344 345
345 345
346 345
367 345
368 345
369 345
370 345
371 345
342 346
343 346
344 346
345 346
346 346
367 346
368 346
369 346
370 346
371 346
342 347
343 347
344 347
345 347
346 347
368 347
369 347
370 347
371 347
342 348
343 348
344 348
345 348
346 348
368 348
369 348
370 348
371 348
372 348
342 349
343 349
344 349
345 349
368 349
369 349
370 349
371 349
372 349
342 350
343 350
344 350
345 350
368 350
369 350
370 350
371 350
372 350
373 350
342 351
343 351
344 351
345 351
369 351
370 351
371 351
372 351
373 351
341 352
342 352
343 352
344 352
345 352
369 352
370 352
371 352
372 352
373 352
341 353
342 353
343 353
344 353
345 353
369 353
370 353
371 353
372 353
373 353
374 353
340 354
341 354
342 354
343 354
344 354
345 354
369 354
370 354
371 354
372 354
373 354
339 355
340 355
341 355
342 355
343 355
344 355
345 355
370 355
371 355
372 355
373 355
337 356
338 356
339 356
340 356
341 356
342 356
343 356
344 356
345 356
371 356
336 357
337 357
338 357
339 357
340 357
341 357
342 357
343 357
344 357
345 357
346 357
336 358
337 358
338 358
339 358
340 358
341 358
342 358
343 358
344 358
345 358
336 359
337 359
338 359
339 359
340 359
341 359
342 359
343 359
344 359
345 359
338 360
339 360
340 360
341 360
342 360

FRAME 52
350 280
351 280
348 281
349 281
350 281
351 281
352 281
353 281
347 282
348 282
349 282
350 282
351 282
352 282
353 282
347 283
348 283
349 283
350 283
351 283
352 283
353 283
354 283
347 284
348 284
349 284
350 284
351 284
352 284
353 284
354 284
347 285
348 285
349 285
350 285
351 285
352 285
353 285
354 285
347 286
348 286
349 286
350 286
351 286
352 286
353 286
354 286
347 287
348 287
349 287
350 287
351 287
352 287
353 287
354 287
347 288
348 288
349 288
350 288
351 288
352 288
353 288
354 288
347 289
348 289
349 289
350 289
351 289
352 289
353 289
354 289
347 290
348 290
349 290
350 290
351 290
352 290
353 290
354 290
347 291
348 291
349 291
350 291
351 291
352 291
353 291
354 291
346 292
347 292
348 292
349 292
350 292
351 292
352 292
353 292
354 292
355 292
345 293
346 293
347 293
348 293
349 293
350 293
351 293
352 293
353 293
354 293
355 293
356 293
343 294
344 294
345 294
346 294
347 294
348 294
349 294
350 294
351 294
352 294
353 294
354 294
355 294
356 294
357 294
358 294
359 294
342 295
343 295
344 295
345 295
346 295
347 295
348 295
349 295
350 295
351 295
352 295
353 295
354 295
355 295
356 295
357 295
358 295
359 295
360 295
342 296
343 296
344 296
345 296
346 296
347 296
348 296
349 296
350 296
351 296
352 296
353 296
354 296
355 296
356 296
357 296
358 296
359 296
360 296
361 296
341 297
342 297
343 297
344 297
345 297
346 297
347 297
348 297
349 297
350 297
351 297
352 297
353 297
354 297
355 297
356 297
357 297
358 297
359 297
360 297
361 297
341 298
342 298
343 298
344 298
345 298
346 298
347 298
348 298
349 298
350 298
351 298
352 298
353 298
354 298
355 298
356 298
357 298
358 298
359 298
360 298
361 298
362 298
341 299
342 299
343 299
344 299
345 299
346 299
347 299
348 299
349 299
350 299
351 299
352 299
353 299
354 299
355 299
356 299
357 299
358 299
359 299
360 299
361 299
362 299
341 300
342 300
343 300
344 300
345 300
346 300
347 300
348 300
349 300
350 300
351 300
352 300
353 300
354 300
355 300
356 300
357 300
358 300
359 300
360 300
361 300
362 300
341 301
342 301
343 301
344 301
345 301
346 301
347 301
348 301
349 301
350 301
351 301
352 301
353 301
354 301
355 301
356 301
357 301
358 301
359 301
360 301
361 301
362 301
363 301
341 302
342 302
343 302
344 302
345 302
346 302
347 302
348 302
349 302
350 302
351 302
352 302
353 302
354 302
355 302
356 302
357 302
358 302
359 302
360 302
361 302
362 302
363 302
341 303
342 303
343 303
344 303
345 303
346 303
347 303
348 303
349 303
350 303
351 303
352 303
353 303
354 303
355 303
356 303
357 303
358 303
359 303
360 303
361 303
362 303
363 303
341 304
342 304
343 304
344 304
345 304
346 304
347 304
348 304
349 304
350 304
351 304
352 304
353 304
354 304
355 304
356 304
357 304
358 304
359 304
360 304
361 304
362 304
363 304
364 304
341 305
342 305
343 305
344 305
345 305
346 305
347 305
348 305
349 305
350 305
351 305
352 305
353 305
354 305
355 305
356 305
357 305
358 305
359 305
360 305
361 305
362 305
363 305
364 305
341 306
342 306
343 306
344 306
345 306
346 306
347 306
348 306
349 306
350 306
351 306
352 306
353 306
354 306
355 306
356 306
357 306
358 306
359 306
360 306
361 306
362 306
363 306
364 306
341 307
342 307
343 307
344 307
345 307
346 307
347 307
348 307
349 307
350 307
351 307
352 307
353 307
354 307
355 307
356 307
357 307
358 307
359 307
360 307
361 307
362 307
363 307
364 307
341 308
342 308
343 308
344 308
345 308
346 308
347 308
348 308
349 308
350 308
351 308
352 308
353 308
354 308
355 308
356 308
357 308
358 308
359 308
360 308
361 308
362 308
363 308
364 308
342 309
343 309
344 309
345 309
346 309
347 309
348 309
349 309
350 309
351 309
352 309
353 309
354 309
355 309
356 309
357 309
358 309
359 309
360 309
361 309
362 309
363 309
364 309
343 310
344 310
345 310
346 310
347 310
348 310
349 310
350 310
351 310
352 310
353 310
354 310
355 310
356 310
357 310
358 310
359 310
360 310
361 310
362 310
363 310
364 310
344 311
345 311
346 311
347 311
348 311
349 311
350 311
351 311
352 311
353 311
354 311
355 311
356 311
357 311
358 311
359 311
360 311
361 311
362 311
363 311
345 312
346 312
347 312
348 312
349 312
350 312
351 312
352 312
353 312
354 312
355 312
356 312
357 312
358 312
359 312
360 312
361 312
362 312
363 312
345 313
346 313
347 313
348 313
349 313
350 313
351 313
352 313
353 313
354 313
355 313
356 313
357 313
358 313
359 313
360 313
361 313
362 313
345 314
346 314
347 314
348 314
349 314
350 314
351 314
352 314
353 314
354 314
355 314
356 314
357 314
358 314
359 314
360 314
361 314
345 315
346 315
347 315
348 315
349 315
350 315
351 315
352 315
353 315
354 315
355 315
356 315
357 315
358 315
359 315
360 315
361 315
345 316
346 316
347 316
348 316
349 316
350 316
351 316
352 316
353 316
354 316
355 316
356 316
357 316
358 316
359 316
360 316
361 316
345 317
346 317
347 317
348 317
349 317
350 317
351 317
352 317
353 317
354 317
355 317
356 317
357 317
358 317
359 317
360 317
361 317
345 318
346 318
347 318
348 318
349 318
350 318
351 318
352 318
353 318
354 318
355 318
356 318
357 318
358 318
359 318
360 318
361 318
362 318
345 319
346 319
347 319
348 319
349 319
350 319
351 319
352 319
353 319
354 319
355 319
356 319
357 319
358 319
359 319
360 319
361 319
362 319
345 320
346 320
347 320
348 320
349 320
350 320
351 320
352 320
353 320
354 320
355 320
356 320
357 320
358 320
359 320
360 320
361 320
362 320
344 321
345 321
346 321
347 321
348 321
349 321
350 321
351 321
352 321
353 321
354 321
355 321
356 321
357 321
358 321
359 321
360 321
361 321
362 321
363 321
344 322
345 322
346 322
347 322
348 322
349 322
350 322
351 322
352 322
353 322
354 322
355 322
356 322
357 322
358 322
359 322
360 322
361 322
362 322
363 322
344 323
345 323
346 323
347 323
348 323
349 323
350 323
351 323
352 323
353 323
354 323
355 323
356 323
357 323
358 323
359 323
360 323
361 323
362 323
363 323
344 324
345 324
346 324
347 324
348 324
349 324
350 324
351 324
352 324
353 324
354 324
355 324
356 324
357 324
358 324
359 324
360 324
361 324
362 324
363 324
364 324
344 325
345 325
346 325
347 325
348 325
349 325
350 325
351 325
352 325
353 325
354 325
355 325
356 325
357 325
358 325
359 325
360 325
361 325
362 325
363 325
364 325
344 326
345 326
346 326
347 326
348 326
349 326
350 326
351 326
352 326
353 326
354 326
355 326
356 326
357 326
358 326
359 326
360 326
361 326
362 326
363 326
364 326
343 327
344 327
345 327
346 327
347 327
348 327
349 327
350 327
351 327
352 327
353 327
354 327
355 327
356 327
357 327
358 327
359 327
360 327
361 327
362 327
363 327
364 327
343 328
344 328
345 328
346 328
347 328
348 328
349 328
350 328
351 328
352 328
353 328
357 328
358 328
359 328
360 328
361 328
362 328
363 328
364 328
343 329
344 329
345 329
346 329
347 329
348 329
349 329
350 329
351 329
352 329
358 329
359 329
360 329
361 329
362 329
363 329
364 329
365 329
343 330
344 330
345 330
346 330
347 330
348 330
349 330
350 330
351 330
352 330
359 330
360 330
361 330
362 330
363 330
364 330
365 330
343 331
344 331
345 331
346 331
347 331
348 331
349 331
350 331
351 331
360 331
361 331
362 331
363 331
364 331
365 331
366 331
343 332
344 332
345 332
346 332
347 332
348 332
349 332
350 332
360 332
361 332
362 332
363 332
364 332
365 332
366 332
367 332
343 333
344 333
345 333
346 333
347 333
348 333
349 333
361 333
362 333
363 333
364 333
365 333
366 333
367 333
343 334
344 334
345 334
346 334
347 334
348 334
362 334
363 334
364 334
365 334
366 334
367 334
368 334
343 335
344 335
345 335
346 335
347 335
348 335
362 335
363 335
364 335
365 335
366 335
367 335
368 335
343 336
344 336
345 336
346 336
347 336
348 336
363 336
364 336
365 336
366 336
367 336
368 336
369 336
342 337
343 337
344 337
345 337
346 337
347 337
364 337
365 337
366 337
367 337
368 337
369 337
342 338
343 338
344 338
345 338
346 338
347 338
364 338
365 338
366 338
367 338
368 338
369 338
342 339
343 339
344 339
345 339
346 339
347 339
364 339
365 339
366 339
367 339
368 339
369 339
370 339
342 340
343 340
344 340
345 340
346 340
347 340
365 340
366 340
367 340
368 340
369 340
370 340
342 341
343 341
344 341
345 341
346 341
347 341
365 341
366 341
367 341
368 341
369 341
370 341
342 342
343 342
344 342
345 342
346 342
347 342
365 342
366 342
367 342
368 342
369 342
370 342
342 343
343 343
344 343
345 343
346 343
366 343
367 343
368 343
369 343
370 343
371 343
342 344
343 344
344 344
345 344
346 344
366 344
367 344
368 344
369 344
370 344
371 344
342 345
343 345
344 345
345 345
346 345
367 345
368 345
369 345
370 345
371 345
342 346
343 346
344 346
345 346
346 346
367 346
368 346
369 346
370 346
371 346
342 347
343 347
344 347
345 347
346 347
368 347
369 347
370 347
371 347
372 347
342 348
343 348
344 348
345 348
346 348
368 348
369 348
370 348
371 348
372 348
342 349
343 349
344 349
345 349
346 349
368 349
369 349
370 349
371 349
372 349
342 350
343 350
344 350
345 350
346 350
368 350
369 350
370 350
371 350
372 350
373 350
342 351
343 351
344 351
345 351
368 351
369 351
370 351
371 351
372 351
373 351
341 352
342 352
343 352
344 352
345 352
368 352
369 352
370 352
371 352
372 352
373 352
341 353
342 353
343 353
344 353
345 353
368 353
369 353
370 353
371 353
372 353
373 353
374 353
340 354
341 354
342 354
343 354
344 354
345 354
346 354
369 354
370 354
371 354
372 354
373 354
374 354
339 355
340 355
341 355
342 355
343 355
344 355
345 355
346 355
369 355
370 355
371 355
372 355
373 355
337 356
338 356
339 356
340 356
341 356
342 356
343 356
344 356
345 356
346 356
336 357
337 357
338 357
339 357
340 357
341 357
342 357
343 357
344 357
345 357
346 357
336 358
337 358
338 358
339 358
340 358
341 358
342 358
343 358
344 358
345 358
346 358
336 359
337 359
338 359
339 359
340 359
341 359
342 359
343 359
344 359
345 359
338 360
339 360
340 360
341 360
342 360
343 360
344 360

FRAME 53
348 280
349 280
350 280
351 280
352 280
347 281
348 281
349 281
350 281
351 281
352 281
353 281
347 282
348 282
349 282
350 282
351 282
352 282
353 282
347 283
348 283
349 283
350 283
351 283
352 283
353 283
354 283
347 284
348 284
349 284
350 284
351 284
352 284
353 284
354 284
347 285
348 285
349 285
350 285
351 285
352 285
353 285
354 285
347 286
348 286
349 286
350 286
351 286
352 286
353 286
354 286
347 287
348 287
349 287
350 287
351 287
352 287
353 287
354 287
347 288
348 288
349 288
350 288
351 288
352 288
353 288
354 288
347 289
348 289
349 289
350 289
351 289
352 289
353 289
354 289
347 290
348 290
349 290
350 290
351 290
352 290
353 290
354 290
347 291
348 291
349 291
350 291
351 291
352 291
353 291
354 291
355 291
345 292
346 292
347 292
348 292
349 292
350 292
351 292
352 292
353 292
354 292
355 292
356 292
343 293
344 293
345 293
346 293
347 293
348 293
349 293
350 293
351 293
352 293
353 293
354 293
355 293
356 293
357 293
358 293
342 294
343 294
344 294
345 294
346 294
347 294
348 294
349 294
350 294
351 294
352 294
353 294
354 294
355 294
356 294
357 294
358 294
359 294
341 295
342 295
343 295
344 295
345 295
346 295
347 295
348 295
349 295
350 295
351 295
352 295
353 295
354 295
355 295
356 295
357 295
358 295
359 295
360 295
341 296
342 296
343 296
344 296
345 296
346 296
347 296
348 296
349 296
350 296
351 296
352 296
353 296
354 296
355 296
356 296
357 296
358 296
359 296
360 296
361 296
341 297
342 297
343 297
344 297
345 297
346 297
347 297
348 297
349 297
350 297
351 297
352 297
353 297
354 297
355 297
356 297
357 297
358 297
359 297
360 297
361 297
341 298
342 298
343 298
344 298
345 298
346 298
347 298
348 298
349 298
350 298
351 298
352 298
353 298
354 298
355 298
356 298
357 298
358 298
359 298
360 298
361 298
362 298
341 299
342 299
343 299
344 299
345 299
346 299
347 299
348 299
349 299
350 299
351 299
352 299
353 299
354 299
355 299
356 299
357 299
358 299
359 299
360 299
361 299
362 299
341 300
342 300
343 300
344 300
345 300
346 300
347 300
348 300
349 300
350 300
351 300
352 300
353 300
354 300
355 300
356 300
357 300
358 300
359 300
360 300
361 300
362 300
341 301
342 301
343 301
344 301
345 301
346 301
347 301
348 301
349 301
350 301
351 301
352 301
353 301
354 301
355 301
356 301
357 301
358 301
359 301
360 301
361 301
362 301
363 301
340 302
341 302
342 302
343 302
344 302
345 302
346 302
347 302
348 302
349 302
350 302
351 302
352 302
353 302
354 302
355 302
356 302
357 302
358 302
359 302
360 302
361 302
362 302
363 302
341 303
342 303
343 303
344 303
345 303
346 303
347 303
348 303
349 303
350 303
351 303
352 303
353 303
354 303
355 303
356 303
357 303
358 303
359 303
360 303
361 303
362 303
363 303
341 304
342 304
343 304
344 304
345 304
346 304
347 304
348 304
349 304
350 304
351 304
352 304
353 304
354 304
355 304
356 304
357 304
358 304
359 304
360 304
361 304
362 304
363 304
364 304
341 305
342 305
343 305
344 305
345 305
346 305
347 305
348 305
349 305
350 305
351 305
352 305
353 305
354 305
355 305
356 305
357 305
358 305
359 305
360 305
361 305
362 305
363 305
364 305
341 306
342 306
343 306
344 306
345 306
346 306
347 306
348 306
349 306
350 306
351 306
352 306
353 306
354 306
355 306
356 306
357 306
358 306
359 306
360 306
361 306
362 306
363 306
364 306
341 307
342 307
343 307
344 307
345 307
346 307
347 307
348 307
349 307
350 307
351 307
352 307
353 307
354 307
355 307
356 307
357 307
358 307
359 307
360 307
361 307
362 307
363 307
364 307
341 308
342 308
343 308
344 308
345 308
346 308
347 308
348 308
349 308
350 308
351 308
352 308
353 308
354 308
355 308
356 308
357 308
358 308
359 308
360 308
361 308
362 308
363 308
364 308
342 309
343 309
344 309
345 309
346 309
347 309
348 309
349 309
350 309
351 309
352 309
353 309
354 309
355 309
356 309
357 309
358 309
359 309
360 309
361 309
362 309
363 309
364 309
343 310
344 310
345 310
346 310
347 310
348 310
349 310
350 310
351 310
352 310
353 310
354 310
355 310
356 310
357 310
358 310
359 310
360 310
361 310
362 310
363 310
364 310
344 311
345 311
346 311
347 311
348 311
349 311
350 311
351 311
352 311
353 311
354 311
355 311
356 311
357 311
358 311
359 311
360 311
361 311
362 311
363 311
344 312
345 312
346 312
347 312
348 312
349 312
350 312
351 312
352 312
353 312
354 312
355 312
356 312
357 312
358 312
359 312
360 312
361 312
362 312
344 313
345 313
346 313
347 313
348 313
349 313
350 313
351 313
352 313
353 313
354 313
355 313
356 313
357 313
358 313
359 313
360 313
361 313
344 314
345 314
346 314
347 314
348 314
349 314
350 314
351 314
352 314
353 314
354 314
355 314
356 314
357 314
358 314
359 314
360 314
361 314
344 315
345 315
346 315
347 315
348 315
349 315
350 315
351 315
352 315
353 315
354 315
355 315
356 315
357 315
358 315
359 315
360 315
361 315
344 316
345 316
346 316
347 316
348 316
349 316
350 316
351 316
352 316
353 316
354 316
355 316
356 316
357 316
358 316
359 316
360 316
361 316
344 317
345 317
346 317
347 317
348 317
349 317
350 317
351 317
352 317
353 317
354 317
355 317
356 317
357 317
358 317
359 317
360 317
361 317
344 318
345 318
346 318
347 318
348 318
349 318
350 318
351 318
352 318
353 318
354 318
355 318
356 318
357 318
358 318
359 318
360 318
361 318
344 319
345 319
346 319
347 319
348 319
349 319
350 319
351 319
352 319
353 319
354 319
355 319
356 319
357 319
358 319
359 319
360 319
361 319
362 319
343 320
344 320
345 320
346 320
347 320
348 320
349 320
350 320
351 320
352 320
353 320
354 320
355 320
356 320
357 320
358 320
359 320
360 320
361 320
362 320
343 321
344 321
345 321
346 321
347 321
348 321
349 321
350 321
351 321
352 321
353 321
354 321
355 321
356 321
357 321
358 321
359 321
360 321
361 321
362 321
363 321
343 322
344 322
345 322
346 322
347 322
348 322
349 322
350 322
351 322
352 322
353 322
354 322
355 322
356 322
357 322
358 322
359 322
360 322
361 322
362 322
363 322
343 323
344 323
345 323
346 323
347 323
348 323
349 323
350 323
351 323
352 323
353 323
354 323
355 323
356 323
357 323
358 323
359 323
360 323
361 323
362 323
363 323
364 323
343 324
344 324
345 324
346 324
347 324
348 324
349 324
350 324
351 324
352 324
353 324
354 324
355 324
356 324
357 324
358 324
359 324
360 324
361 324
362 324
363 324
364 324
343 325
344 325
345 325
346 325
347 325
348 325
349 325
350 325
351 325
352 325
353 325
354 325
355 325
356 325
357 325
358 325
359 325
360 325
361 325
362 325
363 325
364 325
343 326
344 326
345 326
346 326
347 326
348 326
349 326
350 326
351 326
352 326
354 326
355 326
356 326
357 326
358 326
359 326
360 326
361 326
362 326
363 326
364 326
343 327
344 327
345 327
346 327
347 327
348 327
349 327
350 327
351 327
352 327
355 327
356 327
357 327
358 327
359 327
360 327
361 327
362 327
363 327
364 327
343 328
344 328
345 328
346 328
347 328
348 328
349 328
350 328
351 328
356 328
357 328
358 328
359 328
360 328
361 328
362 328
363 328
364 328
365 328
343 329
344 329
345 329
346 329
347 329
348 329
349 329
350 329
351 329
358 329
359 329
360 329
361 329
362 329
363 329
364 329
365 329
343 330
344 330
345 330
346 330
347 330
348 330
349 330
350 330
359 330
360 330
361 330
362 330
363 330
364 330
365 330
366 330
342 331
343 331
344 331
345 331
346 331
347 331
348 331
349 331
360 331
361 331
362 331
363 331
364 331
365 331
366 331
342 332
343 332
344 332
345 332
346 332
347 332
348 332
361 332
362 332
363 332
364 332
365 332
366 332
367 332
342 333
343 333
344 333
345 333
346 333
347 333
361 333
362 333
363 333
364 333
365 333
366 333
367 333
342 334
343 334
344 334
345 334
346 334
347 334
362 334
363 334
364 334
365 334
366 334
367 334
368 334
342 335
343 335
344 335
345 335
346 335
347 335
362 335
363 335
364 335
365 335
366 335
367 335
368 335
342 336
343 336
344 336
345 336
346 336
363 336
364 336
365 336
366 336
367 336
368 336
369 336
341 337
342 337
343 337
344 337
345 337
346 337
364 337
365 337
366 337
367 337
368 337
369 337
341 338
342 338
343 338
344 338
345 338
346 338
364 338
365 338
366 338
367 338
368 338
369 338
370 338
341 339
342 339
343 339
344 339
345 339
346 339
364 339
365 339
366 339
367 339
368 339
369 339
370 339
341 340
342 340
343 340
344 340
345 340
346 340
365 340
366 340
367 340
368 340
369 340
370 340
341 341
342 341
343 341
344 341
345 341
346 341
365 341
366 341
367 341
368 341
369 341
370 341
341 342
342 342
343 342
344 342
345 342
346 342
365 342
366 342
367 342
368 342
369 342
370 342
371 342
341 343
342 343
343 343
344 343
345 343
346 343
366 343
367 343
368 343
369 343
370 343
371 343
341 344
342 344
343 344
344 344
345 344
346 344
367 344
368 344
369 344
370 344
371 344
341 345
342 345
343 345
344 345
345 345
367 345
368 345
369 345
370 345
371 345
341 346
342 346
343 346
344 346
345 346
367 346
368 346
369 346
370 346
371 346
341 347
342 347
343 347
344 347
345 347
368 347
369 347
370 347
371 347
372 347
341 348
342 348
343 348
344 348
345 348
368 348
369 348
370 348
371 348
372 348
341 349
342 349
343 349
344 349
345 349
368 349
369 349
370 349
371 349
372 349
373 349
341 350
342 350
343 350
344 350
345 350
368 350
369 350
370 350
371 350
372 350
373 350
341 351
342 351
343 351
344 351
345 351
368 351
369 351
370 351
371 351
372 351
373 351
341 352
342 352
343 352
344 352
368 352
369 352
370 352
371 352
372 352
373 352
340 353
341 353
342 353
343 353
344 353
369 353
370 353
371 353
372 353
373 353
340 354
341 354
342 354
343 354
344 354
369 354
370 354
371 354
372 354
373 354
339 355
340 355
341 355
342 355
343 355
344 355
345 355
370 355
371 355
372 355
373 355
337 356
338 356
339 356
340 356
341 356
342 356
343 356
344 356
345 356
336 357
337 357
338 357
339 357
340 357
341 357
342 357
343 357
344 357
345 357
336 358
337 358
338 358
339 358
340 358
341 358
342 358
343 358
344 358
345 358
336 359
337 359
338 359
339 359
340 359
341 359
342 359
343 359
344 359
345 359
338 360
339 360
340 360
341 360
342 360
343 360

FRAME 54
349 280
350 280
351 280
352 280
347 281
348 281
349 281
350 281
351 281
352 281
353 281
347 282
348 282
349 282
350 282
351 282
352 282
353 282
347 283
348 283
349 283
350 283
351 283
352 283
353 283
354 283
347 284
348 284
349 284
350 284
351 284
352 284
353 284
354 284
347 285
348 285
349 285
350 285
351 285
352 285
353 285
354 285
347 286
348 286
349 286
350 286
351 286
352 286
353 286
354 286
347 287
348 287
349 287
350 287
351 287
352 287
353 287
354 287
347 288
348 288
349 288
350 288
351 288
352 288
353 288
348 289
349 289
350 289
351 289
352 289
353 289
347 290
348 290
349 290
350 290
351 290
352 290
353 290
354 290
347 291
348 291
349 291
350 291
351 291
352 291
353 291
354 291
355 291
345 292
346 292
347 292
348 292
349 292
350 292
351 292
352 292
353 292
354 292
355 292
356 292
343 293
344 293
345 293
346 293
347 293
348 293
349 293
350 293
351 293
352 293
353 293
354 293
355 293
356 293
357 293
358 293
342 294
343 294
344 294
345 294
346 294
347 294
348 294
349 294
350 294
351 294
352 294
353 294
354 294
355 294
356 294
357 294
358 294
359 294
360 294
341 295
342 295
343 295
344 295
345 295
346 295
347 295
348 295
349 295
350 295
351 295
352 295
353 295
354 295
355 295
356 295
357 295
358 295
359 295
360 295
361 295
341 296
342 296
343 296
344 296
345 296
346 296
347 296
348 296
349 296
350 296
351 296
352 296
353 296
354 296
355 296
356 296
357 296
358 296
359 296
360 296
361 296
341 297
342 297
343 297
344 297
345 297
346 297
347 297
348 297
349 297
350 297
351 297
352 297
353 297
354 297
355 297
356 297
357 297
358 297
359 297
360 297
361 297
362 297
341 298
342 298
343 298
344 298
345 298
346 298
347 298
348 298
349 298
350 298
351 298
352 298
353 298
354 298
355 298
356 298
357 298
358 298
359 298
360 298
361 298
362 298
341 299
342 299
343 299
344 299
345 299
346 299
347 299
348 299
349 299
350 299
351 299
352 299
353 299
354 299
355 299
356 299
357 299
358 299
359 299
360 299
361 299
362 299
341 300
342 300
343 300
344 300
345 300
346 300
347 300
348 300
349 300
350 300
351 300
352 300
353 300
354 300
355 300
356 300
357 300
358 300
359 300
360 300
361 300
362 300
363 300
341 301
342 301
343 301
344 301
345 301
346 301
347 301
348 301
349 301
350 301
351 301
352 301
353 301
354 301
355 301
356 301
357 301
358 301
359 301
360 301
361 301
362 301
363 301
341 302
342 302
343 302
344 302
345 302
346 302
347 302
348 302
349 302
350 302
351 302
352 302
353 302
354 302
355 302
356 302
357 302
358 302
359 302
360 302
361 302
362 302
363 302
341 303
342 303
343 303
344 303
345 303
346 303
347 303
348 303
349 303
350 303
351 303
352 303
353 303
354 303
355 303
356 303
357 303
358 303
359 303
360 303
361 303
362 303
363 303
341 304
342 304
343 304
344 304
345 304
346 304
347 304
348 304
349 304
350 304
351 304
352 304
353 304
354 304
355 304
356 304
357 304
358 304
359 304
360 304
361 304
362 304
363 304
364 304
341 305
342 305
343 305
344 305
345 305
346 305
347 305
348 305
349 305
350 305
351 305
352 305
353 305
354 305
355 305
356 305
357 305
358 305
359 305
360 305
361 305
362 305
363 305
364 305
341 306
342 306
343 306
344 306
345 306
346 306
347 306
348 306
349 306
350 306
351 306
352 306
353 306
354 306
355 306
356 306
357 306
358 306
359 306
360 306
361 306
362 306
363 306
364 306
341 307
342 307
343 307
344 307
345 307
346 307
347 307
348 307
349 307
350 307
351 307
352 307
353 307
354 307
355 307
356 307
357 307
358 307
359 307
360 307
361 307
362 307
363 307
364 307
342 308
343 308
344 308
345 308
346 308
347 308
348 308
349 308
350 308
351 308
352 308
353 308
354 308
355 308
356 308
357 308
358 308
359 308
360 308
361 308
362 308
363 308
364 308
342 309
343 309
344 309
345 309
346 309
347 309
348 309
349 309
350 309
351 309
352 309
353 309
354 309
355 309
356 309
357 309
358 309
359 309
360 309
361 309
362 309
363 309
364 309
343 310
344 310
345 310
346 310
347 310
348 310
349 310
350 310
351 310
352 310
353 310
354 310
355 310
356 310
357 310
358 310
359 310
360 310
361 310
362 310
363 310
364 310
343 311
344 311
345 311
346 311
347 311
348 311
349 311
350 311
351 311
352 311
353 311
354 311
355 311
356 311
357 311
358 311
359 311
360 311
361 311
362 311
363 311
344 312
345 312
346 312
347 312
348 312
349 312
350 312
351 312
352 312
353 312
354 312
355 312
356 312
357 312
358 312
359 312
360 312
361 312
362 312
344 313
345 313
346 313
347 313
348 313
349 313
350 313
351 313
352 313
353 313
354 313
355 313
356 313
357 313
358 313
359 313
360 313
361 313
344 314
345 314
346 314
347 314
348 314
349 314
350 314
351 314
352 314
353 314
354 314
355 314
356 314
357 314
358 314
359 314
360 314
344 315
345 315
346 315
347 315
348 315
349 315
350 315
351 315
352 315
353 315
354 315
355 315
356 315
357 315
358 315
359 315
360 315
361 315
344 316
345 316
346 316
347 316
348 316
349 316
350 316
351 316
352 316
353 316
354 316
355 316
356 316
357 316
358 316
359 316
360 316
361 316
344 317
345 317
346 317
347 317
348 317
349 317
350 317
351 317
352 317
353 317
354 317
355 317
356 317
357 317
358 317
359 317
360 317
361 317
344 318
345 318
346 318
347 318
348 318
349 318
350 318
351 318
352 318
353 318
354 318
355 318
356 318
357 318
358 318
359 318
360 318
361 318
343 319
344 319
345 319
346 319
347 319
348 319
349 319
350 319
351 319
352 319
353 319
354 319
355 319
356 319
357 319
358 319
359 319
360 319
361 319
362 319
343 320
344 320
345 320
346 320
347 320
348 320
349 320
350 320
351 320
352 320
353 320
354 320
355 320
356 320
357 320
358 320
359 320
360 320
361 320
362 320
343 321
344 321
345 321
346 321
347 321
348 321
349 321
350 321
351 321
352 321
353 321
354 321
355 321
356 321
357 321
358 321
359 321
360 321
361 321
362 321
363 321
343 322
344 322
345 322
346 322
347 322
348 322
349 322
350 322
351 322
352 322
353 322
354 322
355 322
356 322
357 322
358 322
359 322
360 322
361 322
362 322
363 322
343 323
344 323
345 323
346 323
347 323
348 323
349 323
350 323
351 323
352 323
353 323
354 323
355 323
356 323
357 323
358 323
359 323
360 323
361 323
362 323
363 323
343 324
344 324
345 324
346 324
347 324
348 324
349 324
350 324
351 324
352 324
353 324
354 324
355 324
356 324
357 324
358 324
359 324
360 324
361 324
362 324
363 324
364 324
342 325
343 325
344 325
345 325
346 325
347 325
348 325
349 325
350 325
351 325
352 325
353 325
354 325
355 325
356 325
357 325
358 325
359 325
360 325
361 325
362 325
363 325
364 325
342 326
343 326
344 326
345 326
346 326
347 326
348 326
349 326
350 326
351 326
352 326
354 326
355 326
356 326
357 326
358 326
359 326
360 326
361 326
362 326
363 326
364 326
342 327
343 327
344 327
345 327
346 327
347 327
348 327
349 327
350 327
355 327
356 327
357 327
358 327
359 327
360 327
361 327
362 327
363 327
364 327
342 328
343 328
344 328
345 328
346 328
347 328
348 328
349 328
356 328
357 328
358 328
359 328
360 328
361 328
362 328
363 328
364 328
342 329
343 329
344 329
345 329
346 329
347 329
348 329
349 329
358 329
359 329
360 329
361 329
362 329
363 329
364 329
365 329
342 330
343 330
344 330
345 330
346 330
347 330
348 330
359 330
360 330
361 330
362 330
363 330
364 330
365 330
342 331
343 331
344 331
345 331
346 331
347 331
360 331
361 331
362 331
363 331
364 331
365 331
366 331
341 332
342 332
343 332
344 332
345 332
346 332
360 332
361 332
362 332
363 332
364 332
365 332
366 332
341 333
342 333
343 333
344 333
345 333
346 333
361 333
362 333
363 333
364 333
365 333
366 333
367 333
341 334
342 334
343 334
344 334
345 334
346 334
362 334
363 334
364 334
365 334
366 334
367 334
368 334
341 335
342 335
343 335
344 335
345 335
362 335
363 335
364 335
365 335
366 335
367 335
368 335
341 336
342 336
343 336
344 336
345 336
363 336
364 336
365 336
366 336
367 336
368 336
369 336
341 337
342 337
343 337
344 337
345 337
364 337
365 337
366 337
367 337
368 337
369 337
340 338
341 338
342 338
343 338
344 338
345 338
364 338
365 338
366 338
367 338
368 338
369 338
370 338
340 339
341 339
342 339
343 339
344 339
364 339
365 339
366 339
367 339
368 339
369 339
370 339
340 340
341 340
342 340
343 340
344 340
365 340
366 340
367 340
368 340
369 340
370 340
340 341
341 341
342 341
343 341
344 341
365 341
366 341
367 341
368 341
369 341
370 341
340 342
341 342
342 342
343 342
344 342
365 342
366 342
367 342
368 342
369 342
370 342
371 342
340 343
341 343
342 343
343 343
344 343
366 343
367 343
368 343
369 343
370 343
371 343
340 344
341 344
342 344
343 344
344 344
367 344
368 344
369 344
370 344
371 344
340 345
341 345
342 345
343 345
344 345
367 345
368 345
369 345
370 345
371 345
340 346
341 346
342 346
343 346
344 346
368 346
369 346
370 346
371 346
340 347
341 347
342 347
343 347
368 347
369 347
370 347
371 347
372 347
340 348
341 348
342 348
343 348
368 348
369 348
370 348
371 348
372 348
340 349
341 349
342 349
343 349
368 349
369 349
370 349
371 349
372 349
373 349
339 350
340 350
341 350
342 350
343 350
369 350
370 350
371 350
372 350
373 350
339 351
340 351
341 351
342 351
343 351
369 351
370 351
371 351
372 351
373 351
374 351
339 352
340 352
341 352
342 352
369 352
370 352
371 352
372 352
373 352
374 352
339 353
340 353
341 353
342 353
369 353
370 353
371 353
372 353
373 353
374 353
338 354
339 354
340 354
341 354
342 354
343 354
369 354
370 354
371 354
372 354
373 354
338 355
339 355
340 355
341 355
342 355
343 355
370 355
371 355
372 355
373 355
337 356
338 356
339 356
340 356
341 356
342 356
343 356
371 356
336 357
337 357
338 357
339 357
340 357
341 357
342 357
343 357
336 358
337 358
338 358
339 358
340 358
341 358
342 358
343 358
336 359
337 359
338 359
339 359
340 359
341 359
342 359
343 359
337 360
338 360
339 360
340 360
341 360
342 360

FRAME 55
349 280
350 280
351 280
352 280
347 281
348 281
349 281
350 281
351 281
352 281
353 281
347 282
348 282
349 282
350 282
351 282
352 282
353 282
347 283
348 283
349 283
350 283
351 283
352 283
353 283
354 283
346 284
347 284
348 284
349 284
350 284
351 284
352 284
353 284
354 284
347 285
348 285
349 285
350 285
351 285
352 285
353 285
354 285
347 286
348 286
349 286
350 286
351 286
352 286
353 286
354 286
347 287
348 287
349 287
350 287
351 287
352 287
353 287
354 287
347 288
348 288
349 288
350 288
351 288
352 288
353 288
354 288
347 289
348 289
349 289
350 289
351 289
352 289
353 289
354 289
347 290
348 290
349 290
350 290
351 290
352 290
353 290
354 290
347 291
348 291
349 291
350 291
351 291
352 291
353 291
354 291
355 291
345 292
346 292
347 292
348 292
349 292
350 292
351 292
352 292
353 292
354 292
355 292
356 292
343 293
344 293
345 293
346 293
347 293
348 293
349 293
350 293
351 293
352 293
353 293
354 293
355 293
356 293
357 293
358 293
342 294
343 294
344 294
345 294
346 294
347 294
348 294
349 294
350 294
351 294
352 294
353 294
354 294
355 294
356 294
357 294
358 294
359 294
360 294
341 295
342 295
343 295
344 295
345 295
346 295
347 295
348 295
349 295
350 295
351 295
352 295
353 295
354 295
355 295
356 295
357 295
358 295
359 295
360 295
361 295
341 296
342 296
343 296
344 296
345 296
346 296
347 296
348 296
349 296
350 296
351 296
352 296
353 296
354 296
355 296
356 296
357 296
358 296
359 296
360 296
361 296
341 297
342 297
343 297
344 297
345 297
346 297
347 297
348 297
349 297
350 297
351 297
352 297
353 297
354 297
355 297
356 297
357 297
358 297
359 297
360 297
361 297
362 297
341 298
342 298
343 298
344 298
345 298
346 298
347 298
348 298
349 298
350 298
351 298
352 298
353 298
354 298
355 298
356 298
357 298
358 298
359 298
360 298
361 298
362 298
340 299
341 299
342 299
343 299
344 299
345 299
346 299
347 299
348 299
349 299
350 299
351 299
352 299
353 299
354 299
355 299
356 299
357 299
358 299
359 299
360 299
361 299
362 299
340 300
341 300
342 300
343 300
344 300
345 300
346 300
347 300
348 300
349 300
350 300
351 300
352 300
353 300
354 300
355 300
356 300
357 300
358 300
359 300
360 300
361 300
362 300
363 300
340 301
341 301
342 301
343 301
344 301
345 301
346 301
347 301
348 301
349 301
350 301
351 301
352 301
353 301
354 301
355 301
356 301
357 301
358 301
359 301
360 301
361 301
362 301
363 301
340 302
341 302
342 302
343 302
344 302
345 302
346 302
347 302
348 302
349 302
350 302
351 302
352 302
353 302
354 302
355 302
356 302
357 302
358 302
359 302
360 302
361 302
362 302
363 302
340 303
341 303
342 303
343 303
344 303
345 303
346 303
347 303
348 303
349 303
350 303
351 303
352 303
353 303
354 303
355 303
356 303
357 303
358 303
359 303
360 303
361 303
362 303
363 303
364 303
340 304
341 304
342 304
343 304
344 304
345 304
346 304
347 304
348 304
349 304
350 304
351 304
352 304
353 304
354 304
355 304
356 304
357 304
358 304
359 304
360 304
361 304
362 304
363 304
364 304
341 305
342 305
343 305
344 305
345 305
346 305
347 305
348 305
349 305
350 305
351 305
352 305
353 305
354 305
355 305
356 305
357 305
358 305
359 305
360 305
361 305
362 305
363 305
364 305
341 306
342 306
343 306
344 306
345 306
346 306
347 306
348 306
349 306
350 306
351 306
352 306
353 306
354 306
355 306
356 306
357 306
358 306
359 306
360 306
361 306
362 306
363 306
364 306
341 307
342 307
343 307
344 307
345 307
346 307
347 307
348 307
349 307
350 307
351 307
352 307
353 307
354 307
355 307
356 307
357 307
358 307
359 307
360 307
361 307
362 307
363 307
364 307
341 308
342 308
343 308
344 308
345 308
346 308
347 308
348 308
349 308
350 308
351 308
352 308
353 308
354 308
355 308
356 308
357 308
358 308
359 308
360 308
361 308
362 308
363 308
364 308
341 309
342 309
343 309
344 309
345 309
346 309
347 309
348 309
349 309
350 309
351 309
352 309
353 309
354 309
355 309
356 309
357 309
358 309
359 309
360 309
361 309
362 309
363 309
364 309
342 310
343 310
344 310
345 310
346 310
347 310
348 310
349 310
350 310
351 310
352 310
353 310
354 310
355 310
356 310
357 310
358 310
359 310
360 310
361 310
362 310
363 310
364 310
343 311
344 311
345 311
346 311
347 311
348 311
349 311
350 311
351 311
352 311
353 311
354 311
355 311
356 311
357 311
358 311
359 311
360 311
361 311
362 311
363 311
343 312
344 312
345 312
346 312
347 312
348 312
349 312
350 312
351 312
352 312
353 312
354 312
355 312
356 312
357 312
358 312
359 312
360 312
361 312
362 312
363 312
344 313
345 313
346 313
347 313
348 313
349 313
350 313
351 313
352 313
353 313
354 313
355 313
356 313
357 313
358 313
359 313
360 313
361 313
362 313
344 314
345 314
346 314
347 314
348 314
349 314
350 314
351 314
352 314
353 314
354 314
355 314
356 314
357 314
358 314
359 314
360 314
361 314
344 315
345 315
346 315
347 315
348 315
349 315
350 315
351 315
352 315
353 315
354 315
355 315
356 315
357 315
358 315
359 315
360 315
361 315
344 316
345 316
346 316
347 316
348 316
349 316
350 316
351 316
352 316
353 316
354 316
355 316
356 316
357 316
358 316
359 316
360 316
361 316
344 317
345 317
346 317
347 317
348 317
349 317
350 317
351 317
352 317
353 317
354 317
355 317
356 317
357 317
358 317
359 317
360 317
361 317
344 318
345 318
346 318
347 318
348 318
349 318
350 318
351 318
352 318
353 318
354 318
355 318
356 318
357 318
358 318
359 318
360 318
361 318
343 319
344 319
345 319
346 319
347 319
348 319
349 319
350 319
351 319
352 319
353 319
354 319
355 319
356 319
357 319
358 319
359 319
360 319
361 319
362 319
343 320
344 320
345 320
346 320
347 320
348 320
349 320
350 320
351 320
352 320
353 320
354 320
355 320
356 320
357 320
358 320
359 320
360 320
361 320
362 320
343 321
344 321
345 321
346 321
347 321
348 321
349 321
350 321
351 321
352 321
353 321
354 321
355 321
356 321
357 321
358 321
359 321
360 321
361 321
362 321
343 322
344 322
345 322
346 322
347 322
348 322
349 322
350 322
351 322
352 322
353 322
354 322
355 322
356 322
357 322
358 322
359 322
360 322
361 322
362 322
363 322
343 323
344 323
345 323
346 323
347 323
348 323
349 323
350 323
351 323
352 323
353 323
354 323
355 323
356 323
357 323
358 323
359 323
360 323
361 323
362 323
363 323
342 324
343 324
344 324
345 324
346 324
347 324
348 324
349 324
350 324
351 324
352 324
353 324
354 324
355 324
356 324
357 324
358 324
359 324
360 324
361 324
362 324
363 324
342 325
343 325
344 325
345 325
346 325
347 325
348 325
349 325
350 325
351 325
352 325
353 325
354 325
355 325
356 325
357 325
358 325
359 325
360 325
361 325
362 325
363 325
364 325
342 326
343 326
344 326
345 326
346 326
347 326
348 326
349 326
350 326
351 326
355 326
356 326
357 326
358 326
359 326
360 326
361 326
362 326
363 326
364 326
342 327
343 327
344 327
345 327
346 327
347 327
348 327
349 327
350 327
356 327
357 327
358 327
359 327
360 327
361 327
362 327
363 327
364 327
342 328
343 328
344 328
345 328
346 328
347 328
348 328
349 328
357 328
358 328
359 328
360 328
361 328
362 328
363 328
364 328
341 329
342 329
343 329
344 329
345 329
346 329
347 329
348 329
358 329
359 329
360 329
361 329
362 329
363 329
364 329
365 329
341 330
342 330
343 330
344 330
345 330
346 330
347 330
359 330
360 330
361 330
362 330
363 330
364 330
365 330
341 331
342 331
343 331
344 331
345 331
346 331
347 331
360 331
361 331
362 331
363 331
364 331
365 331
366 331
341 332
342 332
343 332
344 332
345 332
346 332
360 332
361 332
362 332
363 332
364 332
365 332
366 332
341 333
342 333
343 333
344 333
345 333
346 333
361 333
362 333
363 333
364 333
365 333
366 333
367 333
340 334
341 334
342 334
343 334
344 334
345 334
362 334
363 334
364 334
365 334
366 334
367 334
368 334
340 335
341 335
342 335
343 335
344 335
345 335
362 335
363 335
364 335
365 335
366 335
367 335
368 335
340 336
341 336
342 336
343 336
344 336
345 336
363 336
364 336
365 336
366 336
367 336
368 336
369 336
340 337
341 337
342 337
343 337
344 337
363 337
364 337
365 337
366 337
367 337
368 337
369 337
340 338
341 338
342 338
343 338
344 338
364 338
365 338
366 338
367 338
368 338
369 338
339 339
340 339
341 339
342 339
343 339
344 339
364 339
365 339
366 339
367 339
368 339
369 339
370 339
339 340
340 340
341 340
342 340
343 340
344 340
365 340
366 340
367 340
368 340
369 340
370 340
339 341
340 341
341 341
342 341
343 341
365 341
366 341
367 341
368 341
369 341
370 341
339 342
340 342
341 342
342 342
343 342
365 342
366 342
367 342
368 342
369 342
370 342
339 343
340 343
341 343
342 343
343 343
366 343
367 343
368 343
369 343
370 343
371 343
339 344
340 344
341 344
342 344
343 344
366 344
367 344
368 344
369 344
370 344
371 344
339 345
340 345
341 345
342 345
343 345
367 345
368 345
369 345
370 345
371 345
339 346
340 346
341 346
342 346
343 346
367 346
368 346
369 346
370 346
371 346
339 347
340 347
341 347
342 347
368 347
369 347
370 347
371 347
372 347
339 348
340 348
341 348
342 348
368 348
369 348
370 348
371 348
372 348
338 349
339 349
340 349
341 349
342 349
368 349
369 349
370 349
371 349
372 349
373 349
338 350
339 350
340 350
341 350
342 350
369 350
370 350
371 350
372 350
373 350
374 350
338 351
339 351
340 351
341 351
369 351
370 351
371 351
372 351
373 351
374 351
338 352
339 352
340 352
341 352
369 352
370 352
371 352
372 352
373 352
374 352
375 352
338 353
339 353
340 353
341 353
369 353
370 353
371 353
372 353
373 353
374 353
375 353
337 354
338 354
339 354
340 354
341 354
369 354
370 354
371 354
372 354
373 354
374 354
337 355
338 355
339 355
340 355
341 355
370 355
371 355
372 355
373 355
374 355
336 356
337 356
338 356
339 356
340 356
341 356
371 356
372 356
373 356
336 357
337 357
338 357
339 357
340 357
341 357
342 357
336 358
337 358
338 358
339 358
340 358
341 358
342 358
336 359
337 359
338 359
339 359
340 359
341 359
336 360
337 360
338 360
339 360
340 360
341 360
338 361

FRAME 56
379 63
380 63
381 63
382 63
383 63
379 64
380 64
381 64
382 64
383 64
384 64
379 65
380 65
381 65
382 65
383 65
384 65
379 66
380 66
381 66
382 66
383 66
384 66
385 66
386 66
379 67
380 67
381 67
382 67
383 67
384 67
385 67
386 67
387 67
388 67
380 68
381 68
382 68
383 68
384 68
385 68
386 68
387 68
388 68
389 68
380 69
381 69
382 69
383 69
384 69
385 69
386 69
387 69
388 69
389 69
380 70
381 70
382 70
383 70
384 70
385 70
386 70
387 70
388 70
389 70
390 70
380 71
381 71
382 71
383 71
384 71
385 71
386 71
387 71
388 71
389 71
390 71
391 71
379 72
380 72
381 72
382 72
383 72
384 72
385 72
386 72
387 72
388 72
389 72
390 72
391 72
379 73
380 73
381 73
382 73
383 73
384 73
385 73
386 73
387 73
388 73
389 73
390 73
391 73
392 73
378 74
379 74
380 74
381 74
382 74
383 74
384 74
385 74
386 74
387 74
388 74
389 74
390 74
391 74
392 74
378 75
379 75
380 75
381 75
382 75
383 75
384 75
385 75
386 75
387 75
388 75
389 75
390 75
391 75
392 75
377 76
378 76
379 76
380 76
381 76
382 76
383 76
384 76
385 76
386 76
387 76
388 76
389 76
390 76
391 76
392 76
375 77
376 77
377 77
378 77
379 77
380 77
381 77
382 77
383 77
384 77
385 77
386 77
387 77
388 77
389 77
390 77
391 77
392 77
393 77
374 78
375 78
376 78
377 78
378 78
379 78
380 78
382 78
383 78
384 78
385 78
386 78
387 78
388 78
389 78
390 78
391 78
392 78
393 78
373 79
374 79
375 79
376 79
377 79
378 79
382 79
383 79
384 79
385 79
386 79
387 79
388 79
389 79
390 79
391 79
392 79
393 79
371 80
372 80
373 80
374 80
375 80
376 80
377 80
383 80
384 80
385 80
386 80
387 80
388 80
389 80
390 80
391 80
392 80
393 80
369 81
370 81
371 81
372 81
373 81
374 81
375 81
376 81
383 81
384 81
385 81
386 81
387 81
388 81
389 81
390 81
391 81
392 81
393 81
368 82
369 82
370 82
371 82
372 82
373 82
374 82
383 82
384 82
385 82
386 82
387 82
388 82
389 82
390 82
391 82
392 82
393 82
394 82
368 83
369 83
370 83
371 83
372 83
383 83
384 83
385 83
386 83
387 83
388 83
389 83
390 83
391 83
392 83
393 83
394 83
395 83
383 84
384 84
385 84
386 84
387 84
388 84
389 84
390 84
391 84
392 84
393 84
394 84
395 84
383 85
384 85
385 85
386 85
387 85
388 85
389 85
390 85
391 85
392 85
393 85
394 85
395 85
383 86
384 86
385 86
386 86
387 86
388 86
389 86
390 86
391 86
392 86
393 86
394 86
395 86
396 86
382 87
383 87
384 87
385 87
386 87
387 87
388 87
389 87
390 87
391 87
392 87
393 87
394 87
395 87
396 87
382 88
383 88
384 88
385 88
386 88
387 88
392 88
393 88
394 88
395 88
396 88
382 89
383 89
384 89
385 89
386 89
393 89
394 89
395 89
396 89
381 90
382 90
383 90
384 90
385 90
386 90
393 90
394 90
395 90
396 90
381 91
382 91
383 91
384 91
385 91
393 91
394 91
395 91
396 91
397 91
381 92
382 92
383 92
384 92
385 92
394 92
395 92
396 92
397 92
380 93
381 93
382 93
383 93
384 93
394 93
395 93
396 93
397 93
380 94
381 94
382 94
383 94
384 94
394 94
395 94
396 94
397 94
380 95
381 95
382 95
383 95
395 95
396 95
397 95
380 96
381 96
382 96
383 96
395 96
396 96
397 96
398 96
380 97
381 97
382 97
383 97
396 97
397 97
398 97
380 98
381 98
382 98
383 98
396 98
397 98
398 98
380 99
381 99
382 99
383 99
396 99
397 99
398 99
380 100
381 100
382 100
383 100
396 100
397 100
398 100
380 101
381 101
382 101
383 101
396 101
397 101
398 101
399 101
380 102
381 102
382 102
397 102
398 102
399 102
379 103
380 103
381 103
382 103
397 103
398 103
399 103
379 104
380 104
381 104
382 104
397 104
398 104
399 104
377 105
378 105
379 105
380 105
381 105
382 105
398 105
377 106
378 106
379 106
380 106
381 106
382 106
377 107
378 107
379 107
380 107
381 107

FRAME 57
348 282
349 282
350 282
351 282
352 282
347 283
348 283
349 283
350 283
351 283
352 283
353 283
347 284
348 284
349 284
350 284
351 284
352 284
353 284
347 285
348 285
349 285
350 285
351 285
352 285
353 285
346 286
347 286
348 286
349 286
350 286
351 286
352 286
353 286
354 286
346 287
347 287
348 287
349 287
350 287
351 287
352 287
353 287
354 287
347 288
348 288
349 288
350 288
351 288
352 288
353 288
354 288
347 289
348 289
349 289
350 289
351 289
352 289
353 289
354 289
347 290
348 290
349 290
350 290
351 290
352 290
353 290
347 291
348 291
349 291
350 291
351 291
352 291
353 291
354 291
347 292
348 292
349 292
350 292
351 292
352 292
353 292
354 292
347 293
348 293
349 293
350 293
351 293
352 293
353 293
354 293
345 294
346 294
347 294
348 294
349 294
350 294
351 294
352 294
353 294
354 294
355 294
356 294
343 295
344 295
345 295
346 295
347 295
348 295
349 295
350 295
351 295
352 295
353 295
354 295
355 295
356 295
357 295
358 295
342 296
343 296
344 296
345 296
346 296
347 296
348 296
349 296
350 296
351 296
352 296
353 296
354 296
355 296
356 296
357 296
358 296
359 296
341 297
342 297
343 297
344 297
345 297
346 297
347 297
348 297
349 297
350 297
351 297
352 297
353 297
354 297
355 297
356 297
357 297
358 297
359 297
360 297
341 298
342 298
343 298
344 298
345 298
346 298
347 298
348 298
349 298
350 298
351 298
352 298
353 298
354 298
355 298
356 298
357 298
358 298
359 298
360 298
361 298
341 299
342 299
343 299
344 299
345 299
346 299
347 299
348 299
349 299
350 299
351 299
352 299
353 299
354 299
355 299
356 299
357 299
358 299
359 299
360 299
361 299
340 300
341 300
342 300
343 300
344 300
345 300
346 300
347 300
348 300
349 300
350 300
351 300
352 300
353 300
354 300
355 300
356 300
357 300
358 300
359 300
360 300
361 300
362 300
340 301
341 301
342 301
343 301
344 301
345 301
346 301
347 301
348 301
349 301
350 301
351 301
352 301
353 301
354 301
355 301
356 301
357 301
358 301
359 301
360 301
361 301
362 301
340 302
341 302
342 302
343 302
344 302
345 302
346 302
347 302
348 302
349 302
350 302
351 302
352 302
353 302
354 302
355 302
356 302
357 302
358 302
359 302
360 302
361 302
362 302
363 302
340 303
341 303
342 303
343 303
344 303
345 303
346 303
347 303
348 303
349 303
350 303
351 303
352 303
353 303
354 303
355 303
356 303
357 303
358 303
359 303
360 303
361 303
362 303
363 303
340 304
341 304
342 304
343 304
344 304
345 304
346 304
347 304
348 304
349 304
350 304
351 304
352 304
353 304
354 304
355 304
356 304
357 304
358 304
359 304
360 304
361 304
362 304
363 304
340 305
341 305
342 305
343 305
344 305
345 305
346 305
347 305
348 305
349 305
350 305
351 305
352 305
353 305
354 305
355 305
356 305
357 305
358 305
359 305
360 305
361 305
362 305
363 305
340 306
341 306
342 306
343 306
344 306
345 306
346 306
347 306
348 306
349 306
350 306
351 306
352 306
353 306
354 306
355 306
356 306
357 306
358 306
359 306
360 306
361 306
362 306
363 306
364 306
340 307
341 307
342 307
343 307
344 307
345 307
346 307
347 307
348 307
349 307
350 307
351 307
352 307
353 307
354 307
355 307
356 307
357 307
358 307
359 307
360 307
361 307
362 307
363 307
364 307
340 308
341 308
342 308
343 308
344 308
345 308
346 308
347 308
348 308
349 308
350 308
351 308
352 308
353 308
354 308
355 308
356 308
357 308
358 308
359 308
360 308
361 308
362 308
363 308
364 308
340 309
341 309
342 309
343 309
344 309
345 309
346 309
347 309
348 309
349 309
350 309
351 309
352 309
353 309
354 309
355 309
356 309
357 309
358 309
359 309
360 309
361 309
362 309
363 309
364 309
341 310
342 310
343 310
344 310
345 310
346 310
347 310
348 310
349 310
350 310
351 310
352 310
353 310
354 310
355 310
356 310
357 310
358 310
359 310
360 310
361 310
362 310
363 310
364 310
341 311
342 311
343 311
344 311
345 311
346 311
347 311
348 311
349 311
350 311
351 311
352 311
353 311
354 311
355 311
356 311
357 311
358 311
359 311
360 311
361 311
362 311
363 311
364 311
342 312
343 312
344 312
345 312
346 312
347 312
348 312
349 312
350 312
351 312
352 312
353 312
354 312
355 312
356 312
357 312
358 312
359 312
360 312
361 312
362 312
363 312
364 312
343 313
344 313
345 313
346 313
347 313
348 313
349 313
350 313
351 313
352 313
353 313
354 313
355 313
356 313
357 313
358 313
359 313
360 313
361 313
362 313
363 313
364 313
343 314
344 314
345 314
346 314
347 314
348 314
349 314
350 314
351 314
352 314
353 314
354 314
355 314
356 314
357 314
358 314
359 314
360 314
361 314
362 314
363 314
343 315
344 315
345 315
346 315
347 315
348 315
349 315
350 315
351 315
352 315
353 315
354 315
355 315
356 315
357 315
358 315
359 315
360 315
361 315
362 315
363 315
343 316
344 316
345 316
346 316
347 316
348 316
349 316
350 316
351 316
352 316
353 316
354 316
355 316
356 316
357 316
358 316
359 316
360 316
361 316
362 316
343 317
344 317
345 317
346 317
347 317
348 317
349 317
350 317
351 317
352 317
353 317
354 317
355 317
356 317
357 317
358 317
359 317
360 317
361 317
343 318
344 318
345 318
346 318
347 318
348 318
349 318
350 318
351 318
352 318
353 318
354 318
355 318
356 318
357 318
358 318
359 318
360 318
361 318
343 319
344 319
345 319
346 319
347 319
348 319
349 319
350 319
351 319
352 319
353 319
354 319
355 319
356 319
357 319
358 319
359 319
360 319
361 319
343 320
344 320
345 320
346 320
347 320
348 320
349 320
350 320
351 320
352 320
353 320
354 320
355 320
356 320
357 320
358 320
359 320
360 320
361 320
343 321
344 321
345 321
346 321
347 321
348 321
349 321
350 321
351 321
352 321
353 321
354 321
355 321
356 321
357 321
358 321
359 321
360 321
361 321
342 322
343 322
344 322
345 322
346 322
347 322
348 322
349 322
350 322
351 322
352 322
353 322
354 322
355 322
356 322
357 322
358 322
359 322
360 322
361 322
362 322
342 323
343 323
344 323
345 323
346 323
347 323
348 323
349 323
350 323
351 323
352 323
353 323
354 323
355 323
356 323
357 323
358 323
359 323
360 323
361 323
362 323
342 324
343 324
344 324
345 324
346 324
347 324
348 324
349 324
350 324
351 324
352 324
353 324
354 324
355 324
356 324
357 324
358 324
359 324
360 324
361 324
362 324
342 325
343 325
344 325
345 325
346 325
347 325
348 325
349 325
350 325
351 325
352 325
353 325
354 325
355 325
356 325
357 325
358 325
359 325
360 325
361 325
362 325
363 325
341 326
342 326
343 326
344 326
345 326
346 326
347 326
348 326
349 326
350 326
351 326
352 326
353 326
354 326
355 326
356 326
357 326
358 326
359 326
360 326
361 326
362 326
363 326
341 327
342 327
343 327
344 327
345 327
346 327
347 327
348 327
349 327
350 327
351 327
354 327
355 327
356 327
357 327
358 327
359 327
360 327
361 327
362 327
363 327
341 328
342 328
343 328
344 328
345 328
346 328
347 328
348 328
349 328
350 328
355 328
356 328
357 328
358 328
359 328
360 328
361 328
362 328
363 328
364 328
341 329
342 329
343 329
344 329
345 329
346 329
347 329
348 329
349 329
356 329
357 329
358 329
359 329
360 329
361 329
362 329
363 329
364 329
341 330
342 330
343 330
344 330
345 330
346 330
347 330
348 330
357 330
358 330
359 330
360 330
361 330
362 330
363 330
364 330
340 331
341 331
342 331
343 331
344 331
345 331
346 331
347 331
358 331
359 331
360 331
361 331
362 331
363 331
364 331
365 331
340 332
341 332
342 332
343 332
344 332
345 332
346 332
359 332
360 332
361 332
362 332
363 332
364 332
365 332
366 332
340 333
341 333
342 333
343 333
344 333
345 333
360 333
361 333
362 333
363 333
364 333
365 333
366 333
339 334
340 334
341 334
342 334
343 334
344 334
345 334
361 334
362 334
363 334
364 334
365 334
366 334
367 334
339 335
340 335
341 335
342 335
343 335
344 335
361 335
362 335
363 335
364 335
365 335
366 335
367 335
339 336
340 336
341 336
342 336
343 336
344 336
362 336
363 336
364 336
365 336
366 336
367 336
368 336
338 337
339 337
340 337
341 337
342 337
343 337
362 337
363 337
364 337
365 337
366 337
367 337
368 337
369 337
337 338
338 338
339 338
340 338
341 338
342 338
343 338
363 338
364 338
365 338
366 338
367 338
368 338
369 338
337 339
338 339
339 339
340 339
341 339
342 339
364 339
365 339
366 339
367 339
368 339
369 339
336 340
337 340
338 340
339 340
340 340
341 340
342 340
364 340
365 340
366 340
367 340
368 340
369 340
336 341
337 341
338 341
339 341
340 341
341 341
364 341
365 341
366 341
367 341
368 341
369 341
370 341
336 342
337 342
338 342
339 342
340 342
341 342
365 342
366 342
367 342
368 342
369 342
370 342
336 343
337 343
338 343
339 343
340 343
341 343
365 343
366 343
367 343
368 343
369 343
370 343
336 344
337 344
338 344
339 344
340 344
341 344
365 344
366 344
367 344
368 344
369 344
370 344
335 345
336 345
337 345
338 345
339 345
340 345
366 345
367 345
368 345
369 345
370 345
371 345
335 346
336 346
337 346
338 346
339 346
340 346
366 346
367 346
368 346
369 346
370 346
371 346
335 347
336 347
337 347
338 347
339 347
340 347
367 347
368 347
369 347
370 347
371 347
335 348
336 348
337 348
338 348
339 348
368 348
369 348
370 348
371 348
335 349
336 349
337 349
338 349
339 349
368 349
369 349
370 349
371 349
372 349
334 350
335 350
336 350
337 350
338 350
368 350
369 350
370 350
371 350
372 350
334 351
335 351
336 351
337 351
369 351
370 351
371 351
372 351
373 351
334 352
335 352
336 352
337 352
369 352
370 352
371 352
372 352
373 352
333 353
334 353
335 353
336 353
337 353
369 353
370 353
371 353
372 353
373 353
374 353
333 354
334 354
335 354
336 354
337 354
370 354
371 354
372 354
373 354
374 354
375 354
332 355
333 355
334 355
335 355
336 355
337 355
370 355
371 355
372 355
373 355
374 355
375 355
376 355
332 356
333 356
334 356
335 356
336 356
337 356
370 356
371 356
372 356
373 356
374 356
375 356
376 356
377 356
331 357
332 357
333 357
334 357
335 357
336 357
337 357
370 357
371 357
372 357
373 357
374 357
375 357
376 357
331 358
332 358
333 358
334 358
335 358
336 358
337 358
371 358
372 358
373 358
374 358
375 358
376 358
331 359
332 359
333 359
334 359
335 359
336 359
373 359
374 359
331 360
332 360
333 360
334 360
335 360
336 360
331 361
332 361
333 361
334 361
335 361

FRAME 58
348 283
349 283
350 283
351 283
352 283
347 284
348 284
349 284
350 284
351 284
352 284
353 284
347 285
348 285
349 285
350 285
351 285
352 285
353 285
346 286
347 286
348 286
349 286
350 286
351 286
352 286
353 286
346 287
347 287
348 287
349 287
350 287
351 287
352 287
353 287
354 287
346 288
347 288
348 288
349 288
350 288
351 288
352 288
353 288
354 288
347 289
348 289
349 289
350 289
351 289
352 289
353 289
354 289
347 290
348 290
349 290
350 290
351 290
352 290
353 290
354 290
347 291
348 291
349 291
350 291
351 291
352 291
353 291
354 291
347 292
348 292
349 292
350 292
351 292
352 292
353 292
354 292
347 293
348 293
349 293
350 293
351 293
352 293
353 293
354 293
347 294
348 294
349 294
350 294
351 294
352 294
353 294
354 294
345 295
346 295
347 295
348 295
349 295
350 295
351 295
352 295
353 295
354 295
355 295
356 295
343 296
344 296
345 296
346 296
347 296
348 296
349 296
350 296
351 296
352 296
353 296
354 296
355 296
356 296
357 296
358 296
342 297
343 297
344 297
345 297
346 297
347 297
348 297
349 297
350 297
351 297
352 297
353 297
354 297
355 297
356 297
357 297
358 297
359 297
341 298
342 298
343 298
344 298
345 298
346 298
347 298
348 298
349 298
350 298
351 298
352 298
353 298
354 298
355 298
356 298
357 298
358 298
359 298
360 298
341 299
342 299
343 299
344 299
345 299
346 299
347 299
348 299
349 299
350 299
351 299
352 299
353 299
354 299
355 299
356 299
357 299
358 299
359 299
360 299
361 299
341 300
342 300
343 300
344 300
345 300
346 300
347 300
348 300
349 300
350 300
351 300
352 300
353 300
354 300
355 300
356 300
357 300
358 300
359 300
360 300
361 300
340 301
341 301
342 301
343 301
344 301
345 301
346 301
347 301
348 301
349 301
350 301
351 301
352 301
353 301
354 301
355 301
356 301
357 301
358 301
359 301
360 301
361 301
362 301
340 302
341 302
342 302
343 302
344 302
345 302
346 302
347 302
348 302
349 302
350 302
351 302
352 302
353 302
354 302
355 302
356 302
357 302
358 302
359 302
360 302
361 302
362 302
340 303
341 303
342 303
343 303
344 303
345 303
346 303
347 303
348 303
349 303
350 303
351 303
352 303
353 303
354 303
355 303
356 303
357 303
358 303
359 303
360 303
361 303
362 303
340 304
341 304
342 304
343 304
344 304
345 304
346 304
347 304
348 304
349 304
350 304
351 304
352 304
353 304
354 304
355 304
356 304
357 304
358 304
359 304
360 304
361 304
362 304
363 304
340 305
341 305
342 305
343 305
344 305
345 305
346 305
347 305
348 305
349 305
350 305
351 305
352 305
353 305
354 305
355 305
356 305
357 305
358 305
359 305
360 305
361 305
362 305
363 305
340 306
341 306
342 306
343 306
344 306
345 306
346 306
347 306
348 306
349 306
350 306
351 306
352 306
353 306
354 306
355 306
356 306
357 306
358 306
359 306
360 306
361 306
362 306
363 306
340 307
341 307
342 307
343 307
344 307
345 307
346 307
347 307
348 307
349 307
350 307
351 307
352 307
353 307
354 307
355 307
356 307
357 307
358 307
359 307
360 307
361 307
362 307
363 307
364 307
340 308
341 308
342 308
343 308
344 308
345 308
346 308
347 308
348 308
349 308
350 308
351 308
352 308
353 308
354 308
355 308
356 308
357 308
358 308
359 308
360 308
361 308
362 308
363 308
364 308
340 309
341 309
342 309
343 309
344 309
345 309
346 309
347 309
348 309
349 309
350 309
351 309
352 309
353 309
354 309
355 309
356 309
357 309
358 309
359 309
360 309
361 309
362 309
363 309
364 309
341 310
342 310
343 310
344 310
345 310
346 310
347 310
348 310
349 310
350 310
351 310
352 310
353 310
354 310
355 310
356 310
357 310
358 310
359 310
360 310
361 310
362 310
363 310
364 310
341 311
342 311
343 311
344 311
345 311
346 311
347 311
348 311
349 311
350 311
351 311
352 311
353 311
354 311
355 311
356 311
357 311
358 311
359 311
360 311
361 311
362 311
363 311
364 311
341 312
342 312
343 312
344 312
345 312
346 312
347 312
348 312
349 312
350 312
351 312
352 312
353 312
354 312
355 312
356 312
357 312
358 312
359 312
360 312
361 312
362 312
363 312
364 312
342 313
343 313
344 313
345 313
346 313
347 313
348 313
349 313
350 313
351 313
352 313
353 313
354 313
355 313
356 313
357 313
358 313
359 313
360 313
361 313
362 313
363 313
364 313
343 314
344 314
345 314
346 314
347 314
348 314
349 314
350 314
351 314
352 314
353 314
354 314
355 314
356 314
357 314
358 314
359 314
360 314
361 314
362 314
363 314
364 314
343 315
344 315
345 315
346 315
347 315
348 315
349 315
350 315
351 315
352 315
353 315
354 315
355 315
356 315
357 315
358 315
359 315
360 315
361 315
362 315
363 315
343 316
344 316
345 316
346 316
347 316
348 316
349 316
350 316
351 316
352 316
353 316
354 316
355 316
356 316
357 316
358 316
359 316
360 316
361 316
362 316
363 316
343 317
344 317
345 317
346 317
347 317
348 317
349 317
350 317
351 317
352 317
353 317
354 317
355 317
356 317
357 317
358 317
359 317
360 317
361 317
362 317
343 318
344 318
345 318
346 318
347 318
348 318
349 318
350 318
351 318
352 318
353 318
354 318
355 318
356 318
357 318
358 318
359 318
360 318
361 318
343 319
344 319
345 319
346 319
347 319
348 319
349 319
350 319
351 319
352 319
353 319
354 319
355 319
356 319
357 319
358 319
359 319
360 319
361 319
343 320
344 320
345 320
346 320
347 320
348 320
349 320
350 320
351 320
352 320
353 320
354 320
355 320
356 320
357 320
358 320
359 320
360 320
361 320
343 321
344 321
345 321
346 321
347 321
348 321
349 321
350 321
351 321
352 321
353 321
354 321
355 321
356 321
357 321
358 321
359 321
360 321
361 321
343 322
344 322
345 322
346 322
347 322
348 322
349 322
350 322
351 322
352 322
353 322
354 322
355 322
356 322
357 322
358 322
359 322
360 322
361 322
342 323
343 323
344 323
345 323
346 323
347 323
348 323
349 323
350 323
351 323
352 323
353 323
354 323
355 323
356 323
357 323
358 323
359 323
360 323
361 323
362 323
342 324
343 324
344 324
345 324
346 324
347 324
348 324
349 324
350 324
351 324
352 324
353 324
354 324
355 324
356 324
357 324
358 324
359 324
360 324
361 324
362 324
342 325
343 325
344 325
345 325
346 325
347 325
348 325
349 325
350 325
351 325
352 325
353 325
354 325
355 325
356 325
357 325
358 325
359 325
360 325
361 325
362 325
363 325
341 326
342 326
343 326
344 326
345 326
346 326
347 326
348 326
349 326
350 326
351 326
352 326
353 326
354 326
355 326
356 326
357 326
358 326
359 326
360 326
361 326
362 326
363 326
341 327
342 327
343 327
344 327
345 327
346 327
347 327
348 327
349 327
350 327
351 327
352 327
353 327
354 327
355 327
356 327
357 327
358 327
359 327
360 327
361 327
362 327
363 327
341 328
342 328
343 328
344 328
345 328
346 328
347 328
348 328
349 328
350 328
351 328
355 328
356 328
357 328
358 328
359 328
360 328
361 328
362 328
363 328
341 329
342 329
343 329
344 329
345 329
346 329
347 329
348 329
349 329
350 329
355 329
356 329
357 329
358 329
359 329
360 329
361 329
362 329
363 329
364 329
341 330
342 330
343 330
344 330
345 330
346 330
347 330
348 330
349 330
356 330
357 330
358 330
359 330
360 330
361 330
362 330
363 330
364 330
340 331
341 331
342 331
343 331
344 331
345 331
346 331
347 331
348 331
358 331
359 331
360 331
361 331
362 331
363 331
364 331
340 332
341 332
342 332
343 332
344 332
345 332
346 332
359 332
360 332
361 332
362 332
363 332
364 332
365 332
340 333
341 333
342 333
343 333
344 333
345 333
360 333
361 333
362 333
363 333
364 333
365 333
366 333
339 334
340 334
341 334
342 334
343 334
344 334
345 334
360 334
361 334
362 334
363 334
364 334
365 334
366 334
339 335
340 335
341 335
342 335
343 335
344 335
361 335
362 335
363 335
364 335
365 335
366 335
367 335
339 336
340 336
341 336
342 336
343 336
344 336
362 336
363 336
364 336
365 336
366 336
367 336
338 337
339 337
340 337
341 337
342 337
343 337
362 337
363 337
364 337
365 337
366 337
367 337
368 337
338 338
339 338
340 338
341 338
342 338
343 338
363 338
364 338
365 338
366 338
367 338
368 338
337 339
338 339
339 339
340 339
341 339
342 339
363 339
364 339
365 339
366 339
367 339
368 339
369 339
336 340
337 340
338 340
339 340
340 340
341 340
342 340
364 340
365 340
366 340
367 340
368 340
369 340
336 341
337 341
338 341
339 341
340 341
341 341
364 341
365 341
366 341
367 341
368 341
369 341
336 342
337 342
338 342
339 342
340 342
341 342
365 342
366 342
367 342
368 342
369 342
370 342
335 343
336 343
337 343
338 343
339 343
340 343
365 343
366 343
367 343
368 343
369 343
370 343
335 344
336 344
337 344
338 344
339 344
340 344
365 344
366 344
367 344
368 344
369 344
370 344
335 345
336 345
337 345
338 345
339 345
340 345
366 345
367 345
368 345
369 345
370 345
371 345
335 346
336 346
337 346
338 346
339 346
340 346
366 346
367 346
368 346
369 346
370 346
371 346
334 347
335 347
336 347
337 347
338 347
339 347
367 347
368 347
369 347
370 347
371 347
334 348
335 348
336 348
337 348
338 348
339 348
367 348
368 348
369 348
370 348
371 348
334 349
335 349
336 349
337 349
338 349
368 349
369 349
370 349
371 349
372 349
333 350
334 350
335 350
336 350
337 350
338 350
369 350
370 350
371 350
372 350
333 351
334 351
335 351
336 351
337 351
369 351
370 351
371 351
372 351
333 352
334 352
335 352
336 352
337 352
369 352
370 352
371 352
372 352
373 352
333 353
334 353
335 353
336 353
370 353
371 353
372 353
373 353
374 353
332 354
333 354
334 354
335 354
336 354
370 354
371 354
372 354
373 354
374 354
375 354
332 355
333 355
334 355
335 355
336 355
370 355
371 355
372 355
373 355
374 355
375 355
376 355
331 356
332 356
333 356
334 356
335 356
370 356
371 356
372 356
373 356
374 356
375 356
376 356
377 356
330 357
331 357
332 357
333 357
334 357
335 357
371 357
372 357
373 357
374 357
375 357
376 357
377 357
329 358
330 358
331 358
332 358
333 358
334 358
335 358
371 358
372 358
373 358
374 358
375 358
376 358
377 358
328 359
329 359
330 359
331 359
332 359
333 359
334 359
335 359
372 359
373 359
374 359
375 359
376 359
329 360
330 360
331 360
332 360
333 360
334 360
335 360
330 361
331 361
332 361
333 361
334 361

FRAME 59
349 285
350 285
351 285
348 286
349 286
350 286
351 286
352 286
353 286
347 287
348 287
349 287
350 287
351 287
352 287
353 287
347 288
348 288
349 288
350 288
351 288
352 288
353 288
354 288
346 289
347 289
348 289
349 289
350 289
351 289
352 289
353 289
354 289
346 290
347 290
348 290
349 290
350 290
351 290
352 290
353 290
354 290
347 291
348 291
349 291
350 291
351 291
352 291
353 291
354 291
347 292
348 292
349 292
350 292
351 292
352 292
353 292
354 292
347 293
348 293
349 293
350 293
351 293
352 293
353 293
354 293
348 294
349 294
350 294
351 294
352 294
353 294
348 295
349 295
350 295
351 295
352 295
353 295
354 295
347 296
348 296
349 296
350 296
351 296
352 296
353 296
354 296
346 297
347 297
348 297
349 297
350 297
351 297
352 297
353 297
354 297
355 297
344 298
345 298
346 298
347 298
348 298
349 298
350 298
351 298
352 298
353 298
354 298
355 298
356 298
357 298
342 299
343 299
344 299
345 299
346 299
347 299
348 299
349 299
350 299
351 299
352 299
353 299
354 299
355 299
356 299
357 299
358 299
342 300
343 300
344 300
345 300
346 300
347 300
348 300
349 300
350 300
351 300
352 300
353 300
354 300
355 300
356 300
357 300
358 300
359 300
360 300
341 301
342 301
343 301
344 301
345 301
346 301
347 301
348 301
349 301
350 301
351 301
352 301
353 301
354 301
355 301
356 301
357 301
358 301
359 301
360 301
361 301
341 302
342 302
343 302
344 302
345 302
346 302
347 302
348 302
349 302
350 302
351 302
352 302
353 302
354 302
355 302
356 302
357 302
358 302
359 302
360 302
361 302
341 303
342 303
343 303
344 303
345 303
346 303
347 303
348 303
349 303
350 303
351 303
352 303
353 303
354 303
355 303
356 303
357 303
358 303
359 303
360 303
361 303
362 303
340 304
341 304
342 304
343 304
344 304
345 304
346 304
347 304
348 304
349 304
350 304
351 304
352 304
353 304
354 304
355 304
356 304
357 304
358 304
359 304
360 304
361 304
362 304
340 305
341 305
342 305
343 305
344 305
345 305
346 305
347 305
348 305
349 305
350 305
351 305
352 305
353 305
354 305
355 305
356 305
357 305
358 305
359 305
360 305
361 305
362 305
340 306
341 306
342 306
343 306
344 306
345 306
346 306
347 306
348 306
349 306
350 306
351 306
352 306
353 306
354 306
355 306
356 306
357 306
358 306
359 306
360 306
361 306
362 306
363 306
340 307
341 307
342 307
343 307
344 307
345 307
346 307
347 307
348 307
349 307
350 307
351 307
352 307
353 307
354 307
355 307
356 307
357 307
358 307
359 307
360 307
361 307
362 307
363 307
339 308
340 308
341 308
342 308
343 308
344 308
345 308
346 308
347 308
348 308
349 308
350 308
351 308
352 308
353 308
354 308
355 308
356 308
357 308
358 308
359 308
360 308
361 308
362 308
363 308
340 309
341 309
342 309
343 309
344 309
345 309
346 309
347 309
348 309
349 309
350 309
351 309
352 309
353 309
354 309
355 309
356 309
357 309
358 309
359 309
360 309
361 309
362 309
363 309
340 310
341 310
342 310
343 310
344 310
345 310
346 310
347 310
348 310
349 310
350 310
351 310
352 310
353 310
354 310
355 310
356 310
357 310
358 310
359 310
360 310
361 310
362 310
363 310
364 310
340 311
341 311
342 311
343 311
344 311
345 311
346 311
347 311
348 311
349 311
350 311
351 311
352 311
353 311
354 311
355 311
356 311
357 311
358 311
359 311
360 311
361 311
362 311
363 311
364 311
340 312
341 312
342 312
343 312
344 312
345 312
346 312
347 312
348 312
349 312
350 312
351 312
352 312
353 312
354 312
355 312
356 312
357 312
358 312
359 312
360 312
361 312
362 312
363 312
364 312
341 313
342 313
343 313
344 313
345 313
346 313
347 313
348 313
349 313
350 313
351 313
352 313
353 313
354 313
355 313
356 313
357 313
358 313
359 313
360 313
361 313
362 313
363 313
364 313
341 314
342 314
343 314
344 314
345 314
346 314
347 314
348 314
349 314
350 314
351 314
352 314
353 314
354 314
355 314
356 314
357 314
358 314
359 314
360 314
361 314
362 314
363 314
364 314
341 315
342 315
343 315
344 315
345 315
346 315
347 315
348 315
349 315
350 315
351 315
352 315
353 315
354 315
355 315
356 315
357 315
358 315
359 315
360 315
361 315
362 315
363 315
364 315
342 316
343 316
344 316
345 316
346 316
347 316
348 316
349 316
350 316
351 316
352 316
353 316
354 316
355 316
356 316
357 316
358 316
359 316
360 316
361 316
362 316
363 316
364 316
342 317
343 317
344 317
345 317
346 317
347 317
348 317
349 317
350 317
351 317
352 317
353 317
354 317
355 317
356 317
357 317
358 317
359 317
360 317
361 317
362 317
363 317
364 317
343 318
344 318
345 318
346 318
347 318
348 318
349 318
350 318
351 318
352 318
353 318
354 318
355 318
356 318
357 318
358 318
359 318
360 318
361 318
362 318
363 318
343 319
344 319
345 319
346 319
347 319
348 319
349 319
350 319
351 319
352 319
353 319
354 319
355 319
356 319
357 319
358 319
359 319
360 319
361 319
362 319
343 320
344 320
345 320
346 320
347 320
348 320
349 320
350 320
351 320
352 320
353 320
354 320
355 320
356 320
357 320
358 320
359 320
360 320
361 320
343 321
344 321
345 321
346 321
347 321
348 321
349 321
350 321
351 321
352 321
353 321
354 321
355 321
356 321
357 321
358 321
359 321
360 321
361 321
343 322
344 322
345 322
346 322
347 322
348 322
349 322
350 322
351 322
352 322
353 322
354 322
355 322
356 322
357 322
358 322
359 322
360 322
361 322
343 323
344 323
345 323
346 323
347 323
348 323
349 323
350 323
351 323
352 323
353 323
354 323
355 323
356 323
357 323
358 323
359 323
360 323
361 323
342 324
343 324
344 324
345 324
346 324
347 324
348 324
349 324
350 324
351 324
352 324
353 324
354 324
355 324
356 324
357 324
358 324
359 324
360 324
361 324
342 325
343 325
344 325
345 325
346 325
347 325
348 325
349 325
350 325
351 325
352 325
353 325
354 325
355 325
356 325
357 325
358 325
359 325
360 325
361 325
341 326
342 326
343 326
344 326
345 326
346 326
347 326
348 326
349 326
350 326
351 326
352 326
353 326
354 326
355 326
356 326
357 326
358 326
359 326
360 326
361 326
362 326
341 327
342 327
343 327
344 327
345 327
346 327
347 327
348 327
349 327
350 327
351 327
352 327
353 327
354 327
355 327
356 327
357 327
358 327
359 327
360 327
361 327
362 327
341 328
342 328
343 328
344 328
345 328
346 328
347 328
348 328
349 328
350 328
351 328
352 328
353 328
354 328
355 328
356 328
357 328
358 328
359 328
360 328
361 328
362 328
363 328
341 329
342 329
343 329
344 329
345 329
346 329
347 329
348 329
349 329
350 329
351 329
352 329
353 329
354 329
355 329
356 329
357 329
358 329
359 329
360 329
361 329
362 329
363 329
341 330
342 330
343 330
344 330
345 330
346 330
347 330
348 330
349 330
350 330
351 330
352 330
354 330
355 330
356 330
357 330
358 330
359 330
360 330
361 330
362 330
363 330
340 331
341 331
342 331
343 331
344 331
345 331
346 331
347 331
348 331
349 331
350 331
355 331
356 331
357 331
358 331
359 331
360 331
361 331
362 331
363 331
364 331
340 332
341 332
342 332
343 332
344 332
345 332
346 332
347 332
348 332
349 332
356 332
357 332
358 332
359 332
360 332
361 332
362 332
363 332
364 332
340 333
341 333
342 333
343 333
344 333
345 333
346 333
347 333
348 333
357 333
358 333
359 333
360 333
361 333
362 333
363 333
364 333
365 333
339 334
340 334
341 334
342 334
343 334
344 334
345 334
346 334
347 334
359 334
360 334
361 334
362 334
363 334
364 334
365 334
339 335
340 335
341 335
342 335
343 335
344 335
345 335
346 335
360 335
361 335
362 335
363 335
364 335
365 335
366 335
338 336
339 336
340 336
341 336
342 336
343 336
344 336
360 336
361 336
362 336
363 336
364 336
365 336
366 336
338 337
339 337
340 337
341 337
342 337
343 337
344 337
361 337
362 337
363 337
364 337
365 337
366 337
367 337
337 338
338 338
339 338
340 338
341 338
342 338
343 338
362 338
363 338
364 338
365 338
366 338
367 338
368 338
337 339
338 339
339 339
340 339
341 339
342 339
343 339
362 339
363 339
364 339
365 339
366 339
367 339
368 339
336 340
337 340
338 340
339 340
340 340
341 340
342 340
363 340
364 340
365 340
366 340
367 340
368 340
369 340
336 341
337 341
338 341
339 341
340 341
341 341
363 341
364 341
365 341
366 341
367 341
368 341
369 341
335 342
336 342
337 342
338 342
339 342
340 342
341 342
364 342
365 342
366 342
367 342
368 342
369 342
335 343
336 343
337 343
338 343
339 343
340 343
365 343
366 343
367 343
368 343
369 343
370 343
334 344
335 344
336 344
337 344
338 344
339 344
365 344
366 344
367 344
368 344
369 344
370 344
334 345
335 345
336 345
337 345
338 345
339 345
365 345
366 345
367 345
368 345
369 345
370 345
333 346
334 346
335 346
336 346
337 346
338 346
339 346
365 346
366 346
367 346
368 346
369 346
370 346
371 346
333 347
334 347
335 347
336 347
337 347
338 347
366 347
367 347
368 347
369 347
370 347
371 347
333 348
334 348
335 348
336 348
337 348
338 348
366 348
367 348
368 348
369 348
370 348
371 348
332 349
333 349
334 349
335 349
336 349
337 349
338 349
367 349
368 349
369 349
370 349
371 349
372 349
332 350
333 350
334 350
335 350
336 350
337 350
368 350
369 350
370 350
371 350
372 350
332 351
333 351
334 351
335 351
336 351
369 351
370 351
371 351
372 351
331 352
332 352
333 352
334 352
335 352
369 352
370 352
371 352
372 352
373 352
331 353
332 353
333 353
334 353
335 353
369 353
370 353
371 353
372 353
373 353
374 353
330 354
331 354
332 354
333 354
334 354
370 354
371 354
372 354
373 354
374 354
330 355
331 355
332 355
333 355
334 355
370 355
371 355
372 355
373 355
374 355
375 355
329 356
330 356
331 356
332 356
333 356
371 356
372 356
373 356
374 356
375 356
376 356
328 357
329 357
330 357
331 357
332 357
333 357
371 357
372 357
373 357
374 357
375 357
376 357
377 357
327 358
328 358
329 358
330 358
331 358
332 358
333 358
371 358
372 358
373 358
374 358
375 358
376 358
377 358
327 359
328 359
329 359
330 359
331 359
332 359
371 359
372 359
373 359
374 359
375 359
376 359
377 359
326 360
327 360
328 360
329 360
330 360
331 360
332 360
372 360
373 360
374 360
375 360
376 360
326 361
327 361
328 361
329 361
330 361
331 361
332 361
326 362
327 362
328 362
329 362
330 362
331 362
327 363
328 363
329 363
330 363

FRAME 60
349 288
350 288
351 288
352 288
348 289
349 289
350 289
351 289
352 289
353 289
347 290
348 290
349 290
350 290
351 290
352 290
353 290
347 291
348 291
349 291
350 291
351 291
352 291
353 291
354 291
347 292
348 292
349 292
350 292
351 292
352 292
353 292
354 292
347 293
348 293
349 293
350 293
351 293
352 293
353 293
354 293
347 294
348 294
349 294
350 294
351 294
352 294
353 294
354 294
347 295
348 295
349 295
350 295
351 295
352 295
353 295
354 295
347 296
348 296
349 296
350 296
351 296
352 296
353 296
354 296
348 297
349 297
350 297
351 297
352 297
353 297
354 297
348 298
349 298
350 298
351 298
352 298
353 298
354 298
347 299
348 299
349 299
350 299
351 299
352 299
353 299
354 299
346 300
347 300
348 300
349 300
350 300
351 300
352 300
353 300
354 300
355 300
344 301
345 301
346 301
347 301
348 301
349 301
350 301
351 301
352 301
353 301
354 301
355 301
356 301
357 301
343 302
344 302
345 302
346 302
347 302
348 302
349 302
350 302
351 302
352 302
353 302
354 302
355 302
356 302
357 302
358 302
359 302
342 303
343 303
344 303
345 303
346 303
347 303
348 303
349 303
350 303
351 303
352 303
353 303
354 303
355 303
356 303
357 303
358 303
359 303
360 303
341 304
342 304
343 304
344 304
345 304
346 304
347 304
348 304
349 304
350 304
351 304
352 304
353 304
354 304
355 304
356 304
357 304
358 304
359 304
360 304
361 304
341 305
342 305
343 305
344 305
345 305
346 305
347 305
348 305
349 305
350 305
351 305
352 305
353 305
354 305
355 305
356 305
357 305
358 305
359 305
360 305
361 305
341 306
342 306
343 306
344 306
345 306
346 306
347 306
348 306
349 306
350 306
351 306
352 306
353 306
354 306
355 306
356 306
357 306
358 306
359 306
360 306
361 306
362 306
340 307
341 307
342 307
343 307
344 307
345 307
346 307
347 307
348 307
349 307
350 307
351 307
352 307
353 307
354 307
355 307
356 307
357 307
358 307
359 307
360 307
361 307
362 307
340 308
341 308
342 308
343 308
344 308
345 308
346 308
347 308
348 308
349 308
350 308
351 308
352 308
353 308
354 308
355 308
356 308
357 308
358 308
359 308
360 308
361 308
362 308
340 309
341 309
342 309
343 309
344 309
345 309
346 309
347 309
348 309
349 309
350 309
351 309
352 309
353 309
354 309
355 309
356 309
357 309
358 309
359 309
360 309
361 309
362 309
363 309
340 310
341 310
342 310
343 310
344 310
345 310
346 310
347 310
348 310
349 310
350 310
351 310
352 310
353 310
354 310
355 310
356 310
357 310
358 310
359 310
360 310
361 310
362 310
363 310
340 311
341 311
342 311
343 311
344 311
345 311
346 311
347 311
348 311
349 311
350 311
351 311
352 311
353 311
354 311
355 311
356 311
357 311
358 311
359 311
360 311
361 311
362 311
363 311
340 312
341 312
342 312
343 312
344 312
345 312
346 312
347 312
348 312
349 312
350 312
351 312
352 312
353 312
354 312
355 312
356 312
357 312
358 312
359 312
360 312
361 312
362 312
363 312
340 313
341 313
342 313
343 313
344 313
345 313
346 313
347 313
348 313
349 313
350 313
351 313
352 313
353 313
354 313
355 313
356 313
357 313
358 313
359 313
360 313
361 313
362 313
363 313
364 313
340 314
341 314
342 314
343 314
344 314
345 314
346 314
347 314
348 314
349 314
350 314
351 314
352 314
353 314
354 314
355 314
356 314
357 314
358 314
359 314
360 314
361 314
362 314
363 314
364 314
340 315
341 315
342 315
343 315
344 315
345 315
346 315
347 315
348 315
349 315
350 315
351 315
352 315
353 315
354 315
355 315
356 315
357 315
358 315
359 315
360 315
361 315
362 315
363 315
364 315
340 316
341 316
342 316
343 316
344 316
345 316
346 316
347 316
348 316
349 316
350 316
351 316
352 316
353 316
354 316
355 316
356 316
357 316
358 316
359 316
360 316
361 316
362 316
363 316
364 316
341 317
342 317
343 317
344 317
345 317
346 317
347 317
348 317
349 317
350 317
351 317
352 317
353 317
354 317
355 317
356 317
357 317
358 317
359 317
360 317
361 317
362 317
363 317
364 317
342 318
343 318
344 318
345 318
346 318
347 318
348 318
349 318
350 318
351 318
352 318
353 318
354 318
355 318
356 318
357 318
358 318
359 318
360 318
361 318
362 318
363 318
364 318
342 319
343 319
344 319
345 319
346 319
347 319
348 319
349 319
350 319
351 319
352 319
353 319
354 319
355 319
356 319
357 319
358 319
359 319
360 319
361 319
362 319
363 319
364 319
342 320
343 320
344 320
345 320
346 320
347 320
348 320
349 320
350 320
351 320
352 320
353 320
354 320
355 320
356 320
357 320
358 320
359 320
360 320
361 320
362 320
363 320
364 320
343 321
344 321
345 321
346 321
347 321
348 321
349 321
350 321
351 321
352 321
353 321
354 321
355 321
356 321
357 321
358 321
359 321
360 321
361 321
362 321
363 321
343 322
344 322
345 322
346 322
347 322
348 322
349 322
350 322
351 322
352 322
353 322
354 322
355 322
356 322
357 322
358 322
359 322
360 322
361 322
362 322
343 323
344 323
345 323
346 323
347 323
348 323
349 323
350 323
351 323
352 323
353 323
354 323
355 323
356 323
357 323
358 323
359 323
360 323
361 323
342 324
343 324
344 324
345 324
346 324
347 324
348 324
349 324
350 324
351 324
352 324
353 324
354 324
355 324
356 324
357 324
358 324
359 324
360 324
361 324
342 325
343 325
344 325
345 325
346 325
347 325
348 325
349 325
350 325
351 325
352 325
353 325
354 325
355 325
356 325
357 325
358 325
359 325
360 325
342 326
343 326
344 326
345 326
346 326
347 326
348 326
349 326
350 326
351 326
352 326
353 326
354 326
355 326
356 326
357 326
358 326
359 326
360 326
361 326
342 327
343 327
344 327
345 327
346 327
347 327
348 327
349 327
350 327
351 327
352 327
353 327
354 327
355 327
356 327
357 327
358 327
359 327
360 327
361 327
341 328
342 328
343 328
344 328
345 328
346 328
347 328
348 328
349 328
350 328
351 328
352 328
353 328
354 328
355 328
356 328
357 328
358 328
359 328
360 328
361 328
341 329
342 329
343 329
344 329
345 329
346 329
347 329
348 329
349 329
350 329
351 329
352 329
353 329
354 329
355 329
356 329
357 329
358 329
359 329
360 329
361 329
362 329
341 330
342 330
343 330
344 330
345 330
346 330
347 330
348 330
349 330
350 330
351 330
352 330
353 330
354 330
355 330
356 330
357 330
358 330
359 330
360 330
361 330
362 330
341 331
342 331
343 331
344 331
345 331
346 331
347 331
348 331
349 331
350 331
351 331
352 331
353 331
354 331
355 331
356 331
357 331
358 331
359 331
360 331
361 331
362 331
363 331
340 332
341 332
342 332
343 332
344 332
345 332
346 332
347 332
348 332
349 332
350 332
352 332
353 332
354 332
355 332
356 332
357 332
358 332
359 332
360 332
361 332
362 332
363 332
340 333
341 333
342 333
343 333
344 333
345 333
346 333
347 333
348 333
349 333
354 333
355 333
356 333
357 333
358 333
359 333
360 333
361 333
362 333
363 333
340 334
341 334
342 334
343 334
344 334
345 334
346 334
347 334
348 334
349 334
355 334
356 334
357 334
358 334
359 334
360 334
361 334
362 334
363 334
364 334
340 335
341 335
342 335
343 335
344 335
345 335
346 335
347 335
348 335
356 335
357 335
358 335
359 335
360 335
361 335
362 335
363 335
364 335
339 336
340 336
341 336
342 336
343 336
344 336
345 336
346 336
347 336
358 336
359 336
360 336
361 336
362 336
363 336
364 336
365 336
338 337
339 337
340 337
341 337
342 337
343 337
344 337
345 337
359 337
360 337
361 337
362 337
363 337
364 337
365 337
338 338
339 338
340 338
341 338
342 338
343 338
344 338
360 338
361 338
362 338
363 338
364 338
365 338
366 338
338 339
339 339
340 339
341 339
342 339
343 339
361 339
362 339
363 339
364 339
365 339
366 339
367 339
337 340
338 340
339 340
340 340
341 340
342 340
343 340
361 340
362 340
363 340
364 340
365 340
366 340
367 340
368 340
336 341
337 341
338 341
339 341
340 341
341 341
342 341
362 341
363 341
364 341
365 341
366 341
367 341
368 341
335 342
336 342
337 342
338 342
339 342
340 342
341 342
342 342
363 342
364 342
365 342
366 342
367 342
368 342
369 342
335 343
336 343
337 343
338 343
339 343
340 343
341 343
364 343
365 343
366 343
367 343
368 343
369 343
334 344
335 344
336 344
337 344
338 344
339 344
340 344
364 344
365 344
366 344
367 344
368 344
369 344
370 344
333 345
334 345
335 345
336 345
337 345
338 345
339 345
365 345
366 345
367 345
368 345
369 345
370 345
332 346
333 346
334 346
335 346
336 346
337 346
338 346
365 346
366 346
367 346
368 346
369 346
370 346
332 347
333 347
334 347
335 347
336 347
337 347
338 347
365 347
366 347
367 347
368 347
369 347
370 347
371 347
331 348
332 348
333 348
334 348
335 348
336 348
337 348
366 348
367 348
368 348
369 348
370 348
371 348
331 349
332 349
333 349
334 349
335 349
336 349
337 349
366 349
367 349
368 349
369 349
370 349
371 349
331 350
332 350
333 350
334 350
335 350
336 350
368 350
369 350
370 350
371 350
372 350
330 351
331 351
332 351
333 351
334 351
335 351
368 351
369 351
370 351
371 351
372 351
330 352
331 352
332 352
333 352
334 352
335 352
369 352
370 352
371 352
372 352
373 352
329 353
330 353
331 353
332 353
333 353
334 353
369 353
370 353
371 353
372 353
373 353
329 354
330 354
331 354
332 354
333 354
370 354
371 354
372 354
373 354
374 354
328 355
329 355
330 355
331 355
332 355
370 355
371 355
372 355
373 355
374 355
328 356
329 356
330 356
331 356
371 356
372 356
373 356
374 356
375 356
327 357
328 357
329 357
330 357
331 357
371 357
372 357
373 357
374 357
375 357
376 357
326 358
327 358
328 358
329 358
330 358
371 358
372 358
373 358
374 358
375 358
376 358
326 359
327 359
328 359
329 359
330 359
371 359
372 359
373 359
374 359
375 359
376 359
377 359
325 360
326 360
327 360
328 360
329 360
330 360
372 360
373 360
374 360
375 360
376 360
377 360
324 361
325 361
326 361
327 361
328 361
329 361
330 361
372 361
373 361
374 361
375 361
376 361
377 361
324 362
325 362
326 362
327 362
328 362
329 362
373 362
374 362
375 362
376 362
377 362
324 363
325 363
326 363
327 363
328 363
329 363
374 363
375 363
376 363
377 363
325 364
326 364
327 364
328 364
329 364

FRAME 61
349 290
350 290
351 290
352 290
348 291
349 291
350 291
351 291
352 291
353 291
347 292
348 292
349 292
350 292
351 292
352 292
353 292
354 292
347 293
348 293
349 293
350 293
351 293
352 293
353 293
354 293
347 294
348 294
349 294
350 294
351 294
352 294
353 294
354 294
347 295
348 295
349 295
350 295
351 295
352 295
353 295
354 295
347 296
348 296
349 296
350 296
351 296
352 296
353 296
354 296
347 297
348 297
349 297
350 297
351 297
352 297
353 297
354 297
348 298
349 298
350 298
351 298
352 298
353 298
354 298
348 299
349 299
350 299
351 299
352 299
353 299
354 299
348 300
349 300
350 300
351 300
352 300
353 300
354 300
347 301
348 301
349 301
350 301
351 301
352 301
353 301
354 301
355 301
345 302
346 302
347 302
348 302
349 302
350 302
351 302
352 302
353 302
354 302
355 302
356 302
344 303
345 303
346 303
347 303
348 303
349 303
350 303
351 303
352 303
353 303
354 303
355 303
356 303
357 303
358 303
343 304
344 304
345 304
346 304
347 304
348 304
349 304
350 304
351 304
352 304
353 304
354 304
355 304
356 304
357 304
358 304
359 304
342 305
343 305
344 305
345 305
346 305
347 305
348 305
349 305
350 305
351 305
352 305
353 305
354 305
355 305
356 305
357 305
358 305
359 305
360 305
341 306
342 306
343 306
344 306
345 306
346 306
347 306
348 306
349 306
350 306
351 306
352 306
353 306
354 306
355 306
356 306
357 306
358 306
359 306
360 306
361 306
341 307
342 307
343 307
344 307
345 307
346 307
347 307
348 307
349 307
350 307
351 307
352 307
353 307
354 307
355 307
356 307
357 307
358 307
359 307
360 307
361 307
341 308
342 308
343 308
344 308
345 308
346 308
347 308
348 308
349 308
350 308
351 308
352 308
353 308
354 308
355 308
356 308
357 308
358 308
359 308
360 308
361 308
362 308
341 309
342 309
343 309
344 309
345 309
346 309
347 309
348 309
349 309
350 309
351 309
352 309
353 309
354 309
355 309
356 309
357 309
358 309
359 309
360 309
361 309
362 309
340 310
341 310
342 310
343 310
344 310
345 310
346 310
347 310
348 310
349 310
350 310
351 310
352 310
353 310
354 310
355 310
356 310
357 310
358 310
359 310
360 310
361 310
362 310
363 310
340 311
341 311
342 311
343 311
344 311
345 311
346 311
347 311
348 311
349 311
350 311
351 311
352 311
353 311
354 311
355 311
356 311
357 311
358 311
359 311
360 311
361 311
362 311
363 311
340 312
341 312
342 312
343 312
344 312
345 312
346 312
347 312
348 312
349 312
350 312
351 312
352 312
353 312
354 312
355 312
356 312
357 312
358 312
359 312
360 312
361 312
362 312
363 312
340 313
341 313
342 313
343 313
344 313
345 313
346 313
347 313
348 313
349 313
350 313
351 313
352 313
353 313
354 313
355 313
356 313
357 313
358 313
359 313
360 313
361 313
362 313
363 313
340 314
341 314
342 314
343 314
344 314
345 314
346 314
347 314
348 314
349 314
350 314
351 314
352 314
353 314
354 314
355 314
356 314
357 314
358 314
359 314
360 314
361 314
362 314
363 314
364 314
340 315
341 315
342 315
343 315
344 315
345 315
346 315
347 315
348 315
349 315
350 315
351 315
352 315
353 315
354 315
355 315
356 315
357 315
358 315
359 315
360 315
361 315
362 315
363 315
364 315
340 316
341 316
342 316
343 316
344 316
345 316
346 316
347 316
348 316
349 316
350 316
351 316
352 316
353 316
354 316
355 316
356 316
357 316
358 316
359 316
360 316
361 316
362 316
363 316
364 316
340 317
341 317
342 317
343 317
344 317
345 317
346 317
347 317
348 317
349 317
350 317
351 317
352 317
353 317
354 317
355 317
356 317
357 317
358 317
359 317
360 317
361 317
362 317
363 317
364 317
341 318
342 318
343 318
344 318
345 318
346 318
347 318
348 318
349 318
350 318
351 318
352 318
353 318
354 318
355 318
356 318
357 318
358 318
359 318
360 318
361 318
362 318
363 318
364 318
341 319
342 319
343 319
344 319
345 319
346 319
347 319
348 319
349 319
350 319
351 319
352 319
353 319
354 319
355 319
356 319
357 319
358 319
359 319
360 319
361 319
362 319
363 319
364 319
341 320
342 320
343 320
344 320
345 320
346 320
347 320
348 320
349 320
350 320
351 320
352 320
353 320
354 320
355 320
356 320
357 320
358 320
359 320
360 320
361 320
362 320
363 320
364 320
342 321
343 321
344 321
345 321
346 321
347 321
348 321
349 321
350 321
351 321
352 321
353 321
354 321
355 321
356 321
357 321
358 321
359 321
360 321
361 321
362 321
363 321
364 321
342 322
343 322
344 322
345 322
346 322
347 322
348 322
349 322
350 322
351 322
352 322
353 322
354 322
355 322
356 322
357 322
358 322
359 322
360 322
361 322
362 322
363 322
342 323
343 323
344 323
345 323
346 323
347 323
348 323
349 323
350 323
351 323
352 323
353 323
354 323
355 323
356 323
357 323
358 323
359 323
360 323
361 323
362 323
363 323
343 324
344 324
345 324
346 324
347 324
348 324
349 324
350 324
351 324
352 324
353 324
354 324
355 324
356 324
357 324
358 324
359 324
360 324
361 324
362 324
343 325
344 325
345 325
346 325
347 325
348 325
349 325
350 325
351 325
352 325
353 325
354 325
355 325
356 325
357 325
358 325
359 325
360 325
361 325
342 326
343 326
344 326
345 326
346 326
347 326
348 326
349 326
350 326
351 326
352 326
353 326
354 326
355 326
356 326
357 326
358 326
359 326
360 326
361 326
342 327
343 327
344 327
345 327
346 327
347 327
348 327
349 327
350 327
351 327
352 327
353 327
354 327
355 327
356 327
357 327
358 327
359 327
360 327
361 327
342 328
343 328
344 328
345 328
346 328
347 328
348 328
349 328
350 328
351 328
352 328
353 328
354 328
355 328
356 328
357 328
358 328
359 328
360 328
361 328
341 329
342 329
343 329
344 329
345 329
346 329
347 329
348 329
349 329
350 329
351 329
352 329
353 329
354 329
355 329
356 329
357 329
358 329
359 329
360 329
361 329
341 330
342 330
343 330
344 330
345 330
346 330
347 330
348 330
349 330
350 330
351 330
352 330
353 330
354 330
355 330
356 330
357 330
358 330
359 330
360 330
361 330
341 331
342 331
343 331
344 331
345 331
346 331
347 331
348 331
349 331
350 331
351 331
352 331
353 331
354 331
355 331
356 331
357 331
358 331
359 331
360 331
361 331
362 331
340 332
341 332
342 332
343 332
344 332
345 332
346 332
347 332
348 332
349 332
350 332
351 332
352 332
353 332
354 332
355 332
356 332
357 332
358 332
359 332
360 332
361 332
362 332
340 333
341 333
342 333
343 333
344 333
345 333
346 333
347 333
348 333
349 333
350 333
351 333
352 333
353 333
354 333
355 333
356 333
357 333
358 333
359 333
360 333
361 333
362 333
363 333
340 334
341 334
342 334
343 334
344 334
345 334
346 334
347 334
348 334
349 334
352 334
353 334
354 334
355 334
356 334
357 334
358 334
359 334
360 334
361 334
362 334
363 334
339 335
340 335
341 335
342 335
343 335
344 335
345 335
346 335
347 335
348 335
349 335
354 335
355 335
356 335
357 335
358 335
359 335
360 335
361 335
362 335
363 335
339 336
340 336
341 336
342 336
343 336
344 336
345 336
346 336
347 336
348 336
355 336
356 336
357 336
358 336
359 336
360 336
361 336
362 336
363 336
364 336
338 337
339 337
340 337
341 337
342 337
343 337
344 337
345 337
346 337
347 337
356 337
357 337
358 337
359 337
360 337
361 337
362 337
363 337
364 337
338 338
339 338
340 338
341 338
342 338
343 338
344 338
345 338
358 338
359 338
360 338
361 338
362 338
363 338
364 338
365 338
337 339
338 339
339 339
340 339
341 339
342 339
343 339
344 339
359 339
360 339
361 339
362 339
363 339
364 339
365 339
366 339
337 340
338 340
339 340
340 340
341 340
342 340
343 340
360 340
361 340
362 340
363 340
364 340
365 340
366 340
367 340
336 341
337 341
338 341
339 341
340 341
341 341
342 341
361 341
362 341
363 341
364 341
365 341
366 341
367 341
335 342
336 342
337 342
338 342
339 342
340 342
341 342
342 342
362 342
363 342
364 342
365 342
366 342
367 342
368 342
335 343
336 343
337 343
338 343
339 343
340 343
341 343
363 343
364 343
365 343
366 343
367 343
368 343
369 343
334 344
335 344
336 344
337 344
338 344
339 344
340 344
363 344
364 344
365 344
366 344
367 344
368 344
369 344
333 345
334 345
335 345
336 345
337 345
338 345
339 345
364 345
365 345
366 345
367 345
368 345
369 345
370 345
332 346
333 346
334 346
335 346
336 346
337 346
338 346
339 346
365 346
366 346
367 346
368 346
369 346
370 346
332 347
333 347
334 347
335 347
336 347
337 347
338 347
365 347
366 347
367 347
368 347
369 347
370 347
371 347
331 348
332 348
333 348
334 348
335 348
336 348
337 348
366 348
367 348
368 348
369 348
370 348
371 348
331 349
332 349
333 349
334 349
335 349
336 349
337 349
366 349
367 349
368 349
369 349
370 349
371 349
330 350
331 350
332 350
333 350
334 350
335 350
336 350
367 350
368 350
369 350
370 350
371 350
330 351
331 351
332 351
333 351
334 351
335 351
367 351
368 351
369 351
370 351
371 351
372 351
330 352
331 352
332 352
333 352
334 352
335 352
368 352
369 352
370 352
371 352
372 352
329 353
330 353
331 353
332 353
333 353
334 353
368 353
369 353
370 353
371 353
372 353
373 353
329 354
330 354
331 354
332 354
333 354
369 354
370 354
371 354
372 354
373 354
328 355
329 355
330 355
331 355
332 355
370 355
371 355
372 355
373 355
374 355
327 356
328 356
329 356
330 356
331 356
370 356
371 356
372 356
373 356
374 356
327 357
328 357
329 357
330 357
331 357
371 357
372 357
373 357
374 357
375 357
326 358
327 358
328 358
329 358
330 358
371 358
372 358
373 358
374 358
375 358
376 358
326 359
327 359
328 359
329 359
330 359
371 359
372 359
373 359
374 359
375 359
376 359
325 360
326 360
327 360
328 360
329 360
330 360
372 360
373 360
374 360
375 360
376 360
377 360
324 361
325 361
326 361
327 361
328 361
329 361
372 361
373 361
374 361
375 361
376 361
377 361
324 362
325 362
326 362
327 362
328 362
329 362
373 362
374 362
375 362
376 362
377 362
378 362
324 363
325 363
326 363
327 363
328 363
329 363
373 363
374 363
375 363
376 363
377 363
378 363
324 364
325 364
326 364
327 364
328 364
329 364
374 364
375 364
376 364
377 364
378 364
325 365
326 365
327 365
328 365
375 365
376 365
377 365

FRAME 62
383 60
384 60
385 60
386 60
383 61
384 61
385 61
386 61
383 62
384 62
385 62
386 62
387 62
383 63
384 63
385 63
386 63
387 63
383 64
384 64
385 64
386 64
387 64
383 65
384 65
385 65
386 65
387 65
388 65
382 66
383 66
384 66
385 66
386 66
387 66
388 66
389 66
390 66
391 66
392 66
393 66
394 66
395 66
396 66
397 66
398 66
382 67
383 67
384 67
385 67
386 67
387 67
388 67
389 67
390 67
391 67
392 67
393 67
394 67
395 67
396 67
397 67
398 67
399 67
382 68
383 68
384 68
385 68
386 68
387 68
388 68
389 68
390 68
391 68
392 68
393 68
394 68
395 68
396 68
397 68
398 68
399 68
400 68
382 69
383 69
384 69
385 69
386 69
387 69
388 69
389 69
390 69
391 69
392 69
393 69
394 69
395 69
396 69
397 69
398 69
399 69
400 69
382 70
383 70
384 70
385 70
386 70
387 70
388 70
389 70
390 70
391 70
392 70
393 70
382 71
383 71
384 71
385 71
386 71
387 71
388 71
389 71
390 71
391 71
392 71
393 71
382 72
383 72
384 72
385 72
386 72
387 72
388 72
389 72
390 72
391 72
392 72
393 72
382 73
383 73
384 73
385 73
386 73
387 73
388 73
389 73
390 73
391 73
392 73
393 73
394 73
382 74
383 74
384 74
385 74
386 74
387 74
388 74
389 74
390 74
391 74
392 74
393 74
394 74
382 75
383 75
384 75
385 75
386 75
387 75
388 75
389 75
390 75
391 75
392 75
393 75
394 75
382 76
383 76
384 76
385 76
386 76
387 76
388 76
389 76
390 76
391 76
392 76
393 76
394 76
383 77
384 77
385 77
386 77
387 77
388 77
389 77
390 77
391 77
392 77
393 77
394 77
383 78
384 78
385 78
386 78
387 78
388 78
389 78
390 78
391 78
392 78
393 78
394 78
383 79
384 79
385 79
386 79
387 79
388 79
389 79
390 79
391 79
392 79
393 79
394 79
395 79
383 80
384 80
385 80
386 80
387 80
388 80
389 80
390 80
391 80
392 80
393 80
394 80
395 80
383 81
384 81
385 81
386 81
387 81
388 81
389 81
390 81
391 81
392 81
393 81
394 81
395 81
396 81
383 82
384 82
385 82
386 82
387 82
388 82
389 82
390 82
391 82
392 82
393 82
394 82
395 82
396 82
383 83
384 83
385 83
386 83
387 83
388 83
389 83
390 83
391 83
392 83
393 83
394 83
395 83
396 83
383 84
384 84
385 84
386 84
387 84
388 84
389 84
390 84
391 84
392 84
393 84
394 84
395 84
396 84
397 84
383 85
384 85
385 85
386 85
387 85
388 85
389 85
390 85
391 85
392 85
393 85
394 85
395 85
396 85
397 85
382 86
383 86
384 86
385 86
386 86
387 86
388 86
389 86
392 86
393 86
394 86
395 86
396 86
397 86
382 87
383 87
384 87
385 87
386 87
387 87
393 87
394 87
395 87
396 87
397 87
398 87
382 88
383 88
384 88
385 88
386 88
394 88
395 88
396 88
397 88
398 88
381 89
382 89
383 89
384 89
385 89
395 89
396 89
397 89
398 89
399 89
381 90
382 90
383 90
384 90
385 90
396 90
397 90
398 90
399 90
381 91
382 91
383 91
384 91
385 91
396 91
397 91
398 91
399 91
381 92
382 92
383 92
384 92
397 92
398 92
399 92
381 93
382 93
383 93
384 93
397 93
398 93
399 93
380 94
381 94
382 94
383 94
397 94
398 94
399 94
380 95
381 95
382 95
383 95
398 95
399 95
400 95
380 96
381 96
382 96
383 96
398 96
399 96
400 96
380 97
381 97
382 97
383 97
398 97
399 97
400 97
401 97
380 98
381 98
382 98
383 98
398 98
399 98
400 98
401 98
380 99
381 99
382 99
383 99
399 99
400 99
401 99
380 100
381 100
382 100
399 100
400 100
401 100
402 100
380 101
381 101
382 101
400 101
401 101
380 102
381 102
382 102
379 103
380 103
381 103
382 103
378 104
379 104
380 104
381 104
382 104
377 105
378 105
379 105
380 105
381 105
382 105
377 106
378 106
379 106
380 106
381 106
382 106
377 107
378 107
379 107
380 107

FRAME 63
348 296
349 296
350 296
351 296
346 297
347 297
348 297
349 297
350 297
351 297
352 297
346 298
347 298
348 298
349 298
350 298
351 298
352 298
346 299
347 299
348 299
349 299
350 299
351 299
352 299
353 299
346 300
347 300
348 300
349 300
350 300
351 300
352 300
353 300
346 301
347 301
348 301
349 301
350 301
351 301
352 301
353 301
346 302
347 302
348 302
349 302
350 302
351 302
352 302
353 302
346 303
347 303
348 303
349 303
350 303
351 303
352 303
353 303
346 304
347 304
348 304
349 304
350 304
351 304
352 304
353 304
346 305
347 305
348 305
349 305
350 305
351 305
352 305
353 305
346 306
347 306
348 306
349 306
350 306
351 306
352 306
353 306
346 307
347 307
348 307
349 307
350 307
351 307
352 307
353 307
345 308
346 308
347 308
348 308
349 308
350 308
351 308
352 308
353 308
354 308
343 309
344 309
345 309
346 309
347 309
348 309
349 309
350 309
351 309
352 309
353 309
354 309
355 309
356 309
341 310
342 310
343 310
344 310
345 310
346 310
347 310
348 310
349 310
350 310
351 310
352 310
353 310
354 310
355 310
356 310
357 310
340 311
341 311
342 311
343 311
344 311
345 311
346 311
347 311
348 311
349 311
350 311
351 311
352 311
353 311
354 311
355 311
356 311
357 311
358 311
359 311
340 312
341 312
342 312
343 312
344 312
345 312
346 312
347 312
348 312
349 312
350 312
351 312
352 312
353 312
354 312
355 312
356 312
357 312
358 312
359 312
339 313
340 313
341 313
342 313
343 313
344 313
345 313
346 313
347 313
348 313
349 313
350 313
351 313
352 313
353 313
354 313
355 313
356 313
357 313
358 313
359 313
360 313
339 314
340 314
341 314
342 314
343 314
344 314
345 314
346 314
347 314
348 314
349 314
350 314
351 314
352 314
353 314
354 314
355 314
356 314
357 314
358 314
359 314
360 314
339 315
340 315
341 315
342 315
343 315
344 315
345 315
346 315
347 315
348 315
349 315
350 315
351 315
352 315
353 315
354 315
355 315
356 315
357 315
358 315
359 315
360 315
361 315
339 316
340 316
341 316
342 316
343 316
344 316
345 316
346 316
347 316
348 316
349 316
350 316
351 316
352 316
353 316
354 316
355 316
356 316
357 316
358 316
359 316
360 316
361 316
339 317
340 317
341 317
342 317
343 317
344 317
345 317
346 317
347 317
348 317
349 317
350 317
351 317
352 317
353 317
354 317
355 317
356 317
357 317
358 317
359 317
360 317
361 317
339 318
340 318
341 318
342 318
343 318
344 318
345 318
346 318
347 318
348 318
349 318
350 318
351 318
352 318
353 318
354 318
355 318
356 318
357 318
358 318
359 318
360 318
361 318
339 319
340 319
341 319
342 319
343 319
344 319
345 319
346 319
347 319
348 319
349 319
350 319
351 319
352 319
353 319
354 319
355 319
356 319
357 319
358 319
359 319
360 319
361 319
362 319
339 320
340 320
341 320
342 320
343 320
344 320
345 320
346 320
347 320
348 320
349 320
350 320
351 320
352 320
353 320
354 320
355 320
356 320
357 320
358 320
359 320
360 320
361 320
362 320
340 321
341 321
342 321
343 321
344 321
345 321
346 321
347 321
348 321
349 321
350 321
351 321
352 321
353 321
354 321
355 321
356 321
357 321
358 321
359 321
360 321
361 321
362 321
340 322
341 322
342 322
343 322
344 322
345 322
346 322
347 322
348 322
349 322
350 322
351 322
352 322
353 322
354 322
355 322
356 322
357 322
358 322
359 322
360 322
361 322
362 322
340 323
341 323
342 323
343 323
344 323
345 323
346 323
347 323
348 323
349 323
350 323
351 323
352 323
353 323
354 323
355 323
356 323
357 323
358 323
359 323
360 323
361 323
340 324
341 324
342 324
343 324
344 324
345 324
346 324
347 324
348 324
349 324
350 324
351 324
352 324
353 324
354 324
355 324
356 324
357 324
358 324
359 324
360 324
361 324
340 325
341 325
342 325
343 325
344 325
345 325
346 325
347 325
348 325
349 325
350 325
351 325
352 325
353 325
354 325
355 325
356 325
357 325
358 325
359 325
360 325
361 325
340 326
341 326
342 326
343 326
344 326
345 326
346 326
347 326
348 326
349 326
350 326
351 326
352 326
353 326
354 326
355 326
356 326
357 326
358 326
359 326
360 326
361 326
341 327
342 327
343 327
344 327
345 327
346 327
347 327
348 327
349 327
350 327
351 327
352 327
353 327
354 327
355 327
356 327
357 327
358 327
359 327
360 327
361 327
341 328
342 328
343 328
344 328
345 328
346 328
347 328
348 328
349 328
350 328
351 328
352 328
353 328
354 328
355 328
356 328
357 328
358 328
359 328
360 328
361 328
342 329
343 329
344 329
345 329
346 329
347 329
348 329
349 329
350 329
351 329
352 329
353 329
354 329
355 329
356 329
357 329
358 329
359 329
360 329
342 330
343 330
344 330
345 330
346 330
347 330
348 330
349 330
350 330
351 330
352 330
353 330
354 330
355 330
356 330
357 330
358 330
359 330
360 330
341 331
342 331
343 331
344 331
345 331
346 331
347 331
348 331
349 331
350 331
351 331
352 331
353 331
354 331
355 331
356 331
357 331
358 331
359 331
360 331
341 332
342 332
343 332
344 332
345 332
346 332
347 332
348 332
349 332
350 332
351 332
352 332
353 332
354 332
355 332
356 332
357 332
358 332
359 332
360 332
340 333
341 333
342 333
343 333
344 333
345 333
346 333
347 333
348 333
349 333
350 333
351 333
352 333
353 333
354 333
355 333
356 333
357 333
358 333
359 333
360 333
340 334
341 334
342 334
343 334
344 334
345 334
346 334
347 334
348 334
349 334
350 334
351 334
352 334
353 334
354 334
355 334
356 334
357 334
358 334
359 334
360 334
339 335
340 335
341 335
342 335
343 335
344 335
345 335
346 335
347 335
348 335
349 335
350 335
351 335
352 335
353 335
354 335
355 335
356 335
357 335
358 335
359 335
360 335
361 335
338 336
339 336
340 336
341 336
342 336
343 336
344 336
345 336
346 336
347 336
348 336
349 336
350 336
351 336
352 336
353 336
354 336
355 336
356 336
357 336
358 336
359 336
360 336
361 336
337 337
338 337
339 337
340 337
341 337
342 337
343 337
344 337
345 337
346 337
347 337
348 337
349 337
350 337
351 337
352 337
353 337
354 337
355 337
356 337
357 337
358 337
359 337
360 337
361 337
362 337
336 338
337 338
338 338
339 338
340 338
341 338
342 338
343 338
344 338
345 338
346 338
347 338
348 338
349 338
350 338
351 338
352 338
353 338
354 338
355 338
356 338
357 338
358 338
359 338
360 338
361 338
362 338
363 338
335 339
336 339
337 339
338 339
339 339
340 339
341 339
342 339
343 339
344 339
345 339
346 339
347 339
348 339
349 339
350 339
351 339
352 339
353 339
354 339
355 339
356 339
357 339
358 339
359 339
360 339
361 339
362 339
363 339
335 340
336 340
337 340
338 340
339 340
340 340
341 340
342 340
343 340
344 340
345 340
346 340
347 340
348 340
349 340
352 340
353 340
354 340
355 340
356 340
357 340
358 340
359 340
360 340
361 340
362 340
363 340
334 341
335 341
336 341
337 341
338 341
339 341
340 341
341 341
342 341
343 341
344 341
345 341
346 341
347 341
353 341
354 341
355 341
356 341
357 341
358 341
359 341
360 341
361 341
362 341
363 341
364 341
333 342
334 342
335 342
336 342
337 342
338 342
339 342
340 342
341 342
342 342
343 342
344 342
345 342
346 342
355 342
356 342
357 342
358 342
359 342
360 342
361 342
362 342
363 342
364 342
333 343
334 343
335 343
336 343
337 343
338 343
339 343
340 343
341 343
342 343
343 343
344 343
356 343
357 343
358 343
359 343
360 343
361 343
362 343
363 343
364 343
365 343
333 344
334 344
335 344
336 344
337 344
338 344
339 344
340 344
357 344
358 344
359 344
360 344
361 344
362 344
363 344
364 344
365 344
332 345
333 345
334 345
335 345
336 345
337 345
338 345
339 345
358 345
359 345
360 345
361 345
362 345
363 345
364 345
365 345
366 345
332 346
333 346
334 346
335 346
336 346
337 346
338 346
360 346
361 346
362 346
363 346
364 346
365 346
366 346
367 346
331 347
332 347
333 347
334 347
335 347
336 347
337 347
361 347
362 347
363 347
364 347
365 347
366 347
367 347
368 347
331 348
332 348
333 348
334 348
335 348
336 348
362 348
363 348
364 348
365 348
366 348
367 348
368 348
369 348
331 349
332 349
333 349
334 349
335 349
336 349
363 349
364 349
365 349
366 349
367 349
368 349
369 349
330 350
331 350
332 350
333 350
334 350
335 350
363 350
364 350
365 350
366 350
367 350
368 350
369 350
370 350
330 351
331 351
332 351
333 351
334 351
335 351
364 351
365 351
366 351
367 351
368 351
369 351
370 351
371 351
330 352
331 352
332 352
333 352
334 352
335 352
365 352
366 352
367 352
368 352
369 352
370 352
371 352
330 353
331 353
332 353
333 353
334 353
335 353
366 353
367 353
368 353
369 353
370 353
371 353
329 354
330 354
331 354
332 354
333 354
334 354
366 354
367 354
368 354
369 354
370 354
371 354
372 354
329 355
330 355
331 355
332 355
333 355
334 355
367 355
368 355
369 355
370 355
371 355
372 355
329 356
330 356
331 356
332 356
333 356
367 356
368 356
369 356
370 356
371 356
372 356
328 357
329 357
330 357
331 357
332 357
368 357
369 357
370 357
371 357
372 357
373 357
328 358
329 358
330 358
331 358
332 358
368 358
369 358
370 358
371 358
372 358
373 358
328 359
329 359
330 359
331 359
332 359
369 359
370 359
371 359
372 359
373 359
374 359
327 360
328 360
329 360
330 360
331 360
370 360
371 360
372 360
373 360
374 360
325 361
326 361
327 361
328 361
329 361
330 361
331 361
370 361
371 361
372 361
373 361
374 361
375 361
324 362
325 362
326 362
327 362
328 362
329 362
330 362
331 362
371 362
372 362
373 362
374 362
375 362
376 362
323 363
324 363
325 363
326 363
327 363
328 363
329 363
330 363
331 363
371 363
372 363
373 363
374 363
375 363
376 363
377 363
324 364
325 364
326 364
327 364
328 364
329 364
330 364
331 364
372 364
373 364
374 364
375 364
376 364
377 364
378 364
324 365
325 365
326 365
327 365
328 365
329 365
330 365
372 365
373 365
374 365
375 365
376 365
377 365
378 365
379 365
325 366
326 366
327 366
328 366
329 366
330 366
373 366
374 366
375 366
376 366
377 366
378 366
379 366
327 367
328 367
329 367
373 367
374 367
375 367
376 367
377 367
378 367
379 367
374 368
375 368
376 368
377 368
378 368
375 369
376 369
377 369
378 369

FRAME 64
347 297
348 297
349 297
345 298
346 298
347 298
348 298
349 298
350 298
351 298
345 299
346 299
347 299
348 299
349 299
350 299
351 299
345 300
346 300
347 300
348 300
349 300
350 300
351 300
345 301
346 301
347 301
348 301
349 301
350 301
351 301
345 302
346 302
347 302
348 302
349 302
350 302
351 302
352 302
345 303
346 303
347 303
348 303
349 303
350 303
351 303
352 303
345 304
346 304
347 304
348 304
349 304
350 304
351 304
352 304
345 305
346 305
347 305
348 305
349 305
350 305
351 305
345 306
346 306
347 306
348 306
349 306
350 306
351 306
346 307
347 307
348 307
349 307
350 307
351 307
345 308
346 308
347 308
348 308
349 308
350 308
351 308
352 308
344 309
345 309
346 309
347 309
348 309
349 309
350 309
351 309
352 309
353 309
342 310
343 310
344 310
345 310
346 310
347 310
348 310
349 310
350 310
351 310
352 310
353 310
354 310
341 311
342 311
343 311
344 311
345 311
346 311
347 311
348 311
349 311
350 311
351 311
352 311
353 311
354 311
355 311
356 311
340 312
341 312
342 312
343 312
344 312
345 312
346 312
347 312
348 312
349 312
350 312
351 312
352 312
353 312
354 312
355 312
356 312
357 312
339 313
340 313
341 313
342 313
343 313
344 313
345 313
346 313
347 313
348 313
349 313
350 313
351 313
352 313
353 313
354 313
355 313
356 313
357 313
358 313
339 314
340 314
341 314
342 314
343 314
344 314
345 314
346 314
347 314
348 314
349 314
350 314
351 314
352 314
353 314
354 314
355 314
356 314
357 314
358 314
359 314
339 315
340 315
341 315
342 315
343 315
344 315
345 315
346 315
347 315
348 315
349 315
350 315
351 315
352 315
353 315
354 315
355 315
356 315
357 315
358 315
359 315
339 316
340 316
341 316
342 316
343 316
344 316
345 316
346 316
347 316
348 316
349 316
350 316
351 316
352 316
353 316
354 316
355 316
356 316
357 316
358 316
359 316
339 317
340 317
341 317
342 317
343 317
344 317
345 317
346 317
347 317
348 317
349 317
350 317
351 317
352 317
353 317
354 317
355 317
356 317
357 317
358 317
359 317
360 317
338 318
339 318
340 318
341 318
342 318
343 318
344 318
345 318
346 318
347 318
348 318
349 318
350 318
351 318
352 318
353 318
354 318
355 318
356 318
357 318
358 318
359 318
360 318
338 319
339 319
340 319
341 319
342 319
343 319
344 319
345 319
346 319
347 319
348 319
349 319
350 319
351 319
352 319
353 319
354 319
355 319
356 319
357 319
358 319
359 319
360 319
339 320
340 320
341 320
342 320
343 320
344 320
345 320
346 320
347 320
348 320
349 320
350 320
351 320
352 320
353 320
354 320
355 320
356 320
357 320
358 320
359 320
360 320
339 321
340 321
341 321
342 321
343 321
344 321
345 321
346 321
347 321
348 321
349 321
350 321
351 321
352 321
353 321
354 321
355 321
356 321
357 321
358 321
359 321
360 321
361 321
339 322
340 322
341 322
342 322
343 322
344 322
345 322
346 322
347 322
348 322
349 322
350 322
351 322
352 322
353 322
354 322
355 322
356 322
357 322
358 322
359 322
360 322
361 322
339 323
340 323
341 323
342 323
343 323
344 323
345 323
346 323
347 323
348 323
349 323
350 323
351 323
352 323
353 323
354 323
355 323
356 323
357 323
358 323
359 323
360 323
339 324
340 324
341 324
342 324
343 324
344 324
345 324
346 324
347 324
348 324
349 324
350 324
351 324
352 324
353 324
354 324
355 324
356 324
357 324
358 324
359 324
360 324
338 325
339 325
340 325
341 325
342 325
343 325
344 325
345 325
346 325
347 325
348 325
349 325
350 325
351 325
352 325
353 325
354 325
355 325
356 325
357 325
358 325
359 325
360 325
361 325
338 326
339 326
340 326
341 326
342 326
343 326
344 326
345 326
346 326
347 326
348 326
349 326
350 326
351 326
352 326
353 326
354 326
355 326
356 326
357 326
358 326
359 326
360 326
339 327
340 327
341 327
342 327
343 327
344 327
345 327
346 327
347 327
348 327
349 327
350 327
351 327
352 327
353 327
354 327
355 327
356 327
357 327
358 327
359 327
360 327
339 328
340 328
341 328
342 328
343 328
344 328
345 328
346 328
347 328
348 328
349 328
350 328
351 328
352 328
353 328
354 328
355 328
356 328
357 328
358 328
359 328
360 328
340 329
341 329
342 329
343 329
344 329
345 329
346 329
347 329
348 329
349 329
350 329
351 329
352 329
353 329
354 329
355 329
356 329
357 329
358 329
359 329
341 330
342 330
343 330
344 330
345 330
346 330
347 330
348 330
349 330
350 330
351 330
352 330
353 330
354 330
355 330
356 330
357 330
358 330
359 330
341 331
342 331
343 331
344 331
345 331
346 331
347 331
348 331
349 331
350 331
351 331
352 331
353 331
354 331
355 331
356 331
357 331
358 331
359 331
340 332
341 332
342 332
343 332
344 332
345 332
346 332
347 332
348 332
349 332
350 332
351 332
352 332
353 332
354 332
355 332
356 332
357 332
358 332
359 332
340 333
341 333
342 333
343 333
344 333
345 333
346 333
347 333
348 333
349 333
350 333
351 333
352 333
353 333
354 333
355 333
356 333
357 333
358 333
359 333
340 334
341 334
342 334
343 334
344 334
345 334
346 334
347 334
348 334
349 334
350 334
351 334
352 334
353 334
354 334
355 334
356 334
357 334
358 334
359 334
339 335
340 335
341 335
342 335
343 335
344 335
345 335
346 335
347 335
348 335
349 335
350 335
351 335
352 335
353 335
354 335
355 335
356 335
357 335
358 335
359 335
360 335
338 336
339 336
340 336
341 336
342 336
343 336
344 336
345 336
346 336
347 336
348 336
349 336
350 336
351 336
352 336
353 336
354 336
355 336
356 336
357 336
358 336
359 336
360 336
361 336
337 337
338 337
339 337
340 337
341 337
342 337
343 337
344 337
345 337
346 337
347 337
348 337
349 337
350 337
351 337
352 337
353 337
354 337
355 337
356 337
357 337
358 337
359 337
360 337
361 337
336 338
337 338
338 338
339 338
340 338
341 338
342 338
343 338
344 338
345 338
346 338
347 338
348 338
349 338
350 338
351 338
352 338
353 338
354 338
355 338
356 338
357 338
358 338
359 338
360 338
361 338
362 338
335 339
336 339
337 339
338 339
339 339
340 339
341 339
342 339
343 339
344 339
345 339
346 339
347 339
348 339
349 339
350 339
351 339
352 339
353 339
354 339
355 339
356 339
357 339
358 339
359 339
360 339
361 339
362 339
334 340
335 340
336 340
337 340
338 340
339 340
340 340
341 340
342 340
343 340
344 340
345 340
346 340
347 340
348 340
349 340
350 340
351 340
352 340
353 340
354 340
355 340
356 340
357 340
358 340
359 340
360 340
361 340
362 340
363 340
333 341
334 341
335 341
336 341
337 341
338 341
339 341
340 341
341 341
342 341
343 341
344 341
345 341
346 341
347 341
348 341
353 341
354 341
355 341
356 341
357 341
358 341
359 341
360 341
361 341
362 341
363 341
333 342
334 342
335 342
336 342
337 342
338 342
339 342
340 342
341 342
342 342
343 342
344 342
345 342
346 342
354 342
355 342
356 342
357 342
358 342
359 342
360 342
361 342
362 342
363 342
364 342
332 343
333 343
334 343
335 343
336 343
337 343
338 343
339 343
340 343
341 343
342 343
343 343
344 343
345 343
355 343
356 343
357 343
358 343
359 343
360 343
361 343
362 343
363 343
364 343
332 344
333 344
334 344
335 344
336 344
337 344
338 344
339 344
340 344
341 344
356 344
357 344
358 344
359 344
360 344
361 344
362 344
363 344
364 344
365 344
332 345
333 345
334 345
335 345
336 345
337 345
338 345
358 345
359 345
360 345
361 345
362 345
363 345
364 345
365 345
366 345
332 346
333 346
334 346
335 346
336 346
337 346
360 346
361 346
362 346
363 346
364 346
365 346
366 346
367 346
331 347
332 347
333 347
334 347
335 347
336 347
361 347
362 347
363 347
364 347
365 347
366 347
367 347
368 347
331 348
332 348
333 348
334 348
335 348
336 348
362 348
363 348
364 348
365 348
366 348
367 348
368 348
369 348
331 349
332 349
333 349
334 349
335 349
336 349
363 349
364 349
365 349
366 349
367 349
368 349
369 349
330 350
331 350
332 350
333 350
334 350
335 350
363 350
364 350
365 350
366 350
367 350
368 350
369 350
370 350
330 351
331 351
332 351
333 351
334 351
335 351
364 351
365 351
366 351
367 351
368 351
369 351
370 351
330 352
331 352
332 352
333 352
334 352
335 352
365 352
366 352
367 352
368 352
369 352
370 352
371 352
330 353
331 353
332 353
333 353
334 353
335 353
366 353
367 353
368 353
369 353
370 353
371 353
330 354
331 354
332 354
333 354
334 354
366 354
367 354
368 354
369 354
370 354
371 354
372 354
330 355
331 355
332 355
333 355
334 355
367 355
368 355
369 355
370 355
371 355
372 355
329 356
330 356
331 356
332 356
333 356
334 356
367 356
368 356
369 356
370 356
371 356
372 356
329 357
330 357
331 357
332 357
333 357
368 357
369 357
370 357
371 357
372 357
329 358
330 358
331 358
332 358
333 358
368 358
369 358
370 358
371 358
372 358
373 358
328 359
329 359
330 359
331 359
332 359
369 359
370 359
371 359
372 359
373 359
374 359
327 360
328 360
329 360
330 360
331 360
332 360
370 360
371 360
372 360
373 360
374 360
325 361
326 361
327 361
328 361
329 361
330 361
331 361
332 361
370 361
371 361
372 361
373 361
374 361
375 361
324 362
325 362
326 362
327 362
328 362
329 362
330 362
331 362
332 362
371 362
372 362
373 362
374 362
375 362
376 362
323 363
324 363
325 363
326 363
327 363
328 363
329 363
330 363
331 363
371 363
372 363
373 363
374 363
375 363
376 363
377 363
324 364
325 364
326 364
327 364
328 364
329 364
330 364
331 364
372 364
373 364
374 364
375 364
376 364
377 364
378 364
324 365
325 365
326 365
327 365
328 365
329 365
330 365
331 365
372 365
373 365
374 365
375 365
376 365
377 365
378 365
379 365
325 366
326 366
327 366
328 366
329 366
330 366
331 366
373 366
374 366
375 366
376 366
377 366
378 366
379 366
327 367
328 367
329 367
330 367
373 367
374 367
375 367
376 367
377 367
378 367
379 367
374 368
375 368
376 368
377 368
378 368
375 369
376 369
377 369

FRAME 65
343 298
344 298
345 298
346 298
342 299
343 299
344 299
345 299
346 299
347 299
342 300
343 300
344 300
345 300
346 300
347 300
348 300
341 301
342 301
343 301
344 301
345 301
346 301
347 301
348 301
341 302
342 302
343 302
344 302
345 302
346 302
347 302
348 302
341 303
342 303
343 303
344 303
345 303
346 303
347 303
348 303
342 304
343 304
344 304
345 304
346 304
347 304
348 304
342 305
343 305
344 305
345 305
346 305
347 305
348 305
342 306
343 306
344 306
345 306
346 306
347 306
348 306
342 307
343 307
344 307
345 307
346 307
347 307
348 307
342 308
343 308
344 308
345 308
346 308
347 308
348 308
341 309
342 309
343 309
344 309
345 309
346 309
347 309
348 309
349 309
340 310
341 310
342 310
343 310
344 310
345 310
346 310
347 310
348 310
349 310
350 310
351 310
338 311
339 311
340 311
341 311
342 311
343 311
344 311
345 311
346 311
347 311
348 311
349 311
350 311
351 311
352 311
353 311
337 312
338 312
339 312
340 312
341 312
342 312
343 312
344 312
345 312
346 312
347 312
348 312
349 312
350 312
351 312
352 312
353 312
354 312
336 313
337 313
338 313
339 313
340 313
341 313
342 313
343 313
344 313
345 313
346 313
347 313
348 313
349 313
350 313
351 313
352 313
353 313
354 313
355 313
336 314
337 314
338 314
339 314
340 314
341 314
342 314
343 314
344 314
345 314
346 314
347 314
348 314
349 314
350 314
351 314
352 314
353 314
354 314
355 314
336 315
337 315
338 315
339 315
340 315
341 315
342 315
343 315
344 315
345 315
346 315
347 315
348 315
349 315
350 315
351 315
352 315
353 315
354 315
355 315
356 315
336 316
337 316
338 316
339 316
340 316
341 316
342 316
343 316
344 316
345 316
346 316
347 316
348 316
349 316
350 316
351 316
352 316
353 316
354 316
355 316
356 316
336 317
337 317
338 317
339 317
340 317
341 317
342 317
343 317
344 317
345 317
346 317
347 317
348 317
349 317
350 317
351 317
352 317
353 317
354 317
355 317
356 317
357 317
336 318
337 318
338 318
339 318
340 318
341 318
342 318
343 318
344 318
345 318
346 318
347 318
348 318
349 318
350 318
351 318
352 318
353 318
354 318
355 318
356 318
357 318
336 319
337 319
338 319
339 319
340 319
341 319
342 319
343 319
344 319
345 319
346 319
347 319
348 319
349 319
350 319
351 319
352 319
353 319
354 319
355 319
356 319
357 319
336 320
337 320
338 320
339 320
340 320
341 320
342 320
343 320
344 320
345 320
346 320
347 320
348 320
349 320
350 320
351 320
352 320
353 320
354 320
355 320
356 320
357 320
336 321
337 321
338 321
339 321
340 321
341 321
342 321
343 321
344 321
345 321
346 321
347 321
348 321
349 321
350 321
351 321
352 321
353 321
354 321
355 321
356 321
357 321
336 322
337 322
338 322
339 322
340 322
341 322
342 322
343 322
344 322
345 322
346 322
347 322
348 322
349 322
350 322
351 322
352 322
353 322
354 322
355 322
356 322
357 322
358 322
335 323
336 323
337 323
338 323
339 323
340 323
341 323
342 323
343 323
344 323
345 323
346 323
347 323
348 323
349 323
350 323
351 323
352 323
353 323
354 323
355 323
356 323
357 323
358 323
335 324
336 324
337 324
338 324
339 324
340 324
341 324
342 324
343 324
344 324
345 324
346 324
347 324
348 324
349 324
350 324
351 324
352 324
353 324
354 324
355 324
356 324
357 324
358 324
335 325
336 325
337 325
338 325
339 325
340 325
341 325
342 325
343 325
344 325
345 325
346 325
347 325
348 325
349 325
350 325
351 325
352 325
353 325
354 325
355 325
356 325
357 325
358 325
335 326
336 326
337 326
338 326
339 326
340 326
341 326
342 326
343 326
344 326
345 326
346 326
347 326
348 326
349 326
350 326
351 326
352 326
353 326
354 326
355 326
356 326
357 326
335 327
336 327
337 327
338 327
339 327
340 327
341 327
342 327
343 327
344 327
345 327
346 327
347 327
348 327
349 327
350 327
351 327
352 327
353 327
354 327
355 327
356 327
357 327
334 328
335 328
336 328
337 328
338 328
339 328
340 328
341 328
342 328
343 328
344 328
345 328
346 328
347 328
348 328
349 328
350 328
351 328
352 328
353 328
354 328
355 328
356 328
357 328
335 329
336 329
337 329
338 329
339 329
340 329
341 329
342 329
343 329
344 329
345 329
346 329
347 329
348 329
349 329
350 329
351 329
352 329
353 329
354 329
355 329
356 329
357 329
336 330
337 330
338 330
339 330
340 330
341 330
342 330
343 330
344 330
345 330
346 330
347 330
348 330
349 330
350 330
351 330
352 330
353 330
354 330
355 330
356 330
337 331
338 331
339 331
340 331
341 331
342 331
343 331
344 331
345 331
346 331
347 331
348 331
349 331
350 331
351 331
352 331
353 331
354 331
355 331
356 331
337 332
338 332
339 332
340 332
341 332
342 332
343 332
344 332
345 332
346 332
347 332
348 332
349 332
350 332
351 332
352 332
353 332
354 332
355 332
356 332
357 332
337 333
338 333
339 333
340 333
341 333
342 333
343 333
344 333
345 333
346 333
347 333
348 333
349 333
350 333
351 333
352 333
353 333
354 333
355 333
356 333
357 333
337 334
338 334
339 334
340 334
341 334
342 334
343 334
344 334
345 334
346 334
347 334
348 334
349 334
350 334
351 334
352 334
353 334
354 334
355 334
356 334
357 334
358 334
337 335
338 335
339 335
340 335
341 335
342 335
343 335
344 335
345 335
346 335
347 335
348 335
349 335
350 335
351 335
352 335
353 335
354 335
355 335
356 335
357 335
358 335
336 336
337 336
338 336
339 336
340 336
341 336
342 336
343 336
344 336
345 336
346 336
347 336
348 336
349 336
350 336
351 336
352 336
353 336
354 336
355 336
356 336
357 336
358 336
359 336
335 337
336 337
337 337
338 337
339 337
340 337
341 337
342 337
343 337
344 337
345 337
346 337
347 337
348 337
349 337
350 337
351 337
352 337
353 337
354 337
355 337
356 337
357 337
358 337
359 337
333 338
334 338
335 338
336 338
337 338
338 338
339 338
340 338
341 338
342 338
343 338
344 338
345 338
346 338
347 338
348 338
349 338
350 338
351 338
352 338
353 338
354 338
355 338
356 338
357 338
358 338
359 338
360 338
332 339
333 339
334 339
335 339
336 339
337 339
338 339
339 339
340 339
341 339
342 339
343 339
344 339
345 339
346 339
347 339
348 339
349 339
350 339
351 339
352 339
353 339
354 339
355 339
356 339
357 339
358 339
359 339
360 339
361 339
332 340
333 340
334 340
335 340
336 340
337 340
338 340
339 340
340 340
341 340
342 340
343 340
344 340
345 340
346 340
347 340
348 340
349 340
350 340
351 340
352 340
353 340
354 340
355 340
356 340
357 340
358 340
359 340
360 340
361 340
331 341
332 341
333 341
334 341
335 341
336 341
337 341
338 341
339 341
340 341
341 341
342 341
343 341
344 341
345 341
346 341
347 341
350 341
351 341
352 341
353 341
354 341
355 341
356 341
357 341
358 341
359 341
360 341
361 341
362 341
331 342
332 342
333 342
334 342
335 342
336 342
337 342
338 342
339 342
340 342
341 342
342 342
343 342
344 342
345 342
346 342
352 342
353 342
354 342
355 342
356 342
357 342
358 342
359 342
360 342
361 342
362 342
330 343
331 343
332 343
333 343
334 343
335 343
336 343
337 343
338 343
339 343
340 343
341 343
342 343
343 343
344 343
354 343
355 343
356 343
357 343
358 343
359 343
360 343
361 343
362 343
363 343
330 344
331 344
332 344
333 344
334 344
335 344
336 344
337 344
338 344
339 344
340 344
341 344
342 344
343 344
355 344
356 344
357 344
358 344
359 344
360 344
361 344
362 344
363 344
364 344
330 345
331 345
332 345
333 345
334 345
335 345
336 345
357 345
358 345
359 345
360 345
361 345
362 345
363 345
364 345
365 345
330 346
331 346
332 346
333 346
334 346
335 346
358 346
359 346
360 346
361 346
362 346
363 346
364 346
365 346
330 347
331 347
332 347
333 347
334 347
359 347
360 347
361 347
362 347
363 347
364 347
365 347
366 347
329 348
330 348
331 348
332 348
333 348
334 348
360 348
361 348
362 348
363 348
364 348
365 348
366 348
367 348
329 349
330 349
331 349
332 349
333 349
334 349
361 349
362 349
363 349
364 349
365 349
366 349
367 349
368 349
329 350
330 350
331 350
332 350
333 350
334 350
362 350
363 350
364 350
365 350
366 350
367 350
368 350
369 350
329 351
330 351
331 351
332 351
333 351
334 351
363 351
364 351
365 351
366 351
367 351
368 351
369 351
370 351
329 352
330 352
331 352
332 352
333 352
334 352
364 352
365 352
366 352
367 352
368 352
369 352
370 352
329 353
330 353
331 353
332 353
333 353
365 353
366 353
367 353
368 353
369 353
370 353
329 354
330 354
331 354
332 354
333 354
365 354
366 354
367 354
368 354
369 354
370 354
371 354
329 355
330 355
331 355
332 355
333 355
366 355
367 355
368 355
369 355
370 355
371 355
329 356
330 356
331 356
332 356
333 356
367 356
368 356
369 356
370 356
371 356
372 356
329 357
330 357
331 357
332 357
367 357
368 357
369 357
370 357
371 357
372 357
328 358
329 358
330 358
331 358
332 358
368 358
369 358
370 358
371 358
372 358
373 358
328 359
329 359
330 359
331 359
332 359
369 359
370 359
371 359
372 359
373 359
324 360
325 360
326 360
327 360
328 360
329 360
330 360
331 360
332 360
370 360
371 360
372 360
373 360
374 360
321 361
322 361
323 361
324 361
325 361
326 361
327 361
328 361
329 361
330 361
331 361
332 361
370 361
371 361
372 361
373 361
374 361
375 361
321 362
322 362
323 362
324 362
325 362
326 362
327 362
328 362
329 362
330 362
331 362
332 362
371 362
372 362
373 362
374 362
375 362
376 362
321 363
322 363
323 363
324 363
325 363
326 363
327 363
328 363
329 363
330 363
331 363
332 363
371 363
372 363
373 363
374 363
375 363
376 363
377 363
322 364
323 364
324 364
325 364
326 364
327 364
328 364
329 364
330 364
331 364
372 364
373 364
374 364
375 364
376 364
377 364
378 364
323 365
324 365
325 365
326 365
327 365
328 365
329 365
330 365
331 365
372 365
373 365
374 365
375 365
376 365
377 365
378 365
379 365
324 366
325 366
326 366
327 366
328 366
329 366
330 366
331 366
372 366
373 366
374 366
375 366
376 366
377 366
378 366
379 366
326 367
327 367
328 367
329 367
330 367
373 367
374 367
375 367
376 367
377 367
378 367
379 367
374 368
375 368
376 368
377 368
378 368
375 369
376 369
377 369

FRAME 66
338 298
339 298
340 298
341 298
342 298
337 299
338 299
339 299
340 299
341 299
342 299
343 299
337 300
338 300
339 300
340 300
341 300
342 300
343 300
337 301
338 301
339 301
340 301
341 301
342 301
343 301
344 301
337 302
338 302
339 302
340 302
341 302
342 302
343 302
344 302
337 303
338 303
339 303
340 303
341 303
342 303
343 303
344 303
337 304
338 304
339 304
340 304
341 304
342 304
343 304
344 304
337 305
338 305
339 305
340 305
341 305
342 305
343 305
338 306
339 306
340 306
341 306
342 306
343 306
338 307
339 307
340 307
341 307
342 307
343 307
338 308
339 308
340 308
341 308
342 308
343 308
344 308
337 309
338 309
339 309
340 309
341 309
342 309
343 309
344 309
345 309
336 310
337 310
338 310
339 310
340 310
341 310
342 310
343 310
344 310
345 310
346 310
335 311
336 311
337 311
338 311
339 311
340 311
341 311
342 311
343 311
344 311
345 311
346 311
347 311
348 311
349 311
333 312
334 312
335 312
336 312
337 312
338 312
339 312
340 312
341 312
342 312
343 312
344 312
345 312
346 312
347 312
348 312
349 312
350 312
333 313
334 313
335 313
336 313
337 313
338 313
339 313
340 313
341 313
342 313
343 313
344 313
345 313
346 313
347 313
348 313
349 313
350 313
351 313
332 314
333 314
334 314
335 314
336 314
337 314
338 314
339 314
340 314
341 314
342 314
343 314
344 314
345 314
346 314
347 314
348 314
349 314
350 314
351 314
332 315
333 315
334 315
335 315
336 315
337 315
338 315
339 315
340 315
341 315
342 315
343 315
344 315
345 315
346 315
347 315
348 315
349 315
350 315
351 315
352 315
332 316
333 316
334 316
335 316
336 316
337 316
338 316
339 316
340 316
341 316
342 316
343 316
344 316
345 316
346 316
347 316
348 316
349 316
350 316
351 316
352 316
332 317
333 317
334 317
335 317
336 317
337 317
338 317
339 317
340 317
341 317
342 317
343 317
344 317
345 317
346 317
347 317
348 317
349 317
350 317
351 317
352 317
331 318
332 318
333 318
334 318
335 318
336 318
337 318
338 318
339 318
340 318
341 318
342 318
343 318
344 318
345 318
346 318
347 318
348 318
349 318
350 318
351 318
352 318
332 319
333 319
334 319
335 319
336 319
337 319
338 319
339 319
340 319
341 319
342 319
343 319
344 319
345 319
346 319
347 319
348 319
349 319
350 319
351 319
352 319
332 320
333 320
334 320
335 320
336 320
337 320
338 320
339 320
340 320
341 320
342 320
343 320
344 320
345 320
346 320
347 320
348 320
349 320
350 320
351 320
352 320
353 320
332 321
333 321
334 321
335 321
336 321
337 321
338 321
339 321
340 321
341 321
342 321
343 321
344 321
345 321
346 321
347 321
348 321
349 321
350 321
351 321
352 321
353 321
332 322
333 322
334 322
335 322
336 322
337 322
338 322
339 322
340 322
341 322
342 322
343 322
344 322
345 322
346 322
347 322
348 322
349 322
350 322
351 322
352 322
353 322
331 323
332 323
333 323
334 323
335 323
336 323
337 323
338 323
339 323
340 323
341 323
342 323
343 323
344 323
345 323
346 323
347 323
348 323
349 323
350 323
351 323
352 323
331 324
332 324
333 324
334 324
335 324
336 324
337 324
338 324
339 324
340 324
341 324
342 324
343 324
344 324
345 324
346 324
347 324
348 324
349 324
350 324
351 324
352 324
327 325
328 325
329 325
330 325
331 325
332 325
333 325
334 325
335 325
336 325
337 325
338 325
339 325
340 325
341 325
342 325
343 325
344 325
345 325
346 325
347 325
348 325
349 325
350 325
351 325
352 325
324 326
325 326
326 326
327 326
328 326
329 326
330 326
331 326
332 326
333 326
334 326
335 326
336 326
337 326
338 326
339 326
340 326
341 326
342 326
343 326
344 326
345 326
346 326
347 326
348 326
349 326
350 326
351 326
352 326
323 327
324 327
325 327
326 327
327 327
328 327
329 327
330 327
331 327
332 327
333 327
334 327
335 327
336 327
337 327
338 327
339 327
340 327
341 327
342 327
343 327
344 327
345 327
346 327
347 327
348 327
349 327
350 327
351 327
352 327
323 328
324 328
325 328
326 328
327 328
328 328
329 328
330 328
331 328
332 328
333 328
334 328
335 328
336 328
337 328
338 328
339 328
340 328
341 328
342 328
343 328
344 328
345 328
346 328
347 328
348 328
349 328
350 328
351 328
352 328
328 329
329 329
330 329
331 329
332 329
333 329
334 329
335 329
336 329
337 329
338 329
339 329
340 329
341 329
342 329
343 329
344 329
345 329
346 329
347 329
348 329
349 329
350 329
351 329
352 329
332 330
333 330
334 330
335 330
336 330
337 330
338 330
339 330
340 330
341 330
342 330
343 330
344 330
345 330
346 330
347 330
348 330
349 330
350 330
351 330
352 330
353 330
333 331
334 331
335 331
336 331
337 331
338 331
339 331
340 331
341 331
342 331
343 331
344 331
345 331
346 331
347 331
348 331
349 331
350 331
351 331
352 331
353 331
334 332
335 332
336 332
337 332
338 332
339 332
340 332
341 332
342 332
343 332
344 332
345 332
346 332
347 332
348 332
349 332
350 332
351 332
352 332
353 332
334 333
335 333
336 333
337 333
338 333
339 333
340 333
341 333
342 333
343 333
344 333
345 333
346 333
347 333
348 333
349 333
350 333
351 333
352 333
353 333
354 333
334 334
335 334
336 334
337 334
338 334
339 334
340 334
341 334
342 334
343 334
344 334
345 334
346 334
347 334
348 334
349 334
350 334
351 334
352 334
353 334
354 334
355 334
334 335
335 335
336 335
337 335
338 335
339 335
340 335
341 335
342 335
343 335
344 335
345 335
346 335
347 335
348 335
349 335
350 335
351 335
352 335
353 335
354 335
355 335
333 336
334 336
335 336
336 336
337 336
338 336
339 336
340 336
341 336
342 336
343 336
344 336
345 336
346 336
347 336
348 336
349 336
350 336
351 336
352 336
353 336
354 336
355 336
356 336
332 337
333 337
334 337
335 337
336 337
337 337
338 337
339 337
340 337
341 337
342 337
343 337
344 337
345 337
346 337
347 337
348 337
349 337
350 337
351 337
352 337
353 337
354 337
355 337
356 337
357 337
330 338
331 338
332 338
333 338
334 338
335 338
336 338
337 338
338 338
339 338
340 338
341 338
342 338
343 338
344 338
345 338
346 338
347 338
348 338
349 338
350 338
351 338
352 338
353 338
354 338
355 338
356 338
357 338
328 339
329 339
330 339
331 339
332 339
333 339
334 339
335 339
336 339
337 339
338 339
339 339
340 339
341 339
342 339
343 339
344 339
345 339
346 339
347 339
348 339
349 339
350 339
351 339
352 339
353 339
354 339
355 339
356 339
357 339
358 339
328 340
329 340
330 340
331 340
332 340
333 340
334 340
335 340
336 340
337 340
338 340
339 340
340 340
341 340
342 340
343 340
344 340
345 340
346 340
347 340
348 340
349 340
350 340
351 340
352 340
353 340
354 340
355 340
356 340
357 340
358 340
327 341
328 341
329 341
330 341
331 341
332 341
333 341
334 341
335 341
336 341
337 341
338 341
339 341
340 341
341 341
342 341
343 341
344 341
345 341
346 341
347 341
348 341
349 341
350 341
351 341
352 341
353 341
354 341
355 341
356 341
357 341
358 341
359 341
327 342
328 342
329 342
330 342
331 342
332 342
333 342
334 342
335 342
336 342
337 342
338 342
339 342
340 342
341 342
342 342
343 342
350 342
351 342
352 342
353 342
354 342
355 342
356 342
357 342
358 342
359 342
360 342
327 343
328 343
329 343
330 343
331 343
332 343
333 343
334 343
335 343
336 343
337 343
338 343
339 343
340 343
341 343
342 343
351 343
352 343
353 343
354 343
355 343
356 343
357 343
358 343
359 343
360 343
327 344
328 344
329 344
330 344
331 344
332 344
333 344
334 344
335 344
336 344
337 344
338 344
339 344
340 344
341 344
352 344
353 344
354 344
355 344
356 344
357 344
358 344
359 344
360 344
361 344
327 345
328 345
329 345
330 345
331 345
332 345
354 345
355 345
356 345
357 345
358 345
359 345
360 345
361 345
362 345
327 346
328 346
329 346
330 346
331 346
332 346
355 346
356 346
357 346
358 346
359 346
360 346
361 346
362 346
363 346
327 347
328 347
329 347
330 347
331 347
332 347
357 347
358 347
359 347
360 347
361 347
362 347
363 347
364 347
327 348
328 348
329 348
330 348
331 348
332 348
358 348
359 348
360 348
361 348
362 348
363 348
364 348
365 348
327 349
328 349
329 349
330 349
331 349
332 349
359 349
360 349
361 349
362 349
363 349
364 349
365 349
366 349
367 349
327 350
328 350
329 350
330 350
331 350
332 350
360 350
361 350
362 350
363 350
364 350
365 350
366 350
367 350
368 350
327 351
328 351
329 351
330 351
331 351
332 351
361 351
362 351
363 351
364 351
365 351
366 351
367 351
368 351
327 352
328 352
329 352
330 352
331 352
332 352
362 352
363 352
364 352
365 352
366 352
367 352
368 352
369 352
327 353
328 353
329 353
330 353
331 353
332 353
363 353
364 353
365 353
366 353
367 353
368 353
369 353
327 354
328 354
329 354
330 354
331 354
332 354
364 354
365 354
366 354
367 354
368 354
369 354
370 354
328 355
329 355
330 355
331 355
332 355
365 355
366 355
367 355
368 355
369 355
370 355
328 356
329 356
330 356
331 356
332 356
365 356
366 356
367 356
368 356
369 356
370 356
371 356
328 357
329 357
330 357
331 357
366 357
367 357
368 357
369 357
370 357
371 357
328 358
329 358
330 358
331 358
366 358
367 358
368 358
369 358
370 358
371 358
372 358
327 359
328 359
329 359
330 359
331 359
332 359
368 359
369 359
370 359
371 359
372 359
373 359
327 360
328 360
329 360
330 360
331 360
332 360
368 360
369 360
370 360
371 360
372 360
373 360
320 361
321 361
322 361
323 361
324 361
325 361
326 361
327 361
328 361
329 361
330 361
331 361
332 361
369 361
370 361
371 361
372 361
373 361
374 361
320 362
321 362
322 362
323 362
324 362
325 362
326 362
327 362
328 362
329 362
330 362
331 362
332 362
370 362
371 362
372 362
373 362
374 362
375 362
320 363
321 363
322 363
323 363
324 363
325 363
326 363
327 363
328 363
329 363
330 363
331 363
332 363
371 363
372 363
373 363
374 363
375 363
376 363
377 363
321 364
322 364
323 364
324 364
325 364
326 364
327 364
328 364
329 364
330 364
331 364
332 364
372 364
373 364
374 364
375 364
376 364
377 364
378 364
322 365
323 365
324 365
325 365
326 365
327 365
328 365
329 365
330 365
331 365
372 365
373 365
374 365
375 365
376 365
377 365
378 365
379 365
323 366
324 366
325 366
326 366
327 366
328 366
329 366
330 366
331 366
373 366
374 366
375 366
376 366
377 366
378 366
379 366
326 367
327 367
328 367
329 367
330 367
331 367
373 367
374 367
375 367
376 367
377 367
378 367
379 367
374 368
375 368
376 368
377 368
378 368
375 369
376 369
377 369

FRAME 67
338 297
335 298
336 298
337 298
338 298
339 298
340 298
335 299
336 299
337 299
338 299
339 299
340 299
341 299
335 300
336 300
337 300
338 300
339 300
340 300
341 300
335 301
336 301
337 301
338 301
339 301
340 301
341 301
335 302
336 302
337 302
338 302
339 302
340 302
341 302
335 303
336 303
337 303
338 303
339 303
340 303
341 303
335 304
336 304
337 304
338 304
339 304
340 304
341 304
335 305
336 305
337 305
338 305
339 305
340 305
341 305
335 306
336 306
337 306
338 306
339 306
340 306
341 306
336 307
337 307
338 307
339 307
340 307
341 307
335 308
336 308
337 308
338 308
339 308
340 308
341 308
342 308
335 309
336 309
337 309
338 309
339 309
340 309
341 309
342 309
343 309
344 309
334 310
335 310
336 310
337 310
338 310
339 310
340 310
341 310
342 310
343 310
344 310
345 310
332 311
333 311
334 311
335 311
336 311
337 311
338 311
339 311
340 311
341 311
342 311
343 311
344 311
345 311
346 311
347 311
331 312
332 312
333 312
334 312
335 312
336 312
337 312
338 312
339 312
340 312
341 312
342 312
343 312
344 312
345 312
346 312
347 312
348 312
330 313
331 313
332 313
333 313
334 313
335 313
336 313
337 313
338 313
339 313
340 313
341 313
342 313
343 313
344 313
345 313
346 313
347 313
348 313
330 314
331 314
332 314
333 314
334 314
335 314
336 314
337 314
338 314
339 314
340 314
341 314
342 314
343 314
344 314
345 314
346 314
347 314
348 314
349 314
330 315
331 315
332 315
333 315
334 315
335 315
336 315
337 315
338 315
339 315
340 315
341 315
342 315
343 315
344 315
345 315
346 315
347 315
348 315
349 315
329 316
330 316
331 316
332 316
333 316
334 316
335 316
336 316
337 316
338 316
339 316
340 316
341 316
342 316
343 316
344 316
345 316
346 316
347 316
348 316
349 316
329 317
330 317
331 317
332 317
333 317
334 317
335 317
336 317
337 317
338 317
339 317
340 317
341 317
342 317
343 317
344 317
345 317
346 317
347 317
348 317
349 317
350 317
329 318
330 318
331 318
332 318
333 318
334 318
335 318
336 318
337 318
338 318
339 318
340 318
341 318
342 318
343 318
344 318
345 318
346 318
347 318
348 318
349 318
350 318
329 319
330 319
331 319
332 319
333 319
334 319
335 319
336 319
337 319
338 319
339 319
340 319
341 319
342 319
343 319
344 319
345 319
346 319
347 319
348 319
349 319
350 319
329 320
330 320
331 320
332 320
333 320
334 320
335 320
336 320
337 320
338 320
339 320
340 320
341 320
342 320
343 320
344 320
345 320
346 320
347 320
348 320
349 320
350 320
329 321
330 321
331 321
332 321
333 321
334 321
335 321
336 321
337 321
338 321
339 321
340 321
341 321
342 321
343 321
344 321
345 321
346 321
347 321
348 321
349 321
350 321
329 322
330 322
331 322
332 322
333 322
334 322
335 322
336 322
337 322
338 322
339 322
340 322
341 322
342 322
343 322
344 322
345 322
346 322
347 322
348 322
349 322
350 322
328 323
329 323
330 323
331 323
332 323
333 323
334 323
335 323
336 323
337 323
338 323
339 323
340 323
341 323
342 323
343 323
344 323
345 323
346 323
347 323
348 323
349 323
350 323
327 324
328 324
329 324
330 324
331 324
332 324
333 324
334 324
335 324
336 324
337 324
338 324
339 324
340 324
341 324
342 324
343 324
344 324
345 324
346 324
347 324
348 324
349 324
350 324
327 325
328 325
329 325
330 325
331 325
332 325
333 325
334 325
335 325
336 325
337 325
338 325
339 325
340 325
341 325
342 325
343 325
344 325
345 325
346 325
347 325
348 325
349 325
350 325
326 326
327 326
328 326
329 326
330 326
331 326
332 326
333 326
334 326
335 326
336 326
337 326
338 326
339 326
340 326
341 326
342 326
343 326
344 326
345 326
346 326
347 326
348 326
349 326
350 326
326 327
327 327
328 327
329 327
330 327
331 327
332 327
333 327
334 327
335 327
336 327
337 327
338 327
339 327
340 327
341 327
342 327
343 327
344 327
345 327
346 327
347 327
348 327
349 327
350 327
327 328
328 328
329 328
330 328
331 328
332 328
333 328
334 328
335 328
336 328
337 328
338 328
339 328
340 328
341 328
342 328
343 328
344 328
345 328
346 328
347 328
348 328
349 328
350 328
329 329
330 329
331 329
332 329
333 329
334 329
335 329
336 329
337 329
338 329
339 329
340 329
341 329
342 329
343 329
344 329
345 329
346 329
347 329
348 329
349 329
350 329
351 329
330 330
331 330
332 330
333 330
334 330
335 330
336 330
337 330
338 330
339 330
340 330
341 330
342 330
343 330
344 330
345 330
346 330
347 330
348 330
349 330
350 330
351 330
331 331
332 331
333 331
334 331
335 331
336 331
337 331
338 331
339 331
340 331
341 331
342 331
343 331
344 331
345 331
346 331
347 331
348 331
349 331
350 331
351 331
332 332
333 332
334 332
335 332
336 332
337 332
338 332
339 332
340 332
341 332
342 332
343 332
344 332
345 332
346 332
347 332
348 332
349 332
350 332
351 332
352 332
333 333
334 333
335 333
336 333
337 333
338 333
339 333
340 333
341 333
342 333
343 333
344 333
345 333
346 333
347 333
348 333
349 333
350 333
351 333
352 333
333 334
334 334
335 334
336 334
337 334
338 334
339 334
340 334
341 334
342 334
343 334
344 334
345 334
346 334
347 334
348 334
349 334
350 334
351 334
352 334
353 334
332 335
333 335
334 335
335 335
336 335
337 335
338 335
339 335
340 335
341 335
342 335
343 335
344 335
345 335
346 335
347 335
348 335
349 335
350 335
351 335
352 335
353 335
354 335
331 336
332 336
333 336
334 336
335 336
336 336
337 336
338 336
339 336
340 336
341 336
342 336
343 336
344 336
345 336
346 336
347 336
348 336
349 336
350 336
351 336
352 336
353 336
354 336
330 337
331 337
332 337
333 337
334 337
335 337
336 337
337 337
338 337
339 337
340 337
341 337
342 337
343 337
344 337
345 337
346 337
347 337
348 337
349 337
350 337
351 337
352 337
353 337
354 337
355 337
328 338
329 338
330 338
331 338
332 338
333 338
334 338
335 338
336 338
337 338
338 338
339 338
340 338
341 338
342 338
343 338
344 338
345 338
346 338
347 338
348 338
349 338
350 338
351 338
352 338
353 338
354 338
355 338
356 338
327 339
328 339
329 339
330 339
331 339
332 339
333 339
334 339
335 339
336 339
337 339
338 339
339 339
340 339
341 339
342 339
343 339
344 339
345 339
346 339
347 339
348 339
349 339
350 339
351 339
352 339
353 339
354 339
355 339
356 339
326 340
327 340
328 340
329 340
330 340
331 340
332 340
333 340
334 340
335 340
336 340
337 340
338 340
339 340
340 340
341 340
342 340
343 340
344 340
345 340
346 340
347 340
348 340
349 340
350 340
351 340
352 340
353 340
354 340
355 340
356 340
357 340
325 341
326 341
327 341
328 341
329 341
330 341
331 341
332 341
333 341
334 341
335 341
336 341
337 341
338 341
339 341
340 341
341 341
342 341
343 341
344 341
345 341
346 341
347 341
348 341
349 341
350 341
351 341
352 341
353 341
354 341
355 341
356 341
357 341
325 342
326 342
327 342
328 342
329 342
330 342
331 342
332 342
333 342
334 342
335 342
336 342
337 342
338 342
339 342
340 342
341 342
342 342
348 342
349 342
350 342
351 342
352 342
353 342
354 342
355 342
356 342
357 342
358 342
325 343
326 343
327 343
328 343
329 343
330 343
331 343
332 343
333 343
334 343
335 343
336 343
337 343
338 343
339 343
340 343
349 343
350 343
351 343
352 343
353 343
354 343
355 343
356 343
357 343
358 343
359 343
325 344
326 344
327 344
328 344
329 344
330 344
331 344
332 344
333 344
334 344
335 344
336 344
337 344
338 344
351 344
352 344
353 344
354 344
355 344
356 344
357 344
358 344
359 344
325 345
326 345
327 345
328 345
329 345
330 345
331 345
353 345
354 345
355 345
356 345
357 345
358 345
359 345
360 345
325 346
326 346
327 346
328 346
329 346
330 346
331 346
354 346
355 346
356 346
357 346
358 346
359 346
360 346
361 346
325 347
326 347
327 347
328 347
329 347
330 347
331 347
355 347
356 347
357 347
358 347
359 347
360 347
361 347
362 347
363 347
325 348
326 348
327 348
328 348
329 348
330 348
331 348
356 348
357 348
358 348
359 348
360 348
361 348
362 348
363 348
364 348
325 349
326 349
327 349
328 349
329 349
330 349
331 349
357 349
358 349
359 349
360 349
361 349
362 349
363 349
364 349
365 349
325 350
326 350
327 350
328 350
329 350
330 350
331 350
358 350
359 350
360 350
361 350
362 350
363 350
364 350
365 350
366 350
325 351
326 351
327 351
328 351
329 351
330 351
331 351
360 351
361 351
362 351
363 351
364 351
365 351
366 351
367 351
326 352
327 352
328 352
329 352
330 352
331 352
361 352
362 352
363 352
364 352
365 352
366 352
367 352
368 352
326 353
327 353
328 353
329 353
330 353
331 353
362 353
363 353
364 353
365 353
366 353
367 353
368 353
326 354
327 354
328 354
329 354
330 354
331 354
363 354
364 354
365 354
366 354
367 354
368 354
369 354
327 355
328 355
329 355
330 355
331 355
363 355
364 355
365 355
366 355
367 355
368 355
369 355
327 356
328 356
329 356
330 356
331 356
364 356
365 356
366 356
367 356
368 356
369 356
370 356
327 357
328 357
329 357
330 357
331 357
365 357
366 357
367 357
368 357
369 357
370 357
371 357
327 358
328 358
329 358
330 358
331 358
366 358
367 358
368 358
369 358
370 358
371 358
327 359
328 359
329 359
330 359
331 359
367 359
368 359
369 359
370 359
371 359
372 359
327 360
328 360
329 360
330 360
331 360
368 360
369 360
370 360
371 360
372 360
373 360
324 361
325 361
326 361
327 361
328 361
329 361
330 361
331 361
369 361
370 361
371 361
372 361
373 361
374 361
320 362
321 362
322 362
323 362
324 362
325 362
326 362
327 362
328 362
329 362
330 362
331 362
370 362
371 362
372 362
373 362
374 362
375 362
319 363
320 363
321 363
322 363
323 363
324 363
325 363
326 363
327 363
328 363
329 363
330 363
331 363
371 363
372 363
373 363
374 363
375 363
376 363
377 363
378 363
320 364
321 364
322 364
323 364
324 364
325 364
326 364
327 364
328 364
329 364
330 364
331 364
371 364
372 364
373 364
374 364
375 364
376 364
377 364
378 364
320 365
321 365
322 365
323 365
324 365
325 365
326 365
327 365
328 365
329 365
330 365
331 365
372 365
373 365
374 365
375 365
376 365
377 365
378 365
379 365
322 366
323 366
324 366
325 366
326 366
327 366
328 366
329 366
330 366
331 366
372 366
373 366
374 366
375 366
376 366
377 366
378 366
379 366
324 367
325 367
326 367
327 367
328 367
329 367
330 367
331 367
373 367
374 367
375 367
376 367
377 367
378 367
328 368
329 368
374 368
375 368
376 368
377 368

FRAME 68
332 296
333 296
330 297
331 297
332 297
333 297
334 297
335 297
330 298
331 298
332 298
333 298
334 298
335 298
336 298
329 299
330 299
331 299
332 299
333 299
334 299
335 299
336 299
329 300
330 300
331 300
332 300
333 300
334 300
335 300
336 300
329 301
330 301
331 301
332 301
333 301
334 301
335 301
336 301
329 302
330 302
331 302
332 302
333 302
334 302
335 302
336 302
329 303
330 303
331 303
332 303
333 303
334 303
335 303
336 303
330 304
331 304
332 304
333 304
334 304
335 304
336 304
330 305
331 305
332 305
333 305
334 305
335 305
336 305
331 306
332 306
333 306
334 306
335 306
336 306
331 307
332 307
333 307
334 307
335 307
336 307
337 307
330 308
331 308
332 308
333 308
334 308
335 308
336 308
337 308
338 308
339 308
329 309
330 309
331 309
332 309
333 309
334 309
335 309
336 309
337 309
338 309
339 309
340 309
341 309
328 310
329 310
330 310
331 310
332 310
333 310
334 310
335 310
336 310
337 310
338 310
339 310
340 310
341 310
342 310
327 311
328 311
329 311
330 311
331 311
332 311
333 311
334 311
335 311
336 311
337 311
338 311
339 311
340 311
341 311
342 311
343 311
326 312
327 312
328 312
329 312
330 312
331 312
332 312
333 312
334 312
335 312
336 312
337 312
338 312
339 312
340 312
341 312
342 312
343 312
326 313
327 313
328 313
329 313
330 313
331 313
332 313
333 313
334 313
335 313
336 313
337 313
338 313
339 313
340 313
341 313
342 313
343 313
344 313
325 314
326 314
327 314
328 314
329 314
330 314
331 314
332 314
333 314
334 314
335 314
336 314
337 314
338 314
339 314
340 314
341 314
342 314
343 314
344 314
325 315
326 315
327 315
328 315
329 315
330 315
331 315
332 315
333 315
334 315
335 315
336 315
337 315
338 315
339 315
340 315
341 315
342 315
343 315
344 315
325 316
326 316
327 316
328 316
329 316
330 316
331 316
332 316
333 316
334 316
335 316
336 316
337 316
338 316
339 316
340 316
341 316
342 316
343 316
344 316
345 316
325 317
326 317
327 317
328 317
329 317
330 317
331 317
332 317
333 317
334 317
335 317
336 317
337 317
338 317
339 317
340 317
341 317
342 317
343 317
344 317
345 317
325 318
326 318
327 318
328 318
329 318
330 318
331 318
332 318
333 318
334 318
335 318
336 318
337 318
338 318
339 318
340 318
341 318
342 318
343 318
344 318
345 318
325 319
326 319
327 319
328 319
329 319
330 319
331 319
332 319
333 319
334 319
335 319
336 319
337 319
338 319
339 319
340 319
341 319
342 319
343 319
344 319
345 319
325 320
326 320
327 320
328 320
329 320
330 320
331 320
332 320
333 320
334 320
335 320
336 320
337 320
338 320
339 320
340 320
341 320
342 320
343 320
344 320
345 320
325 321
326 321
327 321
328 321
329 321
330 321
331 321
332 321
333 321
334 321
335 321
336 321
337 321
338 321
339 321
340 321
341 321
342 321
343 321
344 321
345 321
325 322
326 322
327 322
328 322
329 322
330 322
331 322
332 322
333 322
334 322
335 322
336 322
337 322
338 322
339 322
340 322
341 322
342 322
343 322
344 322
345 322
325 323
326 323
327 323
328 323
329 323
330 323
331 323
332 323
333 323
334 323
335 323
336 323
337 323
338 323
339 323
340 323
341 323
342 323
343 323
344 323
345 323
325 324
326 324
327 324
328 324
329 324
330 324
331 324
332 324
333 324
334 324
335 324
336 324
337 324
338 324
339 324
340 324
341 324
342 324
343 324
344 324
345 324
346 324
325 325
326 325
327 325
328 325
329 325
330 325
331 325
332 325
333 325
334 325
335 325
336 325
337 325
338 325
339 325
340 325
341 325
342 325
343 325
344 325
345 325
346 325
325 326
326 326
327 326
328 326
329 326
330 326
331 326
332 326
333 326
334 326
335 326
336 326
337 326
338 326
339 326
340 326
341 326
342 326
343 326
344 326
345 326
346 326
325 327
326 327
327 327
328 327
329 327
330 327
331 327
332 327
333 327
334 327
335 327
336 327
337 327
338 327
339 327
340 327
341 327
342 327
343 327
344 327
345 327
346 327
325 328
326 328
327 328
328 328
329 328
330 328
331 328
332 328
333 328
334 328
335 328
336 328
337 328
338 328
339 328
340 328
341 328
342 328
343 328
344 328
345 328
346 328
347 328
325 329
326 329
327 329
328 329
329 329
330 329
331 329
332 329
333 329
334 329
335 329
336 329
337 329
338 329
339 329
340 329
341 329
342 329
343 329
344 329
345 329
346 329
347 329
326 330
327 330
328 330
329 330
330 330
331 330
332 330
333 330
334 330
335 330
336 330
337 330
338 330
339 330
340 330
341 330
342 330
343 330
344 330
345 330
346 330
347 330
327 331
328 331
329 331
330 331
331 331
332 331
333 331
334 331
335 331
336 331
337 331
338 331
339 331
340 331
341 331
342 331
343 331
344 331
345 331
346 331
347 331
348 331
328 332
329 332
330 332
331 332
332 332
333 332
334 332
335 332
336 332
337 332
338 332
339 332
340 332
341 332
342 332
343 332
344 332
345 332
346 332
347 332
348 332
329 333
330 333
331 333
332 333
333 333
334 333
335 333
336 333
337 333
338 333
339 333
340 333
341 333
342 333
343 333
344 333
345 333
346 333
347 333
348 333
349 333
329 334
330 334
331 334
332 334
333 334
334 334
335 334
336 334
337 334
338 334
339 334
340 334
341 334
342 334
343 334
344 334
345 334
346 334
347 334
348 334
349 334
329 335
330 335
331 335
332 335
333 335
334 335
335 335
336 335
337 335
338 335
339 335
340 335
341 335
342 335
343 335
344 335
345 335
346 335
347 335
348 335
349 335
350 335
328 336
329 336
330 336
331 336
332 336
333 336
334 336
335 336
336 336
337 336
338 336
339 336
340 336
341 336
342 336
343 336
344 336
345 336
346 336
347 336
348 336
349 336
350 336
351 336
327 337
328 337
329 337
330 337
331 337
332 337
333 337
334 337
335 337
336 337
337 337
338 337
339 337
340 337
341 337
342 337
343 337
344 337
345 337
346 337
347 337
348 337
349 337
350 337
351 337
326 338
327 338
328 338
329 338
330 338
331 338
332 338
333 338
334 338
335 338
336 338
337 338
338 338
339 338
340 338
341 338
342 338
343 338
344 338
345 338
346 338
347 338
348 338
349 338
350 338
351 338
352 338
324 339
325 339
326 339
327 339
328 339
329 339
330 339
331 339
332 339
333 339
334 339
335 339
336 339
337 339
338 339
339 339
340 339
341 339
342 339
343 339
344 339
345 339
346 339
347 339
348 339
349 339
350 339
351 339
352 339
323 340
324 340
325 340
326 340
327 340
328 340
329 340
330 340
331 340
332 340
333 340
334 340
335 340
336 340
337 340
338 340
339 340
340 340
341 340
342 340
343 340
344 340
345 340
346 340
347 340
348 340
349 340
350 340
351 340
352 340
353 340
322 341
323 341
324 341
325 341
326 341
327 341
328 341
329 341
330 341
331 341
332 341
333 341
334 341
335 341
336 341
337 341
338 341
339 341
344 341
345 341
346 341
347 341
348 341
349 341
350 341
351 341
352 341
353 341
322 342
323 342
324 342
325 342
326 342
327 342
328 342
329 342
330 342
331 342
332 342
333 342
334 342
335 342
336 342
337 342
345 342
346 342
347 342
348 342
349 342
350 342
351 342
352 342
353 342
354 342
321 343
322 343
323 343
324 343
325 343
326 343
327 343
328 343
329 343
330 343
331 343
332 343
333 343
334 343
335 343
347 343
348 343
349 343
350 343
351 343
352 343
353 343
354 343
355 343
321 344
322 344
323 344
324 344
325 344
326 344
327 344
328 344
329 344
330 344
331 344
348 344
349 344
350 344
351 344
352 344
353 344
354 344
355 344
356 344
321 345
322 345
323 345
324 345
325 345
326 345
327 345
328 345
329 345
349 345
350 345
351 345
352 345
353 345
354 345
355 345
356 345
357 345
321 346
322 346
323 346
324 346
325 346
326 346
327 346
328 346
350 346
351 346
352 346
353 346
354 346
355 346
356 346
357 346
358 346
321 347
322 347
323 347
324 347
325 347
326 347
327 347
328 347
351 347
352 347
353 347
354 347
355 347
356 347
357 347
358 347
359 347
360 347
322 348
323 348
324 348
325 348
326 348
327 348
328 348
352 348
353 348
354 348
355 348
356 348
357 348
358 348
359 348
360 348
361 348
322 349
323 349
324 349
325 349
326 349
327 349
328 349
353 349
354 349
355 349
356 349
357 349
358 349
359 349
360 349
361 349
362 349
322 350
323 350
324 350
325 350
326 350
327 350
328 350
354 350
355 350
356 350
357 350
358 350
359 350
360 350
361 350
362 350
363 350
322 351
323 351
324 351
325 351
326 351
327 351
328 351
355 351
356 351
357 351
358 351
359 351
360 351
361 351
362 351
363 351
364 351
323 352
324 352
325 352
326 352
327 352
328 352
357 352
358 352
359 352
360 352
361 352
362 352
363 352
364 352
365 352
323 353
324 353
325 353
326 353
327 353
328 353
358 353
359 353
360 353
361 353
362 353
363 353
364 353
365 353
366 353
324 354
325 354
326 354
327 354
328 354
329 354
360 354
361 354
362 354
363 354
364 354
365 354
366 354
324 355
325 355
326 355
327 355
328 355
329 355
361 355
362 355
363 355
364 355
365 355
366 355
367 355
325 356
326 356
327 356
328 356
329 356
362 356
363 356
364 356
365 356
366 356
367 356
368 356
325 357
326 357
327 357
328 357
329 357
363 357
364 357
365 357
366 357
367 357
368 357
369 357
325 358
326 358
327 358
328 358
329 358
364 358
365 358
366 358
367 358
368 358
369 358
370 358
325 359
326 359
327 359
328 359
329 359
330 359
365 359
366 359
367 359
368 359
369 359
370 359
371 359
326 360
327 360
328 360
329 360
330 360
366 360
367 360
368 360
369 360
370 360
371 360
372 360
373 360
325 361
326 361
327 361
328 361
329 361
330 361
368 361
369 361
370 361
371 361
372 361
373 361
374 361
375 361
325 362
326 362
327 362
328 362
329 362
330 362
368 362
369 362
370 362
371 362
372 362
373 362
374 362
375 362
376 362
377 362
322 363
323 363
324 363
325 363
326 363
327 363
328 363
329 363
330 363
331 363
369 363
370 363
371 363
372 363
373 363
374 363
375 363
376 363
377 363
378 363
319 364
320 364
321 364
322 364
323 364
324 364
325 364
326 364
327 364
328 364
329 364
330 364
331 364
370 364
371 364
372 364
373 364
374 364
375 364
376 364
377 364
378 364
318 365
319 365
320 365
321 365
322 365
323 365
324 365
325 365
326 365
327 365
328 365
329 365
330 365
331 365
371 365
372 365
373 365
374 365
375 365
376 365
377 365
378 365
319 366
320 366
321 366
322 366
323 366
324 366
325 366
326 366
327 366
328 366
329 366
330 366
331 366
372 366
373 366
374 366
375 366
376 366
377 366
320 367
321 367
322 367
323 367
324 367
325 367
326 367
327 367
328 367
329 367
330 367
331 367
373 367
374 367
323 368
324 368
325 368
326 368
327 368
328 368
329 368
330 368

FRAME 69
390 64
391 64
392 64
393 64
389 65
390 65
391 65
392 65
393 65
394 65
388 66
389 66
390 66
391 66
392 66
393 66
394 66
388 67
389 67
390 67
391 67
392 67
393 67
394 67
388 68
389 68
390 68
391 68
392 68
393 68
394 68
388 69
389 69
390 69
391 69
392 69
393 69
394 69
388 70
389 70
390 70
391 70
392 70
393 70
394 70
395 70
387 71
388 71
389 71
390 71
391 71
392 71
393 71
394 71
395 71
396 71
387 72
388 72
389 72
390 72
391 72
392 72
393 72
394 72
395 72
396 72
397 72
386 73
387 73
388 73
389 73
390 73
391 73
392 73
393 73
394 73
395 73
396 73
397 73
398 73
386 74
387 74
388 74
389 74
390 74
391 74
392 74
393 74
394 74
395 74
396 74
397 74
398 74
399 74
386 75
387 75
388 75
389 75
390 75
391 75
392 75
393 75
394 75
395 75
396 75
397 75
398 75
399 75
386 76
387 76
388 76
389 76
390 76
391 76
392 76
393 76
394 76
395 76
396 76
397 76
398 76
399 76
386 77
387 77
388 77
389 77
390 77
391 77
392 77
393 77
394 77
395 77
396 77
397 77
398 77
399 77
386 78
387 78
388 78
389 78
390 78
391 78
392 78
393 78
394 78
395 78
396 78
397 78
398 78
399 78
385 79
386 79
387 79
388 79
389 79
390 79
391 79
392 79
393 79
394 79
395 79
396 79
397 79
398 79
399 79
400 79
385 80
386 80
387 80
388 80
389 80
390 80
391 80
392 80
393 80
394 80
395 80
396 80
397 80
398 80
399 80
400 80
385 81
386 81
387 81
388 81
389 81
390 81
391 81
392 81
393 81
394 81
395 81
396 81
397 81
398 81
399 81
400 81
385 82
386 82
387 82
388 82
389 82
390 82
391 82
392 82
393 82
394 82
395 82
396 82
397 82
398 82
385 83
386 83
387 83
388 83
389 83
390 83
391 83
392 83
393 83
394 83
395 83
396 83
397 83
385 84
386 84
387 84
388 84
389 84
390 84
391 84
392 84
393 84
394 84
395 84
396 84
397 84
385 85
386 85
387 85
388 85
389 85
390 85
391 85
392 85
393 85
394 85
395 85
396 85
397 85
385 86
386 86
387 86
388 86
389 86
390 86
391 86
392 86
393 86
394 86
395 86
396 86
397 86
398 86
385 87
386 87
387 87
388 87
389 87
390 87
391 87
392 87
393 87
394 87
395 87
396 87
397 87
398 87
385 88
386 88
387 88
388 88
389 88
390 88
391 88
392 88
393 88
394 88
395 88
396 88
397 88
398 88
385 89
386 89
387 89
388 89
389 89
390 89
391 89
392 89
393 89
394 89
395 89
396 89
397 89
398 89
384 90
385 90
386 90
387 90
388 90
389 90
393 90
394 90
395 90
396 90
397 90
398 90
384 91
385 91
386 91
387 91
388 91
389 91
394 91
395 91
396 91
397 91
398 91
399 91
384 92
385 92
386 92
387 92
388 92
395 92
396 92
397 92
398 92
399 92
384 93
385 93
386 93
387 93
388 93
395 93
396 93
397 93
398 93
399 93
383 94
384 94
385 94
386 94
387 94
396 94
397 94
398 94
399 94
383 95
384 95
385 95
386 95
387 95
396 95
397 95
398 95
399 95
382 96
383 96
384 96
385 96
386 96
397 96
398 96
399 96
400 96
381 97
382 97
383 97
384 97
385 97
397 97
398 97
399 97
400 97
381 98
382 98
383 98
384 98
397 98
398 98
399 98
400 98
380 99
381 99
382 99
383 99
397 99
398 99
399 99
400 99
380 100
381 100
382 100
397 100
398 100
399 100
400 100
379 101
380 101
381 101
382 101
397 101
398 101
399 101
400 101
401 101
378 102
379 102
380 102
381 102
397 102
398 102
399 102
400 102
401 102
377 103
378 103
379 103
380 103
398 103
399 103
400 103
401 103
402 103
377 104
378 104
379 104
380 104
376 105
377 105
378 105
379 105
376 106
377 106
378 106

FRAME 70
390 65
391 65
392 65
393 65
389 66
390 66
391 66
392 66
393 66
394 66
389 67
390 67
391 67
392 67
393 67
394 67
389 68
390 68
391 68
392 68
393 68
394 68
389 69
390 69
391 69
392 69
393 69
394 69
389 70
390 70
391 70
392 70
393 70
394 70
395 70
388 71
389 71
390 71
391 71
392 71
393 71
394 71
395 71
396 71
387 72
388 72
389 72
390 72
391 72
392 72
393 72
394 72
395 72
396 72
387 73
388 73
389 73
390 73
391 73
392 73
393 73
394 73
395 73
396 73
397 73
386 74
387 74
388 74
389 74
390 74
391 74
392 74
393 74
394 74
395 74
396 74
397 74
398 74
386 75
387 75
388 75
389 75
390 75
391 75
392 75
393 75
394 75
395 75
396 75
397 75
398 75
399 75
386 76
387 76
388 76
389 76
390 76
391 76
392 76
393 76
394 76
395 76
396 76
397 76
398 76
399 76
385 77
386 77
387 77
388 77
389 77
390 77
391 77
392 77
393 77
394 77
395 77
396 77
397 77
398 77
399 77
400 77
385 78
386 78
387 78
388 78
389 78
390 78
391 78
392 78
393 78
394 78
395 78
396 78
397 78
398 78
399 78
400 78
385 79
386 79
387 79
388 79
389 79
390 79
391 79
392 79
393 79
394 79
395 79
396 79
397 79
398 79
399 79
400 79
385 80
386 80
387 80
388 80
389 80
390 80
391 80
392 80
393 80
394 80
395 80
396 80
397 80
398 80
399 80
400 80
385 81
386 81
387 81
388 81
389 81
390 81
391 81
392 81
393 81
394 81
395 81
396 81
397 81
398 81
399 81
400 81
401 81
385 82
386 82
387 82
388 82
389 82
390 82
391 82
392 82
393 82
394 82
395 82
396 82
397 82
398 82
399 82
400 82
385 83
386 83
387 83
388 83
389 83
390 83
391 83
392 83
393 83
394 83
395 83
396 83
397 83
385 84
386 84
387 84
388 84
389 84
390 84
391 84
392 84
393 84
394 84
395 84
396 84
397 84
385 85
386 85
387 85
388 85
389 85
390 85
391 85
392 85
393 85
394 85
395 85
396 85
397 85
385 86
386 86
387 86
388 86
389 86
390 86
391 86
392 86
393 86
394 86
395 86
396 86
397 86
398 86
385 87
386 87
387 87
388 87
389 87
390 87
391 87
392 87
393 87
394 87
395 87
396 87
397 87
398 87
385 88
386 88
387 88
388 88
389 88
390 88
391 88
392 88
393 88
394 88
395 88
396 88
397 88
398 88
385 89
386 89
387 89
388 89
389 89
390 89
391 89
392 89
393 89
394 89
395 89
396 89
397 89
398 89
385 90
386 90
387 90
388 90
389 90
390 90
393 90
394 90
395 90
396 90
397 90
398 90
385 91
386 91
387 91
388 91
389 91
394 91
395 91
396 91
397 91
398 91
399 91
385 92
386 92
387 92
388 92
389 92
395 92
396 92
397 92
398 92
399 92
384 93
385 93
386 93
387 93
388 93
389 93
395 93
396 93
397 93
398 93
399 93
384 94
385 94
386 94
387 94
388 94
396 94
397 94
398 94
399 94
383 95
384 95
385 95
386 95
387 95
388 95
397 95
398 95
399 95
400 95
383 96
384 96
385 96
386 96
387 96
397 96
398 96
399 96
400 96
382 97
383 97
384 97
385 97
386 97
397 97
398 97
399 97
400 97
381 98
382 98
383 98
384 98
385 98
397 98
398 98
399 98
400 98
381 99
382 99
383 99
384 99
397 99
398 99
399 99
400 99
380 100
381 100
382 100
383 100
397 100
398 100
399 100
400 100
379 101
380 101
381 101
382 101
397 101
398 101
399 101
400 101
401 101
378 102
379 102
380 102
381 102
397 102
398 102
399 102
400 102
401 102
377 103
378 103
379 103
380 103
381 103
398 103
399 103
400 103
401 103
402 103
377 104
378 104
379 104
380 104
377 105
378 105
379 105
380 105
378 106

FRAME 71
390 65
391 65
392 65
393 65
389 66
390 66
391 66
392 66
393 66
389 67
390 67
391 67
392 67
393 67
394 67
389 68
390 68
391 68
392 68
393 68
394 68
389 69
390 69
391 69
392 69
393 69
394 69
389 70
390 70
391 70
392 70
393 70
394 70
388 71
389 71
390 71
391 71
392 71
393 71
394 71
395 71
387 72
388 72
389 72
390 72
391 72
392 72
393 72
394 72
395 72
396 72
387 73
388 73
389 73
390 73
391 73
392 73
393 73
394 73
395 73
396 73
386 74
387 74
388 74
389 74
390 74
391 74
392 74
393 74
394 74
395 74
396 74
386 75
387 75
388 75
389 75
390 75
391 75
392 75
393 75
394 75
395 75
396 75
397 75
385 76
386 76
387 76
388 76
389 76
390 76
391 76
392 76
393 76
394 76
395 76
396 76
397 76
385 77
386 77
387 77
388 77
389 77
390 77
391 77
392 77
393 77
394 77
395 77
396 77
397 77
398 77
385 78
386 78
387 78
388 78
389 78
390 78
391 78
392 78
393 78
394 78
395 78
396 78
397 78
398 78
399 78
385 79
386 79
387 79
388 79
389 79
390 79
391 79
392 79
393 79
394 79
395 79
396 79
397 79
398 79
399 79
400 79
385 80
386 80
387 80
388 80
389 80
390 80
391 80
392 80
393 80
394 80
395 80
396 80
397 80
398 80
399 80
400 80
385 81
386 81
387 81
388 81
389 81
390 81
391 81
392 81
393 81
394 81
395 81
396 81
397 81
398 81
399 81
385 82
386 82
387 82
388 82
389 82
390 82
391 82
392 82
393 82
394 82
395 82
396 82
397 82
398 82
399 82
385 83
386 83
387 83
388 83
389 83
390 83
391 83
392 83
393 83
394 83
395 83
396 83
397 83
385 84
386 84
387 84
388 84
389 84
390 84
391 84
392 84
393 84
394 84
395 84
396 84
397 84
385 85
386 85
387 85
388 85
389 85
390 85
391 85
392 85
393 85
394 85
395 85
396 85
397 85
385 86
386 86
387 86
388 86
389 86
390 86
391 86
392 86
393 86
394 86
395 86
396 86
397 86
385 87
386 87
387 87
388 87
389 87
390 87
391 87
392 87
393 87
394 87
395 87
396 87
397 87
398 87
385 88
386 88
387 88
388 88
389 88
390 88
391 88
392 88
393 88
394 88
395 88
396 88
397 88
398 88
385 89
386 89
387 89
388 89
389 89
390 89
391 89
392 89
393 89
394 89
395 89
396 89
397 89
398 89
385 90
386 90
387 90
388 90
389 90
390 90
391 90
392 90
393 90
394 90
395 90
396 90
397 90
398 90
385 91
386 91
387 91
388 91
389 91
390 91
394 91
395 91
396 91
397 91
398 91
399 91
385 92
386 92
387 92
388 92
389 92
395 92
396 92
397 92
398 92
399 92
385 93
386 93
387 93
388 93
389 93
395 93
396 93
397 93
398 93
399 93
384 94
385 94
386 94
387 94
388 94
389 94
396 94
397 94
398 94
399 94
384 95
385 95
386 95
387 95
388 95
396 95
397 95
398 95
399 95
400 95
384 96
385 96
386 96
387 96
388 96
397 96
398 96
399 96
400 96
383 97
384 97
385 97
386 97
387 97
397 97
398 97
399 97
400 97
382 98
383 98
384 98
385 98
386 98
397 98
398 98
399 98
400 98
381 99
382 99
383 99
384 99
385 99
397 99
398 99
399 99
400 99
381 100
382 100
383 100
384 100
397 100
398 100
399 100
400 100
380 101
381 101
382 101
383 101
397 101
398 101
399 101
400 101
401 101
379 102
380 102
381 102
382 102
398 102
399 102
400 102
401 102
402 102
378 103
379 103
380 103
381 103
382 103
398 103
399 103
400 103
401 103
402 103
377 104
378 104
379 104
380 104
381 104
377 105
378 105
379 105
380 105
381 105
377 106
378 106
379 106

FRAME 72
389 65
390 65
391 65
392 65
393 65
389 66
390 66
391 66
392 66
393 66
389 67
390 67
391 67
392 67
393 67
389 68
390 68
391 68
392 68
393 68
394 68
389 69
390 69
391 69
392 69
393 69
394 69
388 70
389 70
390 70
391 70
392 70
393 70
394 70
388 71
389 71
390 71
391 71
392 71
393 71
394 71
387 72
388 72
389 72
390 72
391 72
392 72
393 72
394 72
395 72
386 73
387 73
388 73
389 73
390 73
391 73
392 73
393 73
394 73
395 73
385 74
386 74
387 74
388 74
389 74
390 74
391 74
392 74
393 74
394 74
395 74
385 75
386 75
387 75
388 75
389 75
390 75
391 75
392 75
393 75
394 75
395 75
396 75
385 76
386 76
387 76
388 76
389 76
390 76
391 76
392 76
393 76
394 76
395 76
396 76
384 77
385 77
386 77
387 77
388 77
389 77
390 77
391 77
392 77
393 77
394 77
395 77
396 77
397 77
384 78
385 78
386 78
387 78
388 78
389 78
390 78
391 78
392 78
393 78
394 78
395 78
396 78
397 78
384 79
385 79
386 79
387 79
388 79
389 79
390 79
391 79
392 79
393 79
394 79
395 79
396 79
397 79
398 79
384 80
385 80
386 80
387 80
388 80
389 80
390 80
391 80
392 80
393 80
394 80
395 80
396 80
397 80
398 80
384 81
385 81
386 81
387 81
388 81
389 81
390 81
391 81
392 81
393 81
394 81
395 81
396 81
397 81
398 81
384 82
385 82
386 82
387 82
388 82
389 82
390 82
391 82
392 82
393 82
394 82
395 82
396 82
397 82
398 82
384 83
385 83
386 83
387 83
388 83
389 83
390 83
391 83
392 83
393 83
394 83
395 83
396 83
397 83
384 84
385 84
386 84
387 84
388 84
389 84
390 84
391 84
392 84
393 84
394 84
395 84
396 84
384 85
385 85
386 85
387 85
388 85
389 85
390 85
391 85
392 85
393 85
394 85
395 85
396 85
384 86
385 86
386 86
387 86
388 86
389 86
390 86
391 86
392 86
393 86
394 86
395 86
396 86
397 86
384 87
385 87
386 87
387 87
388 87
389 87
390 87
391 87
392 87
393 87
394 87
395 87
396 87
397 87
384 88
385 88
386 88
387 88
388 88
389 88
390 88
391 88
392 88
393 88
394 88
395 88
396 88
397 88
384 89
385 89
386 89
387 89
388 89
389 89
390 89
391 89
392 89
393 89
394 89
395 89
396 89
397 89
398 89
384 90
385 90
386 90
387 90
388 90
389 90
390 90
392 90
393 90
394 90
395 90
396 90
397 90
398 90
384 91
385 91
386 91
387 91
388 91
389 91
393 91
394 91
395 91
396 91
397 91
398 91
384 92
385 92
386 92
387 92
388 92
394 92
395 92
396 92
397 92
398 92
399 92
384 93
385 93
386 93
387 93
388 93
395 93
396 93
397 93
398 93
399 93
384 94
385 94
386 94
387 94
388 94
395 94
396 94
397 94
398 94
399 94
383 95
384 95
385 95
386 95
387 95
396 95
397 95
398 95
399 95
383 96
384 96
385 96
386 96
387 96
396 96
397 96
398 96
399 96
382 97
383 97
384 97
385 97
386 97
397 97
398 97
399 97
382 98
383 98
384 98
385 98
397 98
398 98
399 98
381 99
382 99
383 99
384 99
397 99
398 99
399 99
400 99
380 100
381 100
382 100
383 100
397 100
398 100
399 100
400 100
380 101
381 101
382 101
383 101
397 101
398 101
399 101
400 101
401 101
379 102
380 102
381 102
382 102
397 102
398 102
399 102
400 102
401 102
402 102
378 103
379 103
380 103
381 103
382 103
398 103
399 103
400 103
401 103
402 103
377 104
378 104
379 104
380 104
381 104
377 105
378 105
379 105
380 105
381 105
378 106
379 106

FRAME 73
388 65
389 65
390 65
391 65
392 65
388 66
389 66
390 66
391 66
392 66
393 66
388 67
389 67
390 67
391 67
392 67
393 67
388 68
389 68
390 68
391 68
392 68
393 68
388 69
389 69
390 69
391 69
392 69
393 69
387 70
388 70
389 70
390 70
391 70
392 70
393 70
394 70
387 71
388 71
389 71
390 71
391 71
392 71
393 71
394 71
386 72
387 72
388 72
389 72
390 72
391 72
392 72
393 72
394 72
385 73
386 73
387 73
388 73
389 73
390 73
391 73
392 73
393 73
394 73
395 73
385 74
386 74
387 74
388 74
389 74
390 74
391 74
392 74
393 74
394 74
395 74
384 75
385 75
386 75
387 75
388 75
389 75
390 75
391 75
392 75
393 75
394 75
395 75
384 76
385 76
386 76
387 76
388 76
389 76
390 76
391 76
392 76
393 76
394 76
395 76
384 77
385 77
386 77
387 77
388 77
389 77
390 77
391 77
392 77
393 77
394 77
395 77
384 78
385 78
386 78
387 78
388 78
389 78
390 78
391 78
392 78
393 78
394 78
395 78
396 78
384 79
385 79
386 79
387 79
388 79
389 79
390 79
391 79
392 79
393 79
394 79
395 79
396 79
397 79
384 80
385 80
386 80
387 80
388 80
389 80
390 80
391 80
392 80
393 80
394 80
395 80
396 80
397 80
384 81
385 81
386 81
387 81
388 81
389 81
390 81
391 81
392 81
393 81
394 81
395 81
396 81
397 81
384 82
385 82
386 82
387 82
388 82
389 82
390 82
391 82
392 82
393 82
394 82
395 82
396 82
384 83
385 83
386 83
387 83
388 83
389 83
390 83
391 83
392 83
393 83
394 83
395 83
396 83
384 84
385 84
386 84
387 84
388 84
389 84
390 84
391 84
392 84
393 84
394 84
395 84
396 84
384 85
385 85
386 85
387 85
388 85
389 85
390 85
391 85
392 85
393 85
394 85
395 85
396 85
384 86
385 86
386 86
387 86
388 86
389 86
390 86
391 86
392 86
393 86
394 86
395 86
396 86
384 87
385 87
386 87
387 87
388 87
389 87
390 87
391 87
392 87
393 87
394 87
395 87
396 87
384 88
385 88
386 88
387 88
388 88
389 88
390 88
391 88
392 88
393 88
394 88
395 88
396 88
397 88
384 89
385 89
386 89
387 89
388 89
389 89
390 89
391 89
392 89
393 89
394 89
395 89
396 89
397 89
384 90
385 90
386 90
387 90
388 90
392 90
393 90
394 90
395 90
396 90
397 90
384 91
385 91
386 91
387 91
388 91
393 91
394 91
395 91
396 91
397 91
398 91
384 92
385 92
386 92
387 92
394 92
395 92
396 92
397 92
398 92
383 93
384 93
385 93
386 93
387 93
395 93
396 93
397 93
398 93
383 94
384 94
385 94
386 94
387 94
395 94
396 94
397 94
398 94
399 94
383 95
384 95
385 95
386 95
387 95
396 95
397 95
398 95
399 95
382 96
383 96
384 96
385 96
386 96
396 96
397 96
398 96
399 96
382 97
383 97
384 97
385 97
396 97
397 97
398 97
399 97
381 98
382 98
383 98
384 98
397 98
398 98
399 98
381 99
382 99
383 99
397 99
398 99
399 99
380 100
381 100
382 100
383 100
397 100
398 100
399 100
400 100
379 101
380 101
381 101
382 101
397 101
398 101
399 101
400 101
401 101
378 102
379 102
380 102
381 102
397 102
398 102
399 102
400 102
401 102
402 102
377 103
378 103
379 103
380 103
381 103
398 103
399 103
400 103
401 103
402 103
377 104
378 104
379 104
380 104
377 105
378 105
379 105
380 105
377 106
378 106
379 106

FRAME 74
388 64
389 64
390 64
391 64
387 65
388 65
389 65
390 65
391 65
387 66
388 66
389 66
390 66
391 66
392 66
387 67
388 67
389 67
390 67
391 67
392 67
387 68
388 68
389 68
390 68
391 68
392 68
387 69
388 69
389 69
390 69
391 69
392 69
386 70
387 70
388 70
389 70
390 70
391 70
392 70
393 70
385 71
386 71
387 71
388 71
389 71
390 71
391 71
392 71
393 71
384 72
385 72
386 72
387 72
388 72
389 72
390 72
391 72
392 72
393 72
394 72
383 73
384 73
385 73
386 73
387 73
388 73
389 73
390 73
391 73
392 73
393 73
394 73
383 74
384 74
385 74
386 74
387 74
388 74
389 74
390 74
391 74
392 74
393 74
394 74
382 75
383 75
384 75
385 75
386 75
387 75
388 75
389 75
390 75
391 75
392 75
393 75
394 75
382 76
383 76
384 76
385 76
386 76
387 76
388 76
389 76
390 76
391 76
392 76
393 76
394 76
382 77
383 77
384 77
385 77
386 77
387 77
388 77
389 77
390 77
391 77
392 77
393 77
394 77
382 78
383 78
384 78
385 78
386 78
387 78
388 78
389 78
390 78
391 78
392 78
393 78
394 78
395 78
382 79
383 79
384 79
385 79
386 79
387 79
388 79
389 79
390 79
391 79
392 79
393 79
394 79
395 79
382 80
383 80
384 80
385 80
386 80
387 80
388 80
389 80
390 80
391 80
392 80
393 80
394 80
395 80
382 81
383 81
384 81
385 81
386 81
387 81
388 81
389 81
390 81
391 81
392 81
393 81
394 81
382 82
383 82
384 82
385 82
386 82
387 82
388 82
389 82
390 82
391 82
392 82
393 82
394 82
382 83
383 83
384 83
385 83
386 83
387 83
388 83
389 83
390 83
391 83
392 83
393 83
394 83
382 84
383 84
384 84
385 84
386 84
387 84
388 84
389 84
390 84
391 84
392 84
393 84
394 84
382 85
383 85
384 85
385 85
386 85
387 85
388 85
389 85
390 85
391 85
392 85
393 85
394 85
395 85
382 86
383 86
384 86
385 86
386 86
387 86
388 86
389 86
390 86
391 86
392 86
393 86
394 86
395 86
382 87
383 87
384 87
385 87
386 87
387 87
388 87
389 87
390 87
391 87
392 87
393 87
394 87
395 87
382 88
383 88
384 88
385 88
386 88
387 88
388 88
389 88
390 88
391 88
392 88
393 88
394 88
395 88
396 88
382 89
383 89
384 89
385 89
386 89
387 89
390 89
391 89
392 89
393 89
394 89
395 89
396 89
382 90
383 90
384 90
385 90
386 90
392 90
393 90
394 90
395 90
396 90
382 91
383 91
384 91
385 91
386 91
392 91
393 91
394 91
395 91
396 91
397 91
382 92
383 92
384 92
385 92
386 92
393 92
394 92
395 92
396 92
397 92
381 93
382 93
383 93
384 93
385 93
394 93
395 93
396 93
397 93
381 94
382 94
383 94
384 94
385 94
394 94
395 94
396 94
397 94
398 94
381 95
382 95
383 95
384 95
385 95
395 95
396 95
397 95
398 95
380 96
381 96
382 96
383 96
384 96
396 96
397 96
398 96
380 97
381 97
382 97
383 97
396 97
397 97
398 97
380 98
381 98
382 98
396 98
397 98
398 98
399 98
379 99
380 99
381 99
382 99
397 99
398 99
399 99
379 100
380 100
381 100
397 100
398 100
399 100
400 100
378 101
379 101
380 101
381 101
397 101
398 101
399 101
400 101
401 101
377 102
378 102
379 102
380 102
381 102
397 102
398 102
399 102
400 102
401 102
402 102
377 103
378 103
379 103
380 103
398 103
399 103
400 103
401 103
402 103
377 104
378 104
379 104
380 104
377 105
378 105
379 105

FRAME 75
387 63
388 63
389 63
386 64
387 64
388 64
389 64
390 64
386 65
387 65
388 65
389 65
390 65
386 66
387 66
388 66
389 66
390 66
386 67
387 67
388 67
389 67
390 67
391 67
386 68
387 68
388 68
389 68
390 68
391 68
385 69
386 69
387 69
388 69
389 69
390 69
391 69
383 70
384 70
385 70
386 70
387 70
388 70
389 70
390 70
391 70
392 70
382 71
383 71
384 71
385 71
386 71
387 71
388 71
389 71
390 71
391 71
392 71
381 72
382 72
383 72
384 72
385 72
386 72
387 72
388 72
389 72
390 72
391 72
392 72
393 72
381 73
382 73
383 73
384 73
385 73
386 73
387 73
388 73
389 73
390 73
391 73
392 73
393 73
380 74
381 74
382 74
383 74
384 74
385 74
386 74
387 74
388 74
389 74
390 74
391 74
392 74
393 74
380 75
381 75
382 75
383 75
384 75
385 75
386 75
387 75
388 75
389 75
390 75
391 75
392 75
393 75
380 76
381 76
382 76
383 76
384 76
385 76
386 76
387 76
388 76
389 76
390 76
391 76
392 76
393 76
380 77
381 77
382 77
383 77
384 77
385 77
386 77
387 77
388 77
389 77
390 77
391 77
392 77
393 77
380 78
381 78
382 78
383 78
384 78
385 78
386 78
387 78
388 78
389 78
390 78
391 78
392 78
393 78
380 79
381 79
382 79
383 79
384 79
385 79
386 79
387 79
388 79
389 79
390 79
391 79
392 79
380 80
381 80
382 80
383 80
384 80
385 80
386 80
387 80
388 80
389 80
390 80
391 80
392 80
380 81
381 81
382 81
383 81
384 81
385 81
386 81
387 81
388 81
389 81
390 81
391 81
392 81
381 82
382 82
383 82
384 82
385 82
386 82
387 82
388 82
389 82
390 82
391 82
392 82
381 83
382 83
383 83
384 83
385 83
386 83
387 83
388 83
389 83
390 83
391 83
392 83
381 84
382 84
383 84
384 84
385 84
386 84
387 84
388 84
389 84
390 84
391 84
392 84
393 84
381 85
382 85
383 85
384 85
385 85
386 85
387 85
388 85
389 85
390 85
391 85
392 85
393 85
381 86
382 86
383 86
384 86
385 86
386 86
387 86
388 86
389 86
390 86
391 86
392 86
393 86
394 86
381 87
382 87
383 87
384 87
385 87
386 87
387 87
388 87
389 87
390 87
391 87
392 87
393 87
394 87
381 88
382 88
383 88
384 88
385 88
386 88
387 88
388 88
389 88
390 88
391 88
392 88
393 88
394 88
381 89
382 89
383 89
384 89
385 89
390 89
391 89
392 89
393 89
394 89
380 90
381 90
382 90
383 90
384 90
385 90
391 90
392 90
393 90
394 90
395 90
380 91
381 91
382 91
383 91
384 91
391 91
392 91
393 91
394 91
395 91
380 92
381 92
382 92
383 92
384 92
392 92
393 92
394 92
395 92
396 92
380 93
381 93
382 93
383 93
384 93
393 93
394 93
395 93
396 93
380 94
381 94
382 94
383 94
393 94
394 94
395 94
396 94
397 94
379 95
380 95
381 95
382 95
383 95
394 95
395 95
396 95
397 95
379 96
380 96
381 96
382 96
395 96
396 96
397 96
379 97
380 97
381 97
382 97
395 97
396 97
397 97
398 97
379 98
380 98
381 98
396 98
397 98
398 98
378 99
379 99
380 99
381 99
396 99
397 99
398 99
399 99
378 100
379 100
380 100
397 100
398 100
399 100
400 100
378 101
379 101
380 101
397 101
398 101
399 101
400 101
401 101
377 102
378 102
379 102
380 102
397 102
398 102
399 102
400 102
401 102
377 103
378 103
379 103
380 103
399 103
400 103
401 103
402 103
376 104
377 104
378 104
379 104
376 105
377 105
378 105
379 105
377 106
378 106

FRAME 76
386 63
387 63
388 63
389 63
386 64
387 64
388 64
389 64
390 64
386 65
387 65
388 65
389 65
390 65
386 66
387 66
388 66
389 66
390 66
385 67
386 67
387 67
388 67
389 67
390 67
385 68
386 68
387 68
388 68
389 68
390 68
384 69
385 69
386 69
387 69
388 69
389 69
390 69
391 69
382 70
383 70
384 70
385 70
386 70
387 70
388 70
389 70
390 70
391 70
381 71
382 71
383 71
384 71
385 71
386 71
387 71
388 71
389 71
390 71
391 71
392 71
380 72
381 72
382 72
383 72
384 72
385 72
386 72
387 72
388 72
389 72
390 72
391 72
392 72
380 73
381 73
382 73
383 73
384 73
385 73
386 73
387 73
388 73
389 73
390 73
391 73
392 73
379 74
380 74
381 74
382 74
383 74
384 74
385 74
386 74
387 74
388 74
389 74
390 74
391 74
392 74
379 75
380 75
381 75
382 75
383 75
384 75
385 75
386 75
387 75
388 75
389 75
390 75
391 75
392 75
379 76
380 76
381 76
382 76
383 76
384 76
385 76
386 76
387 76
388 76
389 76
390 76
391 76
392 76
379 77
380 77
381 77
382 77
383 77
384 77
385 77
386 77
387 77
388 77
389 77
390 77
391 77
392 77
379 78
380 78
381 78
382 78
383 78
384 78
385 78
386 78
387 78
388 78
389 78
390 78
391 78
392 78
379 79
380 79
381 79
382 79
383 79
384 79
385 79
386 79
387 79
388 79
389 79
390 79
391 79
380 80
381 80
382 80
383 80
384 80
385 80
386 80
387 80
388 80
389 80
390 80
391 80
380 81
381 81
382 81
383 81
384 81
385 81
386 81
387 81
388 81
389 81
390 81
391 81
380 82
381 82
382 82
383 82
384 82
385 82
386 82
387 82
388 82
389 82
390 82
391 82
380 83
381 83
382 83
383 83
384 83
385 83
386 83
387 83
388 83
389 83
390 83
391 83
392 83
380 84
381 84
382 84
383 84
384 84
385 84
386 84
387 84
388 84
389 84
390 84
391 84
392 84
380 85
381 85
382 85
383 85
384 85
385 85
386 85
387 85
388 85
389 85
390 85
391 85
392 85
393 85
380 86
381 86
382 86
383 86
384 86
385 86
386 86
387 86
388 86
389 86
390 86
391 86
392 86
393 86
380 87
381 87
382 87
383 87
384 87
385 87
386 87
387 87
388 87
389 87
390 87
391 87
392 87
393 87
380 88
381 88
382 88
383 88
384 88
385 88
386 88
387 88
388 88
389 88
390 88
391 88
392 88
393 88
380 89
381 89
382 89
383 89
384 89
389 89
390 89
391 89
392 89
393 89
380 90
381 90
382 90
383 90
384 90
390 90
391 90
392 90
393 90
394 90
380 91
381 91
382 91
383 91
384 91
391 91
392 91
393 91
394 91
379 92
380 92
381 92
382 92
383 92
391 92
392 92
393 92
394 92
395 92
379 93
380 93
381 93
382 93
383 93
392 93
393 93
394 93
395 93
379 94
380 94
381 94
382 94
383 94
393 94
394 94
395 94
396 94
379 95
380 95
381 95
382 95
393 95
394 95
395 95
396 95
379 96
380 96
381 96
382 96
394 96
395 96
396 96
397 96
379 97
380 97
381 97
382 97
395 97
396 97
397 97
379 98
380 98
381 98
395 98
396 98
397 98
398 98
378 99
379 99
380 99
396 99
397 99
398 99
378 100
379 100
380 100
396 100
397 100
398 100
399 100
378 101
379 101
380 101
396 101
397 101
398 101
399 101
400 101
377 102
378 102
379 102
380 102
397 102
398 102
399 102
400 102
401 102
377 103
378 103
379 103
398 103
399 103
400 103
401 103
376 104
377 104
378 104
379 104
376 105
377 105
378 105
379 105
378 106

FRAME 77
150 28
151 28
150 29
151 29
152 29
153 29
150 30
151 30
152 30
153 30
150 31
151 31
152 31
153 31
150 32
151 32
152 32
153 32
149 33
150 33
151 33
152 33
153 33
154 33
148 34
149 34
150 34
151 34
152 34
153 34
154 34
147 35
148 35
149 35
150 35
151 35
152 35
153 35
154 35
155 35
146 36
147 36
148 36
149 36
150 36
151 36
152 36
153 36
154 36
155 36
156 36
146 37
147 37
148 37
149 37
150 37
151 37
152 37
153 37
154 37
155 37
156 37
157 37
146 38
147 38
148 38
149 38
150 38
151 38
152 38
153 38
154 38
155 38
156 38
157 38
146 39
147 39
148 39
149 39
150 39
151 39
152 39
153 39
154 39
155 39
156 39
157 39
146 40
147 40
148 40
149 40
150 40
151 40
152 40
153 40
154 40
155 40
156 40
157 40
146 41
147 41
148 41
149 41
150 41
151 41
152 41
153 41
154 41
155 41
156 41
157 41
146 42
147 42
148 42
149 42
150 42
151 42
152 42
153 42
154 42
155 42
156 42
157 42
146 43
147 43
148 43
149 43
150 43
151 43
152 43
153 43
154 43
155 43
156 43
157 43
146 44
147 44
148 44
149 44
150 44
151 44
152 44
153 44
154 44
155 44
156 44
157 44
146 45
147 45
148 45
149 45
150 45
151 45
152 45
153 45
154 45
155 45
156 45
157 45
146 46
147 46
148 46
149 46
150 46
151 46
152 46
153 46
154 46
155 46
156 46
157 46
146 47
147 47
148 47
149 47
150 47
151 47
152 47
153 47
154 47
155 47
156 47
157 47
147 48
148 48
149 48
150 48
151 48
152 48
153 48
154 48
155 48
156 48
157 48
147 49
148 49
149 49
150 49
151 49
152 49
153 49
154 49
155 49
156 49
157 49
147 50
148 50
149 50
150 50
151 50
152 50
153 50
154 50
155 50
156 50
157 50
147 51
148 51
149 51
150 51
151 51
152 51
153 51
154 51
155 51
156 51
147 52
148 52
149 52
150 52
151 52
152 52
153 52
154 52
155 52
156 52
148 53
149 53
150 53
151 53
152 53
153 53
154 53
155 53
156 53
148 54
149 54
150 54
151 54
152 54
153 54
154 54
155 54
156 54
157 54
148 55
149 55
150 55
151 55
152 55
153 55
154 55
155 55
156 55
157 55
158 55
148 56
149 56
150 56
151 56
152 56
153 56
154 56
155 56
156 56
157 56
158 56
148 57
149 57
150 57
151 57
152 57
153 57
154 57
155 57
156 57
157 57
158 57
148 58
149 58
150 58
151 58
152 58
153 58
154 58
155 58
156 58
157 58
148 59
149 59
150 59
151 59
152 59
153 59
154 59
155 59
156 59
157 59
148 60
149 60
150 60
151 60
152 60
153 60
154 60
155 60
156 60
157 60
149 61
150 61
151 61
152 61
154 61
155 61
156 61
157 61
148 62
149 62
150 62
151 62
152 62
155 62
156 62
157 62
149 63
150 63
151 63
152 63
155 63
156 63
157 63
149 64
150 64
151 64
152 64
155 64
156 64
157 64
149 65
150 65
151 65
152 65
155 65
156 65
157 65
149 66
150 66
151 66
152 66
155 66
156 66
157 66
149 67
150 67
151 67
152 67
155 67
156 67
157 67
149 68
150 68
151 68
152 68
155 68
156 68
157 68
149 69
150 69
151 69
152 69
155 69
156 69
157 69
149 70
150 70
151 70
152 70
155 70
156 70
157 70
149 71
150 71
151 71
152 71
155 71
156 71
157 71
149 72
150 72
151 72
152 72
155 72
156 72
157 72
149 73
150 73
151 73
155 73
156 73

FRAME 78
386 61
384 62
385 62
386 62
387 62
384 63
385 63
386 63
387 63
383 64
384 64
385 64
386 64
387 64
383 65
384 65
385 65
386 65
387 65
383 66
384 66
385 66
386 66
387 66
381 67
382 67
383 67
384 67
385 67
386 67
387 67
388 67
380 68
381 68
382 68
383 68
384 68
385 68
386 68
387 68
388 68
379 69
380 69
381 69
382 69
383 69
384 69
385 69
386 69
387 69
388 69
389 69
378 70
379 70
380 70
381 70
382 70
383 70
384 70
385 70
386 70
387 70
388 70
389 70
378 71
379 71
380 71
381 71
382 71
383 71
384 71
385 71
386 71
387 71
388 71
389 71
377 72
378 72
379 72
380 72
381 72
382 72
383 72
384 72
385 72
386 72
387 72
388 72
389 72
390 72
377 73
378 73
379 73
380 73
381 73
382 73
383 73
384 73
385 73
386 73
387 73
388 73
389 73
390 73
376 74
377 74
378 74
379 74
380 74
381 74
382 74
383 74
384 74
385 74
386 74
387 74
388 74
389 74
376 75
377 75
378 75
379 75
380 75
381 75
382 75
383 75
384 75
385 75
386 75
387 75
388 75
389 75
376 76
377 76
378 76
379 76
380 76
381 76
382 76
383 76
384 76
385 76
386 76
387 76
388 76
389 76
377 77
378 77
379 77
380 77
381 77
382 77
383 77
384 77
385 77
386 77
387 77
388 77
389 77
377 78
378 78
379 78
380 78
381 78
382 78
383 78
384 78
385 78
386 78
387 78
388 78
377 79
378 79
379 79
380 79
381 79
382 79
383 79
384 79
385 79
386 79
387 79
388 79
378 80
379 80
380 80
381 80
382 80
383 80
384 80
385 80
386 80
387 80
388 80
378 81
379 81
380 81
381 81
382 81
383 81
384 81
385 81
386 81
387 81
388 81
389 81
378 82
379 82
380 82
381 82
382 82
383 82
384 82
385 82
386 82
387 82
388 82
389 82
378 83
379 83
380 83
381 83
382 83
383 83
384 83
385 83
386 83
387 83
388 83
389 83
378 84
379 84
380 84
381 84
382 84
383 84
384 84
385 84
386 84
387 84
388 84
389 84
390 84
378 85
379 85
380 85
381 85
382 85
383 85
384 85
385 85
386 85
387 85
388 85
389 85
390 85
378 86
379 86
380 86
381 86
382 86
383 86
384 86
385 86
386 86
387 86
388 86
389 86
390 86
378 87
379 87
380 87
381 87
382 87
385 87
386 87
387 87
388 87
389 87
390 87
391 87
378 88
379 88
380 88
381 88
382 88
387 88
388 88
389 88
390 88
391 88
378 89
379 89
380 89
381 89
382 89
387 89
388 89
389 89
390 89
391 89
378 90
379 90
380 90
381 90
382 90
388 90
389 90
390 90
391 90
378 91
379 91
380 91
381 91
382 91
388 91
389 91
390 91
391 91
392 91
378 92
379 92
380 92
381 92
388 92
389 92
390 92
391 92
392 92
378 93
379 93
380 93
381 93
389 93
390 93
391 93
392 93
377 94
378 94
379 94
380 94
381 94
389 94
390 94
391 94
392 94
377 95
378 95
379 95
380 95
381 95
389 95
390 95
391 95
377 96
378 96
379 96
380 96
389 96
390 96
391 96
377 97
378 97
379 97
380 97
389 97
390 97
391 97
377 98
378 98
379 98
389 98
390 98
391 98
377 99
378 99
379 99
389 99
390 99
391 99
377 100
378 100
379 100
389 100
390 100
391 100
392 100
377 101
378 101
379 101
389 101
390 101
391 101
392 101
376 102
377 102
378 102
379 102
390 102
391 102
392 102
393 102
376 103
377 103
378 103
379 103
390 103
391 103
392 103
393 103
376 104
377 104
378 104
379 104
392 104
393 104
376 105
377 105
378 105

FRAME 79
385 61
386 61
383 62
384 62
385 62
386 62
383 63
384 63
385 63
386 63
383 64
384 64
385 64
386 64
387 64
383 65
384 65
385 65
386 65
387 65
382 66
383 66
384 66
385 66
386 66
387 66
381 67
382 67
383 67
384 67
385 67
386 67
387 67
380 68
381 68
382 68
383 68
384 68
385 68
386 68
387 68
388 68
379 69
380 69
381 69
382 69
383 69
384 69
385 69
386 69
387 69
388 69
378 70
379 70
380 70
381 70
382 70
383 70
384 70
385 70
386 70
387 70
388 70
389 70
377 71
378 71
379 71
380 71
381 71
382 71
383 71
384 71
385 71
386 71
387 71
388 71
389 71
377 72
378 72
379 72
380 72
381 72
382 72
383 72
384 72
385 72
386 72
387 72
388 72
389 72
376 73
377 73
378 73
379 73
380 73
381 73
382 73
383 73
384 73
385 73
386 73
387 73
388 73
389 73
376 74
377 74
378 74
379 74
380 74
381 74
382 74
383 74
384 74
385 74
386 74
387 74
388 74
389 74
376 75
377 75
378 75
379 75
380 75
381 75
382 75
383 75
384 75
385 75
386 75
387 75
388 75
376 76
377 76
378 76
379 76
380 76
381 76
382 76
383 76
384 76
385 76
386 76
387 76
388 76
376 77
377 77
378 77
379 77
380 77
381 77
382 77
383 77
384 77
385 77
386 77
387 77
388 77
376 78
377 78
378 78
379 78
380 78
381 78
382 78
383 78
384 78
385 78
386 78
387 78
388 78
377 79
378 79
379 79
380 79
381 79
382 79
383 79
384 79
385 79
386 79
387 79
388 79
377 80
378 80
379 80
380 80
381 80
382 80
383 80
384 80
385 80
386 80
387 80
388 80
377 81
378 81
379 81
380 81
381 81
382 81
383 81
384 81
385 81
386 81
387 81
388 81
377 82
378 82
379 82
380 82
381 82
382 82
383 82
384 82
385 82
386 82
387 82
388 82
389 82
377 83
378 83
379 83
380 83
381 83
382 83
383 83
384 83
385 83
386 83
387 83
388 83
389 83
377 84
378 84
379 84
380 84
381 84
382 84
383 84
384 84
385 84
386 84
387 84
388 84
389 84
377 85
378 85
379 85
380 85
381 85
382 85
383 85
384 85
385 85
386 85
387 85
388 85
389 85
377 86
378 86
379 86
380 86
381 86
382 86
383 86
384 86
385 86
386 86
387 86
388 86
389 86
390 86
377 87
378 87
379 87
380 87
381 87
382 87
385 87
386 87
387 87
388 87
389 87
390 87
377 88
378 88
379 88
380 88
381 88
386 88
387 88
388 88
389 88
390 88
377 89
378 89
379 89
380 89
381 89
387 89
388 89
389 89
390 89
377 90
378 90
379 90
380 90
381 90
387 90
388 90
389 90
390 90
391 90
377 91
378 91
379 91
380 91
381 91
387 91
388 91
389 91
390 91
391 91
377 92
378 92
379 92
380 92
381 92
387 92
388 92
389 92
390 92
391 92
377 93
378 93
379 93
380 93
381 93
387 93
388 93
389 93
390 93
391 93
377 94
378 94
379 94
380 94
387 94
388 94
389 94
390 94
377 95
378 95
379 95
380 95
387 95
388 95
389 95
390 95
377 96
378 96
379 96
380 96
387 96
388 96
389 96
390 96
376 97
377 97
378 97
379 97
387 97
388 97
389 97
376 98
377 98
378 98
379 98
387 98
388 98
389 98
376 99
377 99
378 99
379 99
387 99
388 99
389 99
376 100
377 100
378 100
387 100
388 100
389 100
390 100
376 101
377 101
378 101
387 101
388 101
389 101
390 101
376 102
377 102
378 102
387 102
388 102
389 102
390 102
391 102
376 103
377 103
378 103
388 103
389 103
390 103
391 103
376 104
377 104
378 104
389 104
390 104
391 104
376 105
377 105
378 105
376 106
377 106

FRAME 80
383 61
384 61
382 62
383 62
384 62
385 62
382 63
383 63
384 63
385 63
382 64
383 64
384 64
385 64
381 65
382 65
383 65
384 65
385 65
386 65
381 66
382 66
383 66
384 66
385 66
386 66
380 67
381 67
382 67
383 67
384 67
385 67
386 67
379 68
380 68
381 68
382 68
383 68
384 68
385 68
386 68
387 68
378 69
379 69
380 69
381 69
382 69
383 69
384 69
385 69
386 69
387 69
377 70
378 70
379 70
380 70
381 70
382 70
383 70
384 70
385 70
386 70
387 70
388 70
376 71
377 71
378 71
379 71
380 71
381 71
382 71
383 71
384 71
385 71
386 71
387 71
388 71
376 72
377 72
378 72
379 72
380 72
381 72
382 72
383 72
384 72
385 72
386 72
387 72
388 72
375 73
376 73
377 73
378 73
379 73
380 73
381 73
382 73
383 73
384 73
385 73
386 73
387 73
388 73
375 74
376 74
377 74
378 74
379 74
380 74
381 74
382 74
383 74
384 74
385 74
386 74
387 74
388 74
375 75
376 75
377 75
378 75
379 75
380 75
381 75
382 75
383 75
384 75
385 75
386 75
387 75
375 76
376 76
377 76
378 76
379 76
380 76
381 76
382 76
383 76
384 76
385 76
386 76
387 76
375 77
376 77
377 77
378 77
379 77
380 77
381 77
382 77
383 77
384 77
385 77
386 77
376 78
377 78
378 78
379 78
380 78
381 78
382 78
383 78
384 78
385 78
386 78
376 79
377 79
378 79
379 79
380 79
381 79
382 79
383 79
384 79
385 79
386 79
376 80
377 80
378 80
379 80
380 80
381 80
382 80
383 80
384 80
385 80
386 80
387 80
376 81
377 81
378 81
379 81
380 81
381 81
382 81
383 81
384 81
385 81
386 81
387 81
376 82
377 82
378 82
379 82
380 82
381 82
382 82
383 82
384 82
385 82
386 82
387 82
388 82
376 83
377 83
378 83
379 83
380 83
381 83
382 83
383 83
384 83
385 83
386 83
387 83
388 83
376 84
377 84
378 84
379 84
380 84
381 84
382 84
383 84
384 84
385 84
386 84
387 84
388 84
376 85
377 85
378 85
379 85
380 85
381 85
382 85
383 85
384 85
385 85
386 85
387 85
388 85
376 86
377 86
378 86
379 86
380 86
381 86
382 86
383 86
384 86
385 86
386 86
387 86
388 86
376 87
377 87
378 87
379 87
380 87
384 87
385 87
386 87
387 87
388 87
389 87
376 88
377 88
378 88
379 88
380 88
385 88
386 88
387 88
388 88
389 88
376 89
377 89
378 89
379 89
380 89
385 89
386 89
387 89
388 89
389 89
376 90
377 90
378 90
379 90
380 90
385 90
386 90
387 90
388 90
389 90
376 91
377 91
378 91
379 91
385 91
386 91
387 91
388 91
389 91
376 92
377 92
378 92
379 92
385 92
386 92
387 92
388 92
389 92
376 93
377 93
378 93
379 93
385 93
386 93
387 93
388 93
389 93
376 94
377 94
378 94
385 94
386 94
387 94
388 94
375 95
376 95
377 95
378 95
385 95
386 95
387 95
388 95
375 96
376 96
377 96
378 96
385 96
386 96
387 96
388 96
375 97
376 97
377 97
385 97
386 97
387 97
375 98
376 98
377 98
385 98
386 98
375 99
376 99
377 99
385 99
386 99
375 100
376 100
377 100
384 100
385 100
386 100
387 100
375 101
376 101
377 101
384 101
385 101
386 101
387 101
375 102
376 102
377 102
384 102
385 102
386 102
387 102
375 103
376 103
377 103
384 103
385 103
386 103
387 103
375 104
376 104
377 104
378 104
385 104
386 104
387 104
376 105
377 105
378 105
386 105

FRAME 82
381 62
382 62
383 62
380 63
381 63
382 63
383 63
380 64
381 64
382 64
383 64
379 65
380 65
381 65
382 65
383 65
384 65
379 66
380 66
381 66
382 66
383 66
384 66
378 67
379 67
380 67
381 67
382 67
383 67
384 67
377 68
378 68
379 68
380 68
381 68
382 68
383 68
384 68
385 68
375 69
376 69
377 69
378 69
379 69
380 69
381 69
382 69
383 69
384 69
385 69
375 70
376 70
377 70
378 70
379 70
380 70
381 70
382 70
383 70
384 70
385 70
386 70
374 71
375 71
376 71
377 71
378 71
379 71
380 71
381 71
382 71
383 71
384 71
385 71
386 71
374 72
375 72
376 72
377 72
378 72
379 72
380 72
381 72
382 72
383 72
384 72
385 72
386 72
374 73
375 73
376 73
377 73
378 73
379 73
380 73
381 73
382 73
383 73
384 73
385 73
386 73
373 74
374 74
375 74
376 74
377 74
378 74
379 74
380 74
381 74
382 74
383 74
384 74
385 74
386 74
373 75
374 75
375 75
376 75
377 75
378 75
379 75
380 75
381 75
382 75
383 75
384 75
385 75
386 75
373 76
374 76
375 76
376 76
377 76
378 76
379 76
380 76
381 76
382 76
383 76
384 76
385 76
386 76
373 77
374 77
375 77
376 77
377 77
378 77
379 77
380 77
381 77
382 77
383 77
384 77
385 77
374 78
375 78
376 78
377 78
378 78
379 78
380 78
381 78
382 78
383 78
384 78
385 78
374 79
375 79
376 79
377 79
378 79
379 79
380 79
381 79
382 79
383 79
384 79
385 79
374 80
375 80
376 80
377 80
378 80
379 80
380 80
381 80
382 80
383 80
384 80
385 80
374 81
375 81
376 81
377 81
378 81
379 81
380 81
381 81
382 81
383 81
384 81
385 81
374 82
375 82
376 82
377 82
378 82
379 82
380 82
381 82
382 82
383 82
384 82
385 82
374 83
375 83
376 83
377 83
378 83
379 83
380 83
381 83
382 83
383 83
384 83
385 83
386 83
374 84
375 84
376 84
377 84
378 84
379 84
380 84
381 84
382 84
383 84
384 84
385 84
386 84
374 85
375 85
376 85
377 85
378 85
379 85
380 85
381 85
382 85
383 85
384 85
385 85
386 85
374 86
375 86
376 86
377 86
378 86
379 86
380 86
381 86
382 86
383 86
384 86
385 86
386 86
374 87
375 87
376 87
377 87
378 87
379 87
380 87
381 87
382 87
383 87
384 87
385 87
386 87
374 88
375 88
376 88
377 88
378 88
382 88
383 88
384 88
385 88
386 88
374 89
375 89
376 89
377 89
382 89
383 89
384 89
385 89
386 89
373 90
374 90
375 90
376 90
377 90
383 90
384 90
385 90
386 90
373 91
374 91
375 91
376 91
377 91
383 91
384 91
385 91
386 91
373 92
374 92
375 92
376 92
383 92
384 92
385 92
386 92
373 93
374 93
375 93
376 93
383 93
384 93
385 93
386 93
373 94
374 94
375 94
376 94
383 94
384 94
385 94
386 94
372 95
373 95
374 95
375 95
383 95
384 95
385 95
386 95
372 96
373 96
374 96
375 96
383 96
384 96
385 96
386 96
372 97
373 97
374 97
383 97
384 97
385 97
372 98
373 98
374 98
382 98
383 98
384 98
385 98
372 99
373 99
374 99
382 99
383 99
384 99
372 100
373 100
374 100
382 100
383 100
384 100
371 101
372 101
373 101
374 101
382 101
383 101
384 101
371 102
372 102
373 102
374 102
382 102
383 102
384 102
385 102
371 103
372 103
373 103
374 103
382 103
383 103
384 103
385 103
371 104
372 104
373 104
374 104
382 104
383 104
384 104
385 104
371 105
372 105
373 105
374 105
383 105
384 105
385 105
386 105
372 106
373 106

FRAME 83
380 62
381 62
379 63
380 63
381 63
382 63
378 64
379 64
380 64
381 64
382 64
378 65
379 65
380 65
381 65
382 65
377 66
378 66
379 66
380 66
381 66
382 66
383 66
376 67
377 67
378 67
379 67
380 67
381 67
382 67
383 67
375 68
376 68
377 68
378 68
379 68
380 68
381 68
382 68
383 68
374 69
375 69
376 69
377 69
378 69
379 69
380 69
381 69
382 69
383 69
384 69
374 70
375 70
376 70
377 70
378 70
379 70
380 70
381 70
382 70
383 70
384 70
373 71
374 71
375 71
376 71
377 71
378 71
379 71
380 71
381 71
382 71
383 71
384 71
385 71
373 72
374 72
375 72
376 72
377 72
378 72
379 72
380 72
381 72
382 72
383 72
384 72
385 72
373 73
374 73
375 73
376 73
377 73
378 73
379 73
380 73
381 73
382 73
383 73
384 73
385 73
373 74
374 74
375 74
376 74
377 74
378 74
379 74
380 74
381 74
382 74
383 74
384 74
385 74
373 75
374 75
375 75
376 75
377 75
378 75
379 75
380 75
381 75
382 75
383 75
384 75
385 75
373 76
374 76
375 76
376 76
377 76
378 76
379 76
380 76
381 76
382 76
383 76
384 76
385 76
373 77
374 77
375 77
376 77
377 77
378 77
379 77
380 77
381 77
382 77
383 77
384 77
373 78
374 78
375 78
376 78
377 78
378 78
379 78
380 78
381 78
382 78
383 78
384 78
373 79
374 79
375 79
376 79
377 79
378 79
379 79
380 79
381 79
382 79
383 79
384 79
373 80
374 80
375 80
376 80
377 80
378 80
379 80
380 80
381 80
382 80
383 80
384 80
373 81
374 81
375 81
376 81
377 81
378 81
379 81
380 81
381 81
382 81
383 81
384 81
373 82
374 82
375 82
376 82
377 82
378 82
379 82
380 82
381 82
382 82
383 82
384 82
373 83
374 83
375 83
376 83
377 83
378 83
379 83
380 83
381 83
382 83
383 83
384 83
373 84
374 84
375 84
376 84
377 84
378 84
379 84
380 84
381 84
382 84
383 84
384 84
385 84
373 85
374 85
375 85
376 85
377 85
378 85
379 85
380 85
381 85
382 85
383 85
384 85
385 85
372 86
373 86
374 86
375 86
376 86
377 86
378 86
379 86
380 86
381 86
382 86
383 86
384 86
385 86
372 87
373 87
374 87
375 87
376 87
377 87
379 87
380 87
381 87
382 87
383 87
384 87
385 87
372 88
373 88
374 88
375 88
376 88
380 88
381 88
382 88
383 88
384 88
385 88
372 89
373 89
374 89
375 89
376 89
381 89
382 89
383 89
384 89
385 89
386 89
371 90
372 90
373 90
374 90
375 90
381 90
382 90
383 90
384 90
385 90
386 90
371 91
372 91
373 91
374 91
375 91
382 91
383 91
384 91
385 91
386 91
371 92
372 92
373 92
374 92
375 92
382 92
383 92
384 92
385 92
386 92
371 93
372 93
373 93
374 93
382 93
383 93
384 93
385 93
386 93
370 94
371 94
372 94
373 94
374 94
382 94
383 94
384 94
385 94
386 94
370 95
371 95
372 95
373 95
382 95
383 95
384 95
385 95
370 96
371 96
372 96
373 96
382 96
383 96
384 96
385 96
369 97
370 97
371 97
372 97
382 97
383 97
384 97
385 97
369 98
370 98
371 98
372 98
382 98
383 98
384 98
369 99
370 99
371 99
382 99
383 99
384 99
369 100
370 100
371 100
382 100
383 100
384 100
368 101
369 101
370 101
371 101
382 101
383 101
384 101
368 102
369 102
370 102
371 102
382 102
383 102
384 102
368 103
369 103
370 103
382 103
383 103
384 103
385 103
367 104
368 104
369 104
370 104
382 104
383 104
384 104
385 104
367 105
368 105
369 105
370 105
382 105
383 105
384 105
385 105
386 105
367 106
368 106
369 106
370 106
384 106
385 106
368 107
369 107

FRAME 84
378 63
379 63
380 63
377 64
378 64
379 64
380 64
381 64
377 65
378 65
379 65
380 65
381 65
376 66
377 66
378 66
379 66
380 66
381 66
376 67
377 67
378 67
379 67
380 67
381 67
375 68
376 68
377 68
378 68
379 68
380 68
381 68
374 69
375 69
376 69
377 69
378 69
379 69
380 69
381 69
382 69
373 70
374 70
375 70
376 70
377 70
378 70
379 70
380 70
381 70
382 70
383 70
373 71
374 71
375 71
376 71
377 71
378 71
379 71
380 71
381 71
382 71
383 71
373 72
374 72
375 72
376 72
377 72
378 72
379 72
380 72
381 72
382 72
383 72
372 73
373 73
374 73
375 73
376 73
377 73
378 73
379 73
380 73
381 73
382 73
383 73
384 73
372 74
373 74
374 74
375 74
376 74
377 74
378 74
379 74
380 74
381 74
382 74
383 74
384 74
372 75
373 75
374 75
375 75
376 75
377 75
378 75
379 75
380 75
381 75
382 75
383 75
384 75
372 76
373 76
374 76
375 76
376 76
377 76
378 76
379 76
380 76
381 76
382 76
383 76
372 77
373 77
374 77
375 77
376 77
377 77
378 77
379 77
380 77
381 77
382 77
383 77
372 78
373 78
374 78
375 78
376 78
377 78
378 78
379 78
380 78
381 78
382 78
383 78
372 79
373 79
374 79
375 79
376 79
377 79
378 79
379 79
380 79
381 79
382 79
383 79
372 80
373 80
374 80
375 80
376 80
377 80
378 80
379 80
380 80
381 80
382 80
383 80
372 81
373 81
374 81
375 81
376 81
377 81
378 81
379 81
380 81
381 81
382 81
383 81
372 82
373 82
374 82
375 82
376 82
377 82
378 82
379 82
380 82
381 82
382 82
383 82
372 83
373 83
374 83
375 83
376 83
377 83
378 83
379 83
380 83
381 83
382 83
383 83
371 84
372 84
373 84
374 84
375 84
376 84
377 84
378 84
379 84
380 84
381 84
382 84
383 84
384 84
371 85
372 85
373 85
374 85
375 85
376 85
377 85
378 85
379 85
380 85
381 85
382 85
383 85
384 85
371 86
372 86
373 86
374 86
375 86
376 86
377 86
378 86
379 86
380 86
381 86
382 86
383 86
384 86
371 87
372 87
373 87
374 87
375 87
376 87
377 87
378 87
379 87
380 87
381 87
382 87
383 87
384 87
371 88
372 88
373 88
374 88
375 88
380 88
381 88
382 88
383 88
384 88
370 89
371 89
372 89
373 89
374 89
380 89
381 89
382 89
383 89
384 89
385 89
370 90
371 90
372 90
373 90
374 90
381 90
382 90
383 90
384 90
385 90
370 91
371 91
372 91
373 91
381 91
382 91
383 91
384 91
385 91
369 92
370 92
371 92
372 92
373 92
382 92
383 92
384 92
385 92
369 93
370 93
371 93
372 93
373 93
382 93
383 93
384 93
385 93
369 94
370 94
371 94
372 94
382 94
383 94
384 94
385 94
368 95
369 95
370 95
371 95
382 95
383 95
384 95
385 95
368 96
369 96
370 96
371 96
382 96
383 96
384 96
385 96
367 97
368 97
369 97
370 97
382 97
383 97
384 97
385 97
367 98
368 98
369 98
382 98
383 98
384 98
366 99
367 99
368 99
369 99
382 99
383 99
384 99
366 100
367 100
368 100
382 100
383 100
384 100
365 101
366 101
367 101
368 101
382 101
383 101
384 101
365 102
366 102
367 102
382 102
383 102
384 102
385 102
365 103
366 103
367 103
382 103
383 103
384 103
385 103
364 104
365 104
366 104
367 104
383 104
384 104
385 104
386 104
364 105
365 105
366 105
383 105
384 105
385 105
386 105
364 106
365 106
366 106
385 106
386 106
364 107
365 107
366 107

FRAME 85
150 28
151 28
152 28
150 29
151 29
152 29
153 29
149 30
150 30
151 30
152 30
153 30
150 31
151 31
152 31
153 31
149 32
150 32
151 32
152 32
153 32
149 33
150 33
151 33
152 33
153 33
154 33
148 34
149 34
150 34
151 34
152 34
153 34
154 34
147 35
148 35
149 35
150 35
151 35
152 35
153 35
154 35
155 35
146 36
147 36
148 36
149 36
150 36
151 36
152 36
153 36
154 36
155 36
156 36
146 37
147 37
148 37
149 37
150 37
151 37
152 37
153 37
154 37
155 37
156 37
157 37
146 38
147 38
148 38
149 38
150 38
151 38
152 38
153 38
154 38
155 38
156 38
157 38
146 39
147 39
148 39
149 39
150 39
151 39
152 39
153 39
154 39
155 39
156 39
157 39
146 40
147 40
148 40
149 40
150 40
151 40
152 40
153 40
154 40
155 40
156 40
157 40
146 41
147 41
148 41
149 41
150 41
151 41
152 41
153 41
154 41
155 41
156 41
157 41
146 42
147 42
148 42
149 42
150 42
151 42
152 42
153 42
154 42
155 42
156 42
157 42
146 43
147 43
148 43
149 43
150 43
151 43
152 43
153 43
154 43
155 43
156 43
157 43
146 44
147 44
148 44
149 44
150 44
151 44
152 44
153 44
154 44
155 44
156 44
157 44
146 45
147 45
148 45
149 45
150 45
151 45
152 45
153 45
154 45
155 45
156 45
157 45
146 46
147 46
148 46
149 46
150 46
151 46
152 46
153 46
154 46
155 46
156 46
157 46
146 47
147 47
148 47
149 47
150 47
151 47
152 47
153 47
154 47
155 47
156 47
157 47
147 48
148 48
149 48
150 48
151 48
152 48
153 48
154 48
155 48
156 48
157 48
147 49
148 49
149 49
150 49
151 49
152 49
153 49
154 49
155 49
156 49
157 49
147 50
148 50
149 50
150 50
151 50
152 50
153 50
154 50
155 50
156 50
157 50
147 51
148 51
149 51
150 51
151 51
152 51
153 51
154 51
155 51
156 51
147 52
148 52
149 52
150 52
151 52
152 52
153 52
154 52
155 52
156 52
148 53
149 53
150 53
151 53
152 53
153 53
154 53
155 53
156 53
157 53
148 54
149 54
150 54
151 54
152 54
153 54
154 54
155 54
156 54
157 54
148 55
149 55
150 55
151 55
152 55
153 55
154 55
155 55
156 55
157 55
158 55
148 56
149 56
150 56
151 56
152 56
153 56
154 56
155 56
156 56
157 56
158 56
148 57
149 57
150 57
151 57
152 57
153 57
154 57
155 57
156 57
157 57
158 57
148 58
149 58
150 58
151 58
152 58
153 58
154 58
155 58
156 58
157 58
148 59
149 59
150 59
151 59
152 59
153 59
154 59
155 59
156 59
157 59
148 60
149 60
150 60
151 60
152 60
153 60
154 60
155 60
156 60
157 60
148 61
149 61
150 61
151 61
152 61
154 61
155 61
156 61
157 61
148 62
149 62
150 62
151 62
152 62
155 62
156 62
157 62
149 63
150 63
151 63
152 63
155 63
156 63
157 63
149 64
150 64
151 64
152 64
155 64
156 64
157 64
149 65
150 65
151 65
152 65
155 65
156 65
157 65
149 66
150 66
151 66
152 66
155 66
156 66
157 66
149 67
150 67
151 67
155 67
156 67
157 67
149 68
150 68
151 68
155 68
156 68
157 68
149 69
150 69
151 69
152 69
155 69
156 69
157 69
149 70
150 70
151 70
152 70
155 70
156 70
157 70
149 71
150 71
151 71
152 71
155 71
156 71
157 71
149 72
150 72
151 72
152 72
155 72
156 72
157 72
149 73
150 73
151 73
155 73
156 73

FRAME 86
376 65
377 65
378 65
375 66
376 66
377 66
378 66
379 66
375 67
376 67
377 67
378 67
379 67
374 68
375 68
376 68
377 68
378 68
379 68
380 68
373 69
374 69
375 69
376 69
377 69
378 69
379 69
380 69
373 70
374 70
375 70
376 70
377 70
378 70
379 70
380 70
372 71
373 71
374 71
375 71
376 71
377 71
378 71
379 71
380 71
381 71
372 72
373 72
374 72
375 72
376 72
377 72
378 72
379 72
380 72
381 72
371 73
372 73
373 73
374 73
375 73
376 73
377 73
378 73
379 73
380 73
381 73
382 73
371 74
372 74
373 74
374 74
375 74
376 74
377 74
378 74
379 74
380 74
381 74
382 74
370 75
371 75
372 75
373 75
374 75
375 75
376 75
377 75
378 75
379 75
380 75
381 75
382 75
370 76
371 76
372 76
373 76
374 76
375 76
376 76
377 76
378 76
379 76
380 76
381 76
382 76
370 77
371 77
372 77
373 77
374 77
375 77
376 77
377 77
378 77
379 77
380 77
381 77
382 77
370 78
371 78
372 78
373 78
374 78
375 78
376 78
377 78
378 78
379 78
380 78
381 78
382 78
370 79
371 79
372 79
373 79
374 79
375 79
376 79
377 79
378 79
379 79
380 79
381 79
382 79
370 80
371 80
372 80
373 80
374 80
375 80
376 80
377 80
378 80
379 80
380 80
381 80
370 81
371 81
372 81
373 81
374 81
375 81
376 81
377 81
378 81
379 81
380 81
381 81
370 82
371 82
372 82
373 82
374 82
375 82
376 82
377 82
378 82
379 82
380 82
381 82
370 83
371 83
372 83
373 83
374 83
375 83
376 83
377 83
378 83
379 83
380 83
381 83
382 83
370 84
371 84
372 84
373 84
374 84
375 84
376 84
377 84
378 84
379 84
380 84
381 84
382 84
370 85
371 85
372 85
373 85
374 85
375 85
376 85
377 85
378 85
379 85
380 85
381 85
382 85
370 86
371 86
372 86
373 86
374 86
375 86
376 86
377 86
378 86
379 86
380 86
381 86
382 86
383 86
369 87
370 87
371 87
372 87
373 87
374 87
375 87
376 87
377 87
378 87
379 87
380 87
381 87
382 87
383 87
369 88
370 88
371 88
372 88
373 88
374 88
375 88
376 88
377 88
378 88
379 88
380 88
381 88
382 88
383 88
369 89
370 89
371 89
372 89
373 89
374 89
377 89
378 89
379 89
380 89
381 89
382 89
383 89
368 90
369 90
370 90
371 90
372 90
373 90
379 90
380 90
381 90
382 90
383 90
368 91
369 91
370 91
371 91
372 91
380 91
381 91
382 91
383 91
384 91
367 92
368 92
369 92
370 92
371 92
372 92
381 92
382 92
383 92
384 92
367 93
368 93
369 93
370 93
371 93
381 93
382 93
383 93
384 93
366 94
367 94
368 94
369 94
370 94
371 94
381 94
382 94
383 94
384 94
385 94
366 95
367 95
368 95
369 95
370 95
382 95
383 95
384 95
385 95
365 96
366 96
367 96
368 96
369 96
382 96
383 96
384 96
385 96
364 97
365 97
366 97
367 97
368 97
382 97
383 97
384 97
364 98
365 98
366 98
367 98
382 98
383 98
384 98
363 99
364 99
365 99
366 99
382 99
383 99
384 99
362 100
363 100
364 100
365 100
382 100
383 100
384 100
362 101
363 101
364 101
382 101
383 101
384 101
361 102
362 102
363 102
364 102
382 102
383 102
384 102
385 102
361 103
362 103
363 103
382 103
383 103
384 103
385 103
361 104
362 104
363 104
382 104
383 104
384 104
385 104
361 105
362 105
363 105
383 105
384 105
385 105
386 105
361 106
362 106
363 106
384 106
385 106
386 106
361 107
362 107
363 107

FRAME 87
375 66
376 66
377 66
375 67
376 67
377 67
378 67
374 68
375 68
376 68
377 68
378 68
379 68
374 69
375 69
376 69
377 69
378 69
379 69
374 70
375 70
376 70
377 70
378 70
379 70
373 71
374 71
375 71
376 71
377 71
378 71
379 71
372 72
373 72
374 72
375 72
376 72
377 72
378 72
379 72
371 73
372 73
373 73
374 73
375 73
376 73
377 73
378 73
379 73
380 73
381 73
370 74
371 74
372 74
373 74
374 74
375 74
376 74
377 74
378 74
379 74
380 74
381 74
370 75
371 75
372 75
373 75
374 75
375 75
376 75
377 75
378 75
379 75
380 75
381 75
369 76
370 76
371 76
372 76
373 76
374 76
375 76
376 76
377 76
378 76
379 76
380 76
381 76
369 77
370 77
371 77
372 77
373 77
374 77
375 77
376 77
377 77
378 77
379 77
380 77
381 77
369 78
370 78
371 78
372 78
373 78
374 78
375 78
376 78
377 78
378 78
379 78
380 78
381 78
369 79
370 79
371 79
372 79
373 79
374 79
375 79
376 79
377 79
378 79
379 79
380 79
381 79
369 80
370 80
371 80
372 80
373 80
374 80
375 80
376 80
377 80
378 80
379 80
380 80
381 80
369 81
370 81
371 81
372 81
373 81
374 81
375 81
376 81
377 81
378 81
379 81
380 81
381 81
369 82
370 82
371 82
372 82
373 82
374 82
375 82
376 82
377 82
378 82
379 82
380 82
381 82
369 83
370 83
371 83
372 83
373 83
374 83
375 83
376 83
377 83
378 83
379 83
380 83
369 84
370 84
371 84
372 84
373 84
374 84
375 84
376 84
377 84
378 84
379 84
380 84
369 85
370 85
371 85
372 85
373 85
374 85
375 85
376 85
377 85
378 85
379 85
380 85
381 85
369 86
370 86
371 86
372 86
373 86
374 86
375 86
376 86
377 86
378 86
379 86
380 86
381 86
369 87
370 87
371 87
372 87
373 87
374 87
375 87
376 87
377 87
378 87
379 87
380 87
381 87
382 87
368 88
369 88
370 88
371 88
372 88
373 88
374 88
375 88
376 88
377 88
378 88
379 88
380 88
381 88
382 88
368 89
369 89
370 89
371 89
372 89
373 89
374 89
375 89
376 89
377 89
378 89
379 89
380 89
381 89
382 89
368 90
369 90
370 90
371 90
372 90
373 90
374 90
375 90
376 90
377 90
378 90
379 90
380 90
381 90
382 90
383 90
367 91
368 91
369 91
370 91
371 91
372 91
377 91
378 91
379 91
380 91
381 91
382 91
383 91
367 92
368 92
369 92
370 92
371 92
379 92
380 92
381 92
382 92
383 92
367 93
368 93
369 93
370 93
371 93
380 93
381 93
382 93
383 93
366 94
367 94
368 94
369 94
370 94
371 94
380 94
381 94
382 94
383 94
384 94
366 95
367 95
368 95
369 95
370 95
381 95
382 95
383 95
384 95
365 96
366 96
367 96
368 96
369 96
370 96
381 96
382 96
383 96
384 96
365 97
366 97
367 97
368 97
369 97
381 97
382 97
383 97
384 97
364 98
365 98
366 98
367 98
368 98
381 98
382 98
383 98
384 98
363 99
364 99
365 99
366 99
367 99
382 99
383 99
384 99
363 100
364 100
365 100
366 100
382 100
383 100
362 101
363 101
364 101
365 101
382 101
383 101
361 102
362 102
363 102
364 102
382 102
383 102
384 102
361 103
362 103
363 103
382 103
383 103
384 103
361 104
362 104
363 104
382 104
383 104
384 104
385 104
360 105
361 105
362 105
363 105
382 105
383 105
384 105
385 105
360 106
361 106
362 106
363 106
382 106
383 106
384 106
385 106
361 107
362 107
363 107
363 108

FRAME 88
376 66
375 67
376 67
377 67
378 67
374 68
375 68
376 68
377 68
378 68
374 69
375 69
376 69
377 69
378 69
373 70
374 70
375 70
376 70
377 70
378 70
373 71
374 71
375 71
376 71
377 71
378 71
372 72
373 72
374 72
375 72
376 72
377 72
378 72
379 72
371 73
372 73
373 73
374 73
375 73
376 73
377 73
378 73
379 73
380 73
370 74
371 74
372 74
373 74
374 74
375 74
376 74
377 74
378 74
379 74
380 74
381 74
369 75
370 75
371 75
372 75
373 75
374 75
375 75
376 75
377 75
378 75
379 75
380 75
381 75
369 76
370 76
371 76
372 76
373 76
374 76
375 76
376 76
377 76
378 76
379 76
380 76
381 76
369 77
370 77
371 77
372 77
373 77
374 77
375 77
376 77
377 77
378 77
379 77
380 77
381 77
369 78
370 78
371 78
372 78
373 78
374 78
375 78
376 78
377 78
378 78
379 78
380 78
381 78
369 79
370 79
371 79
372 79
373 79
374 79
375 79
376 79
377 79
378 79
379 79
380 79
381 79
369 80
370 80
371 80
372 80
373 80
374 80
375 80
376 80
377 80
378 80
379 80
380 80
381 80
369 81
370 81
371 81
372 81
373 81
374 81
375 81
376 81
377 81
378 81
379 81
380 81
369 82
370 82
371 82
372 82
373 82
374 82
375 82
376 82
377 82
378 82
379 82
380 82
369 83
370 83
371 83
372 83
373 83
374 83
375 83
376 83
377 83
378 83
379 83
380 83
369 84
370 84
371 84
372 84
373 84
374 84
375 84
376 84
377 84
378 84
379 84
380 84
369 85
370 85
371 85
372 85
373 85
374 85
375 85
376 85
377 85
378 85
379 85
380 85
369 86
370 86
371 86
372 86
373 86
374 86
375 86
376 86
377 86
378 86
379 86
380 86
381 86
368 87
369 87
370 87
371 87
372 87
373 87
374 87
375 87
376 87
377 87
378 87
379 87
380 87
381 87
368 88
369 88
370 88
371 88
372 88
373 88
374 88
375 88
376 88
377 88
378 88
379 88
380 88
381 88
382 88
368 89
369 89
370 89
371 89
372 89
373 89
374 89
375 89
376 89
377 89
378 89
379 89
380 89
381 89
382 89
368 90
369 90
370 90
371 90
372 90
373 90
374 90
375 90
376 90
377 90
378 90
379 90
380 90
381 90
382 90
367 91
368 91
369 91
370 91
371 91
372 91
376 91
377 91
378 91
379 91
380 91
381 91
382 91
383 91
367 92
368 92
369 92
370 92
371 92
378 92
379 92
380 92
381 92
382 92
383 92
367 93
368 93
369 93
370 93
371 93
379 93
380 93
381 93
382 93
383 93
366 94
367 94
368 94
369 94
370 94
371 94
379 94
380 94
381 94
382 94
383 94
366 95
367 95
368 95
369 95
370 95
380 95
381 95
382 95
383 95
365 96
366 96
367 96
368 96
369 96
370 96
380 96
381 96
382 96
383 96
365 97
366 97
367 97
368 97
369 97
381 97
382 97
383 97
364 98
365 98
366 98
367 98
368 98
381 98
382 98
383 98
363 99
364 99
365 99
366 99
367 99
381 99
382 99
383 99
363 100
364 100
365 100
366 100
381 100
382 100
383 100
362 101
363 101
364 101
365 101
381 101
382 101
383 101
361 102
362 102
363 102
364 102
381 102
382 102
383 102
361 103
362 103
363 103
381 103
382 103
383 103
384 103
361 104
362 104
363 104
381 104
382 104
383 104
384 104
360 105
361 105
362 105
363 105
382 105
383 105
384 105
385 105
360 106
361 106
362 106
363 106
382 106
383 106
384 106
385 106
361 107
362 107
363 107
363 108

FRAME 89
375 66
376 66
374 67
375 67
376 67
377 67
374 68
375 68
376 68
377 68
378 68
373 69
374 69
375 69
376 69
377 69
378 69
373 70
374 70
375 70
376 70
377 70
378 70
373 71
374 71
375 71
376 71
377 71
378 71
371 72
372 72
373 72
374 72
375 72
376 72
377 72
378 72
379 72
370 73
371 73
372 73
373 73
374 73
375 73
376 73
377 73
378 73
379 73
380 73
370 74
371 74
372 74
373 74
374 74
375 74
376 74
377 74
378 74
379 74
380 74
369 75
370 75
371 75
372 75
373 75
374 75
375 75
376 75
377 75
378 75
379 75
380 75
381 75
369 76
370 76
371 76
372 76
373 76
374 76
375 76
376 76
377 76
378 76
379 76
380 76
381 76
369 77
370 77
371 77
372 77
373 77
374 77
375 77
376 77
377 77
378 77
379 77
380 77
381 77
369 78
370 78
371 78
372 78
373 78
374 78
375 78
376 78
377 78
378 78
379 78
380 78
381 78
369 79
370 79
371 79
372 79
373 79
374 79
375 79
376 79
377 79
378 79
379 79
380 79
381 79
369 80
370 80
371 80
372 80
373 80
374 80
375 80
376 80
377 80
378 80
379 80
380 80
369 81
370 81
371 81
372 81
373 81
374 81
375 81
376 81
377 81
378 81
379 81
380 81
369 82
370 82
371 82
372 82
373 82
374 82
375 82
376 82
377 82
378 82
379 82
380 82
369 83
370 83
371 83
372 83
373 83
374 83
375 83
376 83
377 83
378 83
379 83
380 83
369 84
370 84
371 84
372 84
373 84
374 84
375 84
376 84
377 84
378 84
379 84
380 84
368 85
369 85
370 85
371 85
372 85
373 85
374 85
375 85
376 85
377 85
378 85
379 85
380 85
368 86
369 86
370 86
371 86
372 86
373 86
374 86
375 86
376 86
377 86
378 86
379 86
380 86
368 87
369 87
370 87
371 87
372 87
373 87
374 87
375 87
376 87
377 87
378 87
379 87
380 87
381 87
368 88
369 88
370 88
371 88
372 88
373 88
374 88
375 88
376 88
377 88
378 88
379 88
380 88
381 88
368 89
369 89
370 89
371 89
372 89
373 89
374 89
375 89
376 89
377 89
378 89
379 89
380 89
381 89
368 90
369 90
370 90
371 90
372 90
373 90
374 90
375 90
376 90
377 90
378 90
379 90
380 90
381 90
382 90
367 91
368 91
369 91
370 91
371 91
372 91
373 91
374 91
375 91
376 91
377 91
378 91
379 91
380 91
381 91
382 91
367 92
368 92
369 92
370 92
371 92
372 92
376 92
377 92
378 92
379 92
380 92
381 92
382 92
367 93
368 93
369 93
370 93
371 93
377 93
378 93
379 93
380 93
381 93
382 93
383 93
366 94
367 94
368 94
369 94
370 94
371 94
378 94
379 94
380 94
381 94
382 94
383 94
366 95
367 95
368 95
369 95
370 95
379 95
380 95
381 95
382 95
383 95
365 96
366 96
367 96
368 96
369 96
370 96
379 96
380 96
381 96
382 96
383 96
365 97
366 97
367 97
368 97
369 97
380 97
381 97
382 97
383 97
364 98
365 98
366 98
367 98
368 98
380 98
381 98
382 98
383 98
364 99
365 99
366 99
367 99
380 99
381 99
382 99
383 99
363 100
364 100
365 100
366 100
381 100
382 100
383 100
362 101
363 101
364 101
365 101
381 101
382 101
383 101
362 102
363 102
364 102
381 102
382 102
383 102
361 103
362 103
363 103
381 103
382 103
383 103
384 103
361 104
362 104
363 104
381 104
382 104
383 104
384 104
360 105
361 105
362 105
363 105
381 105
382 105
383 105
384 105
385 105
360 106
361 106
362 106
363 106
381 106
382 106
383 106
384 106
385 106
361 107
362 107
363 107
363 108

FRAME 90
375 65
376 65
374 66
375 66
376 66
377 66
373 67
374 67
375 67
376 67
377 67
378 67
373 68
374 68
375 68
376 68
377 68
378 68
373 69
374 69
375 69
376 69
377 69
378 69
373 70
374 70
375 70
376 70
377 70
378 70
372 71
373 71
374 71
375 71
376 71
377 71
378 71
371 72
372 72
373 72
374 72
375 72
376 72
377 72
378 72
379 72
370 73
371 73
372 73
373 73
374 73
375 73
376 73
377 73
378 73
379 73
380 73
369 74
370 74
371 74
372 74
373 74
374 74
375 74
376 74
377 74
378 74
379 74
380 74
369 75
370 75
371 75
372 75
373 75
374 75
375 75
376 75
377 75
378 75
379 75
380 75
381 75
369 76
370 76
371 76
372 76
373 76
374 76
375 76
376 76
377 76
378 76
379 76
380 76
381 76
369 77
370 77
371 77
372 77
373 77
374 77
375 77
376 77
377 77
378 77
379 77
380 77
381 77
368 78
369 78
370 78
371 78
372 78
373 78
374 78
375 78
376 78
377 78
378 78
379 78
380 78
368 79
369 79
370 79
371 79
372 79
373 79
374 79
375 79
376 79
377 79
378 79
379 79
380 79
368 80
369 80
370 80
371 80
372 80
373 80
374 80
375 80
376 80
377 80
378 80
379 80
380 80
368 81
369 81
370 81
371 81
372 81
373 81
374 81
375 81
376 81
377 81
378 81
379 81
380 81
368 82
369 82
370 82
371 82
372 82
373 82
374 82
375 82
376 82
377 82
378 82
379 82
369 83
370 83
371 83
372 83
373 83
374 83
375 83
376 83
377 83
378 83
379 83
368 84
369 84
370 84
371 84
372 84
373 84
374 84
375 84
376 84
377 84
378 84
379 84
380 84
368 85
369 85
370 85
371 85
372 85
373 85
374 85
375 85
376 85
377 85
378 85
379 85
380 85
368 86
369 86
370 86
371 86
372 86
373 86
374 86
375 86
376 86
377 86
378 86
379 86
380 86
381 86
368 87
369 87
370 87
371 87
372 87
373 87
374 87
375 87
376 87
377 87
378 87
379 87
380 87
381 87
368 88
369 88
370 88
371 88
372 88
373 88
374 88
375 88
376 88
377 88
378 88
379 88
380 88
381 88
368 89
369 89
370 89
371 89
372 89
373 89
374 89
375 89
376 89
377 89
378 89
379 89
380 89
381 89
382 89
368 90
369 90
370 90
371 90
372 90
373 90
374 90
375 90
376 90
377 90
378 90
379 90
380 90
381 90
382 90
367 91
368 91
369 91
370 91
371 91
372 91
373 91
375 91
376 91
377 91
378 91
379 91
380 91
381 91
382 91
367 92
368 92
369 92
370 92
371 92
372 92
377 92
378 92
379 92
380 92
381 92
382 92
367 93
368 93
369 93
370 93
371 93
378 93
379 93
380 93
381 93
382 93
383 93
366 94
367 94
368 94
369 94
370 94
371 94
379 94
380 94
381 94
382 94
383 94
366 95
367 95
368 95
369 95
370 95
379 95
380 95
381 95
382 95
383 95
365 96
366 96
367 96
368 96
369 96
380 96
381 96
382 96
383 96
364 97
365 97
366 97
367 97
368 97
380 97
381 97
382 97
383 97
364 98
365 98
366 98
367 98
380 98
381 98
382 98
383 98
363 99
364 99
365 99
366 99
380 99
381 99
382 99
383 99
363 100
364 100
365 100
366 100
381 100
382 100
383 100
362 101
363 101
364 101
365 101
381 101
382 101
383 101
361 102
362 102
363 102
364 102
381 102
382 102
383 102
361 103
362 103
363 103
381 103
382 103
383 103
384 103
361 104
362 104
363 104
381 104
382 104
383 104
384 104
360 105
361 105
362 105
363 105
381 105
382 105
383 105
384 105
385 105
360 106
361 106
362 106
363 106
382 106
383 106
384 106
385 106
361 107
362 107
363 107
363 108

FRAME 91
375 65
376 65
373 66
374 66
375 66
376 66
377 66
373 67
374 67
375 67
376 67
377 67
378 67
373 68
374 68
375 68
376 68
377 68
378 68
373 69
374 69
375 69
376 69
377 69
378 69
372 70
373 70
374 70
375 70
376 70
377 70
378 70
371 71
372 71
373 71
374 71
375 71
376 71
377 71
378 71
379 71
370 72
371 72
372 72
373 72
374 72
375 72
376 72
377 72
378 72
379 72
370 73
371 73
372 73
373 73
374 73
375 73
376 73
377 73
378 73
379 73
380 73
369 74
370 74
371 74
372 74
373 74
374 74
375 74
376 74
377 74
378 74
379 74
380 74
369 75
370 75
371 75
372 75
373 75
374 75
375 75
376 75
377 75
378 75
379 75
380 75
381 75
369 76
370 76
371 76
372 76
373 76
374 76
375 76
376 76
377 76
378 76
379 76
380 76
381 76
369 77
370 77
371 77
372 77
373 77
374 77
375 77
376 77
377 77
378 77
379 77
380 77
368 78
369 78
370 78
371 78
372 78
373 78
374 78
375 78
376 78
377 78
378 78
379 78
380 78
368 79
369 79
370 79
371 79
372 79
373 79
374 79
375 79
376 79
377 79
378 79
379 79
380 79
368 80
369 80
370 80
371 80
372 80
373 80
374 80
375 80
376 80
377 80
378 80
379 80
380 80
369 81
370 81
371 81
372 81
373 81
374 81
375 81
376 81
377 81
378 81
379 81
369 82
370 82
371 82
372 82
373 82
374 82
375 82
376 82
377 82
378 82
379 82
369 83
370 83
371 83
372 83
373 83
374 83
375 83
376 83
377 83
378 83
379 83
380 83
369 84
370 84
371 84
372 84
373 84
374 84
375 84
376 84
377 84
378 84
379 84
380 84
368 85
369 85
370 85
371 85
372 85
373 85
374 85
375 85
376 85
377 85
378 85
379 85
380 85
381 85
368 86
369 86
370 86
371 86
372 86
373 86
374 86
375 86
376 86
377 86
378 86
379 86
380 86
381 86
368 87
369 87
370 87
371 87
372 87
373 87
374 87
375 87
376 87
377 87
378 87
379 87
380 87
381 87
368 88
369 88
370 88
371 88
372 88
373 88
374 88
375 88
376 88
377 88
378 88
379 88
380 88
381 88
382 88
368 89
369 89
370 89
371 89
372 89
373 89
374 89
375 89
376 89
377 89
378 89
379 89
380 89
381 89
382 89
368 90
369 90
370 90
371 90
372 90
373 90
374 90
375 90
376 90
377 90
378 90
379 90
380 90
381 90
382 90
367 91
368 91
369 91
370 91
371 91
372 91
377 91
378 91
379 91
380 91
381 91
382 91
367 92
368 92
369 92
370 92
371 92
378 92
379 92
380 92
381 92
382 92
383 92
366 93
367 93
368 93
369 93
370 93
371 93
378 93
379 93
380 93
381 93
382 93
383 93
366 94
367 94
368 94
369 94
370 94
379 94
380 94
381 94
382 94
383 94
365 95
366 95
367 95
368 95
369 95
380 95
381 95
382 95
383 95
365 96
366 96
367 96
368 96
380 96
381 96
382 96
383 96
364 97
365 97
366 97
367 97
368 97
380 97
381 97
382 97
383 97
363 98
364 98
365 98
366 98
367 98
381 98
382 98
383 98
363 99
364 99
365 99
366 99
381 99
382 99
383 99
362 100
363 100
364 100
365 100
381 100
382 100
383 100
362 101
363 101
364 101
381 101
382 101
383 101
361 102
362 102
363 102
364 102
381 102
382 102
383 102
361 103
362 103
363 103
381 103
382 103
383 103
384 103
361 104
362 104
363 104
381 104
382 104
383 104
384 104
361 105
362 105
363 105
382 105
383 105
384 105
385 105
361 106
362 106
363 106
382 106
383 106
384 106
385 106
361 107
362 107
363 107
363 108

FRAME 92
375 64
376 64
373 65
374 65
375 65
376 65
377 65
373 66
374 66
375 66
376 66
377 66
378 66
373 67
374 67
375 67
376 67
377 67
378 67
372 68
373 68
374 68
375 68
376 68
377 68
378 68
372 69
373 69
374 69
375 69
376 69
377 69
378 69
379 69
371 70
372 70
373 70
374 70
375 70
376 70
377 70
378 70
379 70
371 71
372 71
373 71
374 71
375 71
376 71
377 71
378 71
379 71
370 72
371 72
372 72
373 72
374 72
375 72
376 72
377 72
378 72
379 72
380 72
369 73
370 73
371 73
372 73
373 73
374 73
375 73
376 73
377 73
378 73
379 73
380 73
369 74
370 74
371 74
372 74
373 74
374 74
375 74
376 74
377 74
378 74
379 74
380 74
381 74
369 75
370 75
371 75
372 75
373 75
374 75
375 75
376 75
377 75
378 75
379 75
380 75
381 75
369 76
370 76
371 76
372 76
373 76
374 76
375 76
376 76
377 76
378 76
379 76
380 76
381 76
369 77
370 77
371 77
372 77
373 77
374 77
375 77
376 77
377 77
378 77
379 77
380 77
369 78
370 78
371 78
372 78
373 78
374 78
375 78
376 78
377 78
378 78
379 78
380 78
369 79
370 79
371 79
372 79
373 79
374 79
375 79
376 79
377 79
378 79
379 79
380 79
369 80
370 80
371 80
372 80
373 80
374 80
375 80
376 80
377 80
378 80
379 80
380 80
369 81
370 81
371 81
372 81
373 81
374 81
375 81
376 81
377 81
378 81
379 81
380 81
369 82
370 82
371 82
372 82
373 82
374 82
375 82
376 82
377 82
378 82
379 82
380 82
369 83
370 83
371 83
372 83
373 83
374 83
375 83
376 83
377 83
378 83
379 83
380 83
368 84
369 84
370 84
371 84
372 84
373 84
374 84
375 84
376 84
377 84
378 84
379 84
380 84
381 84
368 85
369 85
370 85
371 85
372 85
373 85
374 85
375 85
376 85
377 85
378 85
379 85
380 85
381 85
368 86
369 86
370 86
371 86
372 86
373 86
374 86
375 86
376 86
377 86
378 86
379 86
380 86
381 86
382 86
368 87
369 87
370 87
371 87
372 87
373 87
374 87
375 87
376 87
377 87
378 87
379 87
380 87
381 87
382 87
367 88
368 88
369 88
370 88
371 88
372 88
373 88
374 88
375 88
376 88
377 88
378 88
379 88
380 88
381 88
382 88
367 89
368 89
369 89
370 89
371 89
372 89
377 89
378 89
379 89
380 89
381 89
382 89
383 89
367 90
368 90
369 90
370 90
371 90
378 90
379 90
380 90
381 90
382 90
383 90
366 91
367 91
368 91
369 91
370 91
371 91
379 91
380 91
381 91
382 91
383 91
366 92
367 92
368 92
369 92
370 92
379 92
380 92
381 92
382 92
383 92
366 93
367 93
368 93
369 93
380 93
381 93
382 93
383 93
365 94
366 94
367 94
368 94
369 94
380 94
381 94
382 94
383 94
364 95
365 95
366 95
367 95
368 95
380 95
381 95
382 95
383 95
364 96
365 96
366 96
367 96
381 96
382 96
383 96
384 96
364 97
365 97
366 97
367 97
381 97
382 97
383 97
363 98
364 98
365 98
366 98
381 98
382 98
383 98
363 99
364 99
365 99
381 99
382 99
383 99
362 100
363 100
364 100
365 100
382 100
383 100
362 101
363 101
364 101
382 101
383 101
362 102
363 102
364 102
382 102
383 102
384 102
361 103
362 103
363 103
364 103
382 103
383 103
384 103
361 104
362 104
363 104
364 104
382 104
383 104
384 104
385 104
361 105
362 105
363 105
364 105
382 105
383 105
384 105
385 105
361 106
362 106
363 106
364 106
382 106
383 106
384 106
385 106
361 107
362 107
363 107
364 107
363 108

FRAME 93
374 64
375 64
376 64
377 64
373 65
374 65
375 65
376 65
377 65
378 65
373 66
374 66
375 66
376 66
377 66
378 66
372 67
373 67
374 67
375 67
376 67
377 67
378 67
372 68
373 68
374 68
375 68
376 68
377 68
378 68
379 68
372 69
373 69
374 69
375 69
376 69
377 69
378 69
379 69
371 70
372 70
373 70
374 70
375 70
376 70
377 70
378 70
379 70
370 71
371 71
372 71
373 71
374 71
375 71
376 71
377 71
378 71
379 71
380 71
370 72
371 72
372 72
373 72
374 72
375 72
376 72
377 72
378 72
379 72
380 72
369 73
370 73
371 73
372 73
373 73
374 73
375 73
376 73
377 73
378 73
379 73
380 73
369 74
370 74
371 74
372 74
373 74
374 74
375 74
376 74
377 74
378 74
379 74
380 74
381 74
369 75
370 75
371 75
372 75
373 75
374 75
375 75
376 75
377 75
378 75
379 75
380 75
381 75
369 76
370 76
371 76
372 76
373 76
374 76
375 76
376 76
377 76
378 76
379 76
380 76
381 76
369 77
370 77
371 77
372 77
373 77
374 77
375 77
376 77
377 77
378 77
379 77
380 77
369 78
370 78
371 78
372 78
373 78
374 78
375 78
376 78
377 78
378 78
379 78
380 78
369 79
370 79
371 79
372 79
373 79
374 79
375 79
376 79
377 79
378 79
379 79
380 79
369 80
370 80
371 80
372 80
373 80
374 80
375 80
376 80
377 80
378 80
379 80
380 80
369 81
370 81
371 81
372 81
373 81
374 81
375 81
376 81
377 81
378 81
379 81
380 81
369 82
370 82
371 82
372 82
373 82
374 82
375 82
376 82
377 82
378 82
379 82
380 82
381 82
369 83
370 83
371 83
372 83
373 83
374 83
375 83
376 83
377 83
378 83
379 83
380 83
381 83
368 84
369 84
370 84
371 84
372 84
373 84
374 84
375 84
376 84
377 84
378 84
379 84
380 84
381 84
382 84
368 85
369 85
370 85
371 85
372 85
373 85
374 85
375 85
376 85
377 85
378 85
379 85
380 85
381 85
382 85
368 86
369 86
370 86
371 86
372 86
373 86
374 86
375 86
376 86
377 86
378 86
379 86
380 86
381 86
382 86
383 86
368 87
369 87
370 87
371 87
372 87
373 87
377 87
378 87
379 87
380 87
381 87
382 87
383 87
367 88
368 88
369 88
370 88
371 88
372 88
378 88
379 88
380 88
381 88
382 88
383 88
367 89
368 89
369 89
370 89
371 89
379 89
380 89
381 89
382 89
383 89
366 90
367 90
368 90
369 90
370 90
379 90
380 90
381 90
382 90
383 90
366 91
367 91
368 91
369 91
370 91
380 91
381 91
382 91
383 91
366 92
367 92
368 92
369 92
381 92
382 92
383 92
384 92
365 93
366 93
367 93
368 93
369 93
381 93
382 93
383 93
384 93
365 94
366 94
367 94
368 94
381 94
382 94
383 94
384 94
364 95
365 95
366 95
367 95
381 95
382 95
383 95
384 95
364 96
365 96
366 96
367 96
382 96
383 96
384 96
364 97
365 97
366 97
382 97
383 97
384 97
363 98
364 98
365 98
366 98
382 98
383 98
384 98
363 99
364 99
365 99
382 99
383 99
384 99
363 100
364 100
365 100
382 100
383 100
384 100
362 101
363 101
364 101
365 101
382 101
383 101
384 101
362 102
363 102
364 102
382 102
383 102
384 102
362 103
363 103
364 103
382 103
383 103
384 103
385 103
362 104
363 104
364 104
382 104
383 104
384 104
385 104
361 105
362 105
363 105
364 105
383 105
384 105
385 105
361 106
362 106
363 106
364 106
383 106
384 106
385 106
386 106
361 107
362 107
363 107

FRAME 94
150 28
151 28
152 28
149 29
150 29
151 29
152 29
153 29
149 30
150 30
151 30
152 30
153 30
149 31
150 31
151 31
152 31
153 31
149 32
150 32
151 32
152 32
153 32
149 33
150 33
151 33
152 33
153 33
154 33
148 34
149 34
150 34
151 34
152 34
153 34
154 34
147 35
148 35
149 35
150 35
151 35
152 35
153 35
154 35
155 35
146 36
147 36
148 36
149 36
150 36
151 36
152 36
153 36
154 36
155 36
156 36
146 37
147 37
148 37
149 37
150 37
151 37
152 37
153 37
154 37
155 37
156 37
157 37
146 38
147 38
148 38
149 38
150 38
151 38
152 38
153 38
154 38
155 38
156 38
157 38
146 39
147 39
148 39
149 39
150 39
151 39
152 39
153 39
154 39
155 39
156 39
157 39
146 40
147 40
148 40
149 40
150 40
151 40
152 40
153 40
154 40
155 40
156 40
157 40
146 41
147 41
148 41
149 41
150 41
151 41
152 41
153 41
154 41
155 41
156 41
157 41
146 42
147 42
148 42
149 42
150 42
151 42
152 42
153 42
154 42
155 42
156 42
157 42
146 43
147 43
148 43
149 43
150 43
151 43
152 43
153 43
154 43
155 43
156 43
157 43
146 44
147 44
148 44
149 44
150 44
151 44
152 44
153 44
154 44
155 44
156 44
157 44
146 45
147 45
148 45
149 45
150 45
151 45
152 45
153 45
154 45
155 45
156 45
157 45
146 46
147 46
148 46
149 46
150 46
151 46
152 46
153 46
154 46
155 46
156 46
157 46
146 47
147 47
148 47
149 47
150 47
151 47
152 47
153 47
154 47
155 47
156 47
157 47
147 48
148 48
149 48
150 48
151 48
152 48
153 48
154 48
155 48
156 48
157 48
147 49
148 49
149 49
150 49
151 49
152 49
153 49
154 49
155 49
156 49
157 49
147 50
148 50
149 50
150 50
151 50
152 50
153 50
154 50
155 50
156 50
157 50
147 51
148 51
149 51
150 51
151 51
152 51
153 51
154 51
155 51
156 51
147 52
148 52
149 52
150 52
151 52
152 52
153 52
154 52
155 52
156 52
148 53
149 53
150 53
151 53
152 53
153 53
154 53
155 53
156 53
157 53
148 54
149 54
150 54
151 54
152 54
153 54
154 54
155 54
156 54
157 54
148 55
149 55
150 55
151 55
152 55
153 55
154 55
155 55
156 55
157 55
158 55
148 56
149 56
150 56
151 56
152 56
153 56
154 56
155 56
156 56
157 56
158 56
148 57
149 57
150 57
151 57
152 57
153 57
154 57
155 57
156 57
157 57
158 57
148 58
149 58
150 58
151 58
152 58
153 58
154 58
155 58
156 58
157 58
148 59
149 59
150 59
151 59
152 59
153 59
154 59
155 59
156 59
157 59
148 60
149 60
150 60
151 60
152 60
153 60
154 60
155 60
156 60
157 60
148 61
149 61
150 61
151 61
152 61
154 61
155 61
156 61
157 61
148 62
149 62
150 62
151 62
152 62
155 62
156 62
157 62
149 63
150 63
151 63
152 63
155 63
156 63
157 63
149 64
150 64
151 64
152 64
155 64
156 64
157 64
149 65
150 65
151 65
152 65
155 65
156 65
157 65
149 66
150 66
151 66
152 66
155 66
156 66
157 66
149 67
150 67
151 67
155 67
156 67
157 67
149 68
150 68
151 68
155 68
156 68
157 68
149 69
150 69
151 69
152 69
155 69
156 69
157 69
149 70
150 70
151 70
152 70
155 70
156 70
157 70
149 71
150 71
151 71
152 71
155 71
156 71
157 71
149 72
150 72
151 72
152 72
155 72
156 72
157 72
149 73
150 73
151 73
155 73
156 73
157 73

FRAME 95
150 28
151 28
152 28
149 29
150 29
151 29
152 29
153 29
149 30
150 30
151 30
152 30
153 30
149 31
150 31
151 31
152 31
153 31
149 32
150 32
151 32
152 32
153 32
149 33
150 33
151 33
152 33
153 33
154 33
148 34
149 34
150 34
151 34
152 34
153 34
154 34
147 35
148 35
149 35
150 35
151 35
152 35
153 35
154 35
155 35
146 36
147 36
148 36
149 36
150 36
151 36
152 36
153 36
154 36
155 36
156 36
146 37
147 37
148 37
149 37
150 37
151 37
152 37
153 37
154 37
155 37
156 37
157 37
146 38
147 38
148 38
149 38
150 38
151 38
152 38
153 38
154 38
155 38
156 38
157 38
146 39
147 39
148 39
149 39
150 39
151 39
152 39
153 39
154 39
155 39
156 39
157 39
146 40
147 40
148 40
149 40
150 40
151 40
152 40
153 40
154 40
155 40
156 40
157 40
146 41
147 41
148 41
149 41
150 41
151 41
152 41
153 41
154 41
155 41
156 41
157 41
146 42
147 42
148 42
149 42
150 42
151 42
152 42
153 42
154 42
155 42
156 42
157 42
146 43
147 43
148 43
149 43
150 43
151 43
152 43
153 43
154 43
155 43
156 43
157 43
146 44
147 44
148 44
149 44
150 44
151 44
152 44
153 44
154 44
155 44
156 44
157 44
146 45
147 45
148 45
149 45
150 45
151 45
152 45
153 45
154 45
155 45
156 45
157 45
146 46
147 46
148 46
149 46
150 46
151 46
152 46
153 46
154 46
155 46
156 46
157 46
146 47
147 47
148 47
149 47
150 47
151 47
152 47
153 47
154 47
155 47
156 47
157 47
147 48
148 48
149 48
150 48
151 48
152 48
153 48
154 48
155 48
156 48
157 48
147 49
148 49
149 49
150 49
151 49
152 49
153 49
154 49
155 49
156 49
157 49
147 50
148 50
149 50
150 50
151 50
152 50
153 50
154 50
155 50
156 50
157 50
147 51
148 51
149 51
150 51
151 51
152 51
153 51
154 51
155 51
156 51
147 52
148 52
149 52
150 52
151 52
152 52
153 52
154 52
155 52
156 52
148 53
149 53
150 53
151 53
152 53
153 53
154 53
155 53
156 53
157 53
148 54
149 54
150 54
151 54
152 54
153 54
154 54
155 54
156 54
157 54
148 55
149 55
150 55
151 55
152 55
153 55
154 55
155 55
156 55
157 55
158 55
148 56
149 56
150 56
151 56
152 56
153 56
154 56
155 56
156 56
157 56
158 56
148 57
149 57
150 57
151 57
152 57
153 57
154 57
155 57
156 57
157 57
158 57
148 58
149 58
150 58
151 58
152 58
153 58
154 58
155 58
156 58
157 58
148 59
149 59
150 59
151 59
152 59
153 59
154 59
155 59
156 59
157 59
148 60
149 60
150 60
151 60
152 60
153 60
154 60
155 60
156 60
157 60
148 61
149 61
150 61
151 61
152 61
154 61
155 61
156 61
157 61
148 62
149 62
150 62
151 62
152 62
155 62
156 62
157 62
149 63
150 63
151 63
152 63
155 63
156 63
157 63
149 64
150 64
151 64
152 64
155 64
156 64
157 64
149 65
150 65
151 65
152 65
155 65
156 65
157 65
149 66
150 66
151 66
152 66
155 66
156 66
157 66
149 67
150 67
151 67
152 67
155 67
156 67
157 67
149 68
150 68
151 68
152 68
155 68
156 68
157 68
149 69
150 69
151 69
152 69
155 69
156 69
157 69
149 70
150 70
151 70
152 70
155 70
156 70
157 70
149 71
150 71
151 71
152 71
155 71
156 71
157 71
149 72
150 72
151 72
152 72
155 72
156 72
157 72
149 73
150 73
151 73
155 73
156 73
157 73

FRAME 96
375 63
376 63
373 64
374 64
375 64
376 64
377 64
373 65
374 65
375 65
376 65
377 65
378 65
373 66
374 66
375 66
376 66
377 66
378 66
372 67
373 67
374 67
375 67
376 67
377 67
378 67
379 67
372 68
373 68
374 68
375 68
376 68
377 68
378 68
379 68
372 69
373 69
374 69
375 69
376 69
377 69
378 69
379 69
371 70
372 70
373 70
374 70
375 70
376 70
377 70
378 70
379 70
380 70
370 71
371 71
372 71
373 71
374 71
375 71
376 71
377 71
378 71
379 71
380 71
370 72
371 72
372 72
373 72
374 72
375 72
376 72
377 72
378 72
379 72
380 72
381 72
369 73
370 73
371 73
372 73
373 73
374 73
375 73
376 73
377 73
378 73
379 73
380 73
381 73
369 74
370 74
371 74
372 74
373 74
374 74
375 74
376 74
377 74
378 74
379 74
380 74
381 74
369 75
370 75
371 75
372 75
373 75
374 75
375 75
376 75
377 75
378 75
379 75
380 75
381 75
369 76
370 76
371 76
372 76
373 76
374 76
375 76
376 76
377 76
378 76
379 76
380 76
381 76
369 77
370 77
371 77
372 77
373 77
374 77
375 77
376 77
377 77
378 77
379 77
380 77
381 77
369 78
370 78
371 78
372 78
373 78
374 78
375 78
376 78
377 78
378 78
379 78
380 78
381 78
369 79
370 79
371 79
372 79
373 79
374 79
375 79
376 79
377 79
378 79
379 79
380 79
381 79
370 80
371 80
372 80
373 80
374 80
375 80
376 80
377 80
378 80
379 80
380 80
381 80
370 81
371 81
372 81
373 81
374 81
375 81
376 81
377 81
378 81
379 81
380 81
381 81
369 82
370 82
371 82
372 82
373 82
374 82
375 82
376 82
377 82
378 82
379 82
380 82
381 82
382 82
369 83
370 83
371 83
372 83
373 83
374 83
375 83
376 83
377 83
378 83
379 83
380 83
381 83
382 83
369 84
370 84
371 84
372 84
373 84
374 84
375 84
376 84
377 84
378 84
379 84
380 84
381 84
382 84
369 85
370 85
371 85
372 85
373 85
374 85
375 85
376 85
377 85
378 85
379 85
380 85
381 85
382 85
383 85
368 86
369 86
370 86
371 86
372 86
373 86
374 86
378 86
379 86
380 86
381 86
382 86
383 86
368 87
369 87
370 87
371 87
372 87
379 87
380 87
381 87
382 87
383 87
367 88
368 88
369 88
370 88
371 88
379 88
380 88
381 88
382 88
383 88
384 88
367 89
368 89
369 89
370 89
371 89
380 89
381 89
382 89
383 89
384 89
366 90
367 90
368 90
369 90
370 90
380 90
381 90
382 90
383 90
384 90
366 91
367 91
368 91
369 91
370 91
381 91
382 91
383 91
384 91
385 91
366 92
367 92
368 92
369 92
382 92
383 92
384 92
385 92
365 93
366 93
367 93
368 93
382 93
383 93
384 93
385 93
365 94
366 94
367 94
368 94
383 94
384 94
385 94
364 95
365 95
366 95
367 95
383 95
384 95
385 95
386 95
364 96
365 96
366 96
383 96
384 96
385 96
386 96
363 97
364 97
365 97
366 97
384 97
385 97
386 97
363 98
364 98
365 98
384 98
385 98
386 98
363 99
364 99
365 99
384 99
385 99
386 99
387 99
363 100
364 100
365 100
385 100
386 100
387 100
362 101
363 101
364 101
365 101
385 101
386 101
387 101
362 102
363 102
364 102
385 102
386 102
387 102
388 102
362 103
363 103
364 103
385 103
386 103
387 103
388 103
361 104
362 104
363 104
364 104
385 104
386 104
387 104
388 104
362 105
363 105
364 105
386 105
387 105
388 105

FRAME 97
150 28
151 28
152 28
149 29
150 29
151 29
152 29
153 29
149 30
150 30
151 30
152 30
153 30
149 31
150 31
151 31
152 31
153 31
149 32
150 32
151 32
152 32
153 32
149 33
150 33
151 33
152 33
153 33
154 33
148 34
149 34
150 34
151 34
152 34
153 34
154 34
147 35
148 35
149 35
150 35
151 35
152 35
153 35
154 35
155 35
146 36
147 36
148 36
149 36
150 36
151 36
152 36
153 36
154 36
155 36
156 36
146 37
147 37
148 37
149 37
150 37
151 37
152 37
153 37
154 37
155 37
156 37
157 37
146 38
147 38
148 38
149 38
150 38
151 38
152 38
153 38
154 38
155 38
156 38
157 38
146 39
147 39
148 39
149 39
150 39
151 39
152 39
153 39
154 39
155 39
156 39
157 39
146 40
147 40
148 40
149 40
150 40
151 40
152 40
153 40
154 40
155 40
156 40
157 40
146 41
147 41
148 41
149 41
150 41
151 41
152 41
153 41
154 41
155 41
156 41
157 41
146 42
147 42
148 42
149 42
150 42
151 42
152 42
153 42
154 42
155 42
156 42
157 42
146 43
147 43
148 43
149 43
150 43
151 43
152 43
153 43
154 43
155 43
156 43
157 43
146 44
147 44
148 44
149 44
150 44
151 44
152 44
153 44
154 44
155 44
156 44
157 44
146 45
147 45
148 45
149 45
150 45
151 45
152 45
153 45
154 45
155 45
156 45
157 45
146 46
147 46
148 46
149 46
150 46
151 46
152 46
153 46
154 46
155 46
156 46
157 46
146 47
147 47
148 47
149 47
150 47
151 47
152 47
153 47
154 47
155 47
156 47
157 47
147 48
148 48
149 48
150 48
151 48
152 48
153 48
154 48
155 48
156 48
157 48
147 49
148 49
149 49
150 49
151 49
152 49
153 49
154 49
155 49
156 49
157 49
147 50
148 50
149 50
150 50
151 50
152 50
153 50
154 50
155 50
156 50
157 50
147 51
148 51
149 51
150 51
151 51
152 51
153 51
154 51
155 51
156 51
157 51
147 52
148 52
149 52
150 52
151 52
152 52
153 52
154 52
155 52
156 52
148 53
149 53
150 53
151 53
152 53
153 53
154 53
155 53
156 53
157 53
148 54
149 54
150 54
151 54
152 54
153 54
154 54
155 54
156 54
157 54
148 55
149 55
150 55
151 55
152 55
153 55
154 55
155 55
156 55
157 55
158 55
148 56
149 56
150 56
151 56
152 56
153 56
154 56
155 56
156 56
157 56
158 56
148 57
149 57
150 57
151 57
152 57
153 57
154 57
155 57
156 57
157 57
158 57
148 58
149 58
150 58
151 58
152 58
153 58
154 58
155 58
156 58
157 58
148 59
149 59
150 59
151 59
152 59
153 59
154 59
155 59
156 59
157 59
148 60
149 60
150 60
151 60
152 60
153 60
154 60
155 60
156 60
157 60
148 61
149 61
150 61
151 61
152 61
154 61
155 61
156 61
157 61
148 62
149 62
150 62
151 62
152 62
155 62
156 62
157 62
149 63
150 63
151 63
152 63
155 63
156 63
157 63
149 64
150 64
151 64
152 64
155 64
156 64
157 64
149 65
150 65
151 65
152 65
155 65
156 65
157 65
149 66
150 66
151 66
152 66
155 66
156 66
157 66
149 67
150 67
151 67
152 67
155 67
156 67
157 67
149 68
150 68
151 68
152 68
155 68
156 68
157 68
149 69
150 69
151 69
152 69
155 69
156 69
157 69
149 70
150 70
151 70
152 70
155 70
156 70
157 70
149 71
150 71
151 71
152 71
155 71
156 71
157 71
149 72
150 72
151 72
152 72
155 72
156 72
157 72
149 73
150 73
151 73
155 73
156 73
157 73

FRAME 98
375 64
376 64
373 65
374 65
375 65
376 65
377 65
378 65
373 66
374 66
375 66
376 66
377 66
378 66
373 67
374 67
375 67
376 67
377 67
378 67
372 68
373 68
374 68
375 68
376 68
377 68
378 68
379 68
372 69
373 69
374 69
375 69
376 69
377 69
378 69
379 69
371 70
372 70
373 70
374 70
375 70
376 70
377 70
378 70
379 70
371 71
372 71
373 71
374 71
375 71
376 71
377 71
378 71
379 71
380 71
370 72
371 72
372 72
373 72
374 72
375 72
376 72
377 72
378 72
379 72
380 72
370 73
371 73
372 73
373 73
374 73
375 73
376 73
377 73
378 73
379 73
380 73
381 73
369 74
370 74
371 74
372 74
373 74
374 74
375 74
376 74
377 74
378 74
379 74
380 74
381 74
369 75
370 75
371 75
372 75
373 75
374 75
375 75
376 75
377 75
378 75
379 75
380 75
381 75
369 76
370 76
371 76
372 76
373 76
374 76
375 76
376 76
377 76
378 76
379 76
380 76
381 76
369 77
370 77
371 77
372 77
373 77
374 77
375 77
376 77
377 77
378 77
379 77
380 77
381 77
369 78
370 78
371 78
372 78
373 78
374 78
375 78
376 78
377 78
378 78
379 78
380 78
381 78
369 79
370 79
371 79
372 79
373 79
374 79
375 79
376 79
377 79
378 79
379 79
380 79
381 79
370 80
371 80
372 80
373 80
374 80
375 80
376 80
377 80
378 80
379 80
380 80
381 80
370 81
371 81
372 81
373 81
374 81
375 81
376 81
377 81
378 81
379 81
380 81
381 81
382 81
370 82
371 82
372 82
373 82
374 82
375 82
376 82
377 82
378 82
379 82
380 82
381 82
382 82
369 83
370 83
371 83
372 83
373 83
374 83
375 83
376 83
377 83
378 83
379 83
380 83
381 83
382 83
369 84
370 84
371 84
372 84
373 84
374 84
375 84
376 84
377 84
378 84
379 84
380 84
381 84
382 84
383 84
369 85
370 85
371 85
372 85
373 85
374 85
375 85
376 85
377 85
378 85
379 85
380 85
381 85
382 85
383 85
369 86
370 86
371 86
372 86
373 86
374 86
375 86
376 86
377 86
378 86
379 86
380 86
381 86
382 86
383 86
368 87
369 87
370 87
371 87
372 87
373 87
374 87
379 87
380 87
381 87
382 87
383 87
368 88
369 88
370 88
371 88
372 88
380 88
381 88
382 88
383 88
384 88
367 89
368 89
369 89
370 89
371 89
372 89
380 89
381 89
382 89
383 89
384 89
366 90
367 90
368 90
369 90
370 90
371 90
381 90
382 90
383 90
384 90
385 90
366 91
367 91
368 91
369 91
370 91
381 91
382 91
383 91
384 91
385 91
366 92
367 92
368 92
369 92
382 92
383 92
384 92
385 92
386 92
365 93
366 93
367 93
368 93
369 93
383 93
384 93
385 93
386 93
365 94
366 94
367 94
368 94
383 94
384 94
385 94
386 94
387 94
364 95
365 95
366 95
367 95
384 95
385 95
386 95
387 95
363 96
364 96
365 96
366 96
385 96
386 96
387 96
363 97
364 97
365 97
366 97
385 97
386 97
387 97
363 98
364 98
365 98
386 98
387 98
388 98
362 99
363 99
364 99
365 99
386 99
387 99
388 99
362 100
363 100
364 100
365 100
386 100
387 100
388 100
389 100
362 101
363 101
364 101
387 101
388 101
389 101
361 102
362 102
363 102
364 102
387 102
388 102
389 102
390 102
361 103
362 103
363 103
364 103
387 103
388 103
389 103
390 103
361 104
362 104
363 104
364 104
388 104
389 104
390 104
388 105
389 105

FRAME 99
374 66
375 66
376 66
377 66
373 67
374 67
375 67
376 67
377 67
378 67
373 68
374 68
375 68
376 68
377 68
378 68
379 68
373 69
374 69
375 69
376 69
377 69
378 69
379 69
372 70
373 70
374 70
375 70
376 70
377 70
378 70
379 70
372 71
373 71
374 71
375 71
376 71
377 71
378 71
379 71
371 72
372 72
373 72
374 72
375 72
376 72
377 72
378 72
379 72
380 72
370 73
371 73
372 73
373 73
374 73
375 73
376 73
377 73
378 73
379 73
380 73
381 73
370 74
371 74
372 74
373 74
374 74
375 74
376 74
377 74
378 74
379 74
380 74
381 74
370 75
371 75
372 75
373 75
374 75
375 75
376 75
377 75
378 75
379 75
380 75
381 75
369 76
370 76
371 76
372 76
373 76
374 76
375 76
376 76
377 76
378 76
379 76
380 76
381 76
369 77
370 77
371 77
372 77
373 77
374 77
375 77
376 77
377 77
378 77
379 77
380 77
381 77
369 78
370 78
371 78
372 78
373 78
374 78
375 78
376 78
377 78
378 78
379 78
380 78
381 78
370 79
371 79
372 79
373 79
374 79
375 79
376 79
377 79
378 79
379 79
380 79
381 79
370 80
371 80
372 80
373 80
374 80
375 80
376 80
377 80
378 80
379 80
380 80
381 80
370 81
371 81
372 81
373 81
374 81
375 81
376 81
377 81
378 81
379 81
380 81
381 81
382 81
370 82
371 82
372 82
373 82
374 82
375 82
376 82
377 82
378 82
379 82
380 82
381 82
382 82
370 83
371 83
372 83
373 83
374 83
375 83
376 83
377 83
378 83
379 83
380 83
381 83
382 83
369 84
370 84
371 84
372 84
373 84
374 84
375 84
376 84
377 84
378 84
379 84
380 84
381 84
382 84
383 84
369 85
370 85
371 85
372 85
373 85
374 85
375 85
376 85
377 85
378 85
379 85
380 85
381 85
382 85
383 85
369 86
370 86
371 86
372 86
373 86
374 86
375 86
376 86
377 86
378 86
379 86
380 86
381 86
382 86
383 86
369 87
370 87
371 87
372 87
373 87
374 87
375 87
376 87
377 87
378 87
379 87
380 87
381 87
382 87
383 87
368 88
369 88
370 88
371 88
372 88
373 88
379 88
380 88
381 88
382 88
383 88
384 88
367 89
368 89
369 89
370 89
371 89
372 89
380 89
381 89
382 89
383 89
384 89
367 90
368 90
369 90
370 90
371 90
380 90
381 90
382 90
383 90
384 90
385 90
366 91
367 91
368 91
369 91
370 91
371 91
381 91
382 91
383 91
384 91
385 91
366 92
367 92
368 92
369 92
370 92
382 92
383 92
384 92
385 92
386 92
365 93
366 93
367 93
368 93
369 93
382 93
383 93
384 93
385 93
386 93
387 93
365 94
366 94
367 94
368 94
383 94
384 94
385 94
386 94
387 94
364 95
365 95
366 95
367 95
368 95
384 95
385 95
386 95
387 95
388 95
364 96
365 96
366 96
367 96
385 96
386 96
387 96
388 96
363 97
364 97
365 97
366 97
386 97
387 97
388 97
363 98
364 98
365 98
387 98
388 98
389 98
363 99
364 99
365 99
387 99
388 99
389 99
362 100
363 100
364 100
365 100
388 100
389 100
390 100
361 101
362 101
363 101
364 101
388 101
389 101
390 101
361 102
362 102
363 102
364 102
388 102
389 102
390 102
391 102
361 103
362 103
363 103
388 103
389 103
390 103
391 103
361 104
362 104
363 104
389 104
390 104
391 104

FRAME 100
375 66
376 66
374 67
375 67
376 67
377 67
374 68
375 68
376 68
377 68
378 68
373 69
374 69
375 69
376 69
377 69
378 69
373 70
374 70
375 70
376 70
377 70
378 70
373 71
374 71
375 71
376 71
377 71
378 71
372 72
373 72
374 72
375 72
376 72
377 72
378 72
379 72
371 73
372 73
373 73
374 73
375 73
376 73
377 73
378 73
379 73
380 73
370 74
371 74
372 74
373 74
374 74
375 74
376 74
377 74
378 74
379 74
380 74
381 74
370 75
371 75
372 75
373 75
374 75
375 75
376 75
377 75
378 75
379 75
380 75
381 75
370 76
371 76
372 76
373 76
374 76
375 76
376 76
377 76
378 76
379 76
380 76
381 76
370 77
371 77
372 77
373 77
374 77
375 77
376 77
377 77
378 77
379 77
380 77
381 77
369 78
370 78
371 78
372 78
373 78
374 78
375 78
376 78
377 78
378 78
379 78
380 78
381 78
369 79
370 79
371 79
372 79
373 79
374 79
375 79
376 79
377 79
378 79
379 79
380 79
381 79
370 80
371 80
372 80
373 80
374 80
375 80
376 80
377 80
378 80
379 80
380 80
381 80
370 81
371 81
372 81
373 81
374 81
375 81
376 81
377 81
378 81
379 81
380 81
381 81
382 81
370 82
371 82
372 82
373 82
374 82
375 82
376 82
377 82
378 82
379 82
380 82
381 82
382 82
370 83
371 83
372 83
373 83
374 83
375 83
376 83
377 83
378 83
379 83
380 83
381 83
382 83
370 84
371 84
372 84
373 84
374 84
375 84
376 84
377 84
378 84
379 84
380 84
381 84
382 84
370 85
371 85
372 85
373 85
374 85
375 85
376 85
377 85
378 85
379 85
380 85
381 85
382 85
383 85
369 86
370 86
371 86
372 86
373 86
374 86
375 86
376 86
377 86
378 86
379 86
380 86
381 86
382 86
383 86
369 87
370 87
371 87
372 87
373 87
374 87
375 87
376 87
377 87
378 87
379 87
380 87
381 87
382 87
383 87
369 88
370 88
371 88
372 88
373 88
374 88
379 88
380 88
381 88
382 88
383 88
368 89
369 89
370 89
371 89
372 89
373 89
380 89
381 89
382 89
383 89
384 89
367 90
368 90
369 90
370 90
371 90
372 90
380 90
381 90
382 90
383 90
384 90
367 91
368 91
369 91
370 91
371 91
381 91
382 91
383 91
384 91
385 91
366 92
367 92
368 92
369 92
370 92
371 92
382 92
383 92
384 92
385 92
386 92
365 93
366 93
367 93
368 93
369 93
370 93
382 93
383 93
384 93
385 93
386 93
387 93
365 94
366 94
367 94
368 94
369 94
383 94
384 94
385 94
386 94
387 94
364 95
365 95
366 95
367 95
368 95
384 95
385 95
386 95
387 95
388 95
364 96
365 96
366 96
367 96
385 96
386 96
387 96
388 96
389 96
364 97
365 97
366 97
386 97
387 97
388 97
389 97
363 98
364 98
365 98
366 98
387 98
388 98
389 98
390 98
363 99
364 99
365 99
387 99
388 99
389 99
390 99
362 100
363 100
364 100
365 100
388 100
389 100
390 100
391 100
361 101
362 101
363 101
364 101
365 101
388 101
389 101
390 101
391 101
361 102
362 102
363 102
364 102
389 102
390 102
391 102
361 103
362 103
363 103
364 103
389 103
390 103
391 103
361 104
362 104
363 104
390 104
391 104

FRAME 101
376 67
374 68
375 68
376 68
377 68
373 69
374 69
375 69
376 69
377 69
373 70
374 70
375 70
376 70
377 70
378 70
373 71
374 71
375 71
376 71
377 71
378 71
373 72
374 72
375 72
376 72
377 72
378 72
372 73
373 73
374 73
375 73
376 73
377 73
378 73
371 74
372 74
373 74
374 74
375 74
376 74
377 74
378 74
379 74
370 75
371 75
372 75
373 75
374 75
375 75
376 75
377 75
378 75
379 75
380 75
370 76
371 76
372 76
373 76
374 76
375 76
376 76
377 76
378 76
379 76
380 76
381 76
370 77
371 77
372 77
373 77
374 77
375 77
376 77
377 77
378 77
379 77
380 77
381 77
369 78
370 78
371 78
372 78
373 78
374 78
375 78
376 78
377 78
378 78
379 78
380 78
381 78
369 79
370 79
371 79
372 79
373 79
374 79
375 79
376 79
377 79
378 79
379 79
380 79
381 79
370 80
371 80
372 80
373 80
374 80
375 80
376 80
377 80
378 80
379 80
380 80
381 80
370 81
371 81
372 81
373 81
374 81
375 81
376 81
377 81
378 81
379 81
380 81
381 81
370 82
371 82
372 82
373 82
374 82
375 82
376 82
377 82
378 82
379 82
380 82
381 82
382 82
370 83
371 83
372 83
373 83
374 83
375 83
376 83
377 83
378 83
379 83
380 83
381 83
382 83
370 84
371 84
372 84
373 84
374 84
375 84
376 84
377 84
378 84
379 84
380 84
381 84
382 84
370 85
371 85
372 85
373 85
374 85
375 85
376 85
377 85
378 85
379 85
380 85
381 85
382 85
370 86
371 86
372 86
373 86
374 86
375 86
376 86
377 86
378 86
379 86
380 86
381 86
382 86
383 86
370 87
371 87
372 87
373 87
374 87
375 87
376 87
377 87
378 87
379 87
380 87
381 87
382 87
383 87
369 88
370 88
371 88
372 88
373 88
374 88
375 88
376 88
377 88
378 88
379 88
380 88
381 88
382 88
383 88
369 89
370 89
371 89
372 89
373 89
374 89
379 89
380 89
381 89
382 89
383 89
368 90
369 90
370 90
371 90
372 90
373 90
380 90
381 90
382 90
383 90
384 90
367 91
368 91
369 91
370 91
371 91
372 91
381 91
382 91
383 91
384 91
367 92
368 92
369 92
370 92
371 92
381 92
382 92
383 92
384 92
385 92
366 93
367 93
368 93
369 93
370 93
382 93
383 93
384 93
385 93
386 93
366 94
367 94
368 94
369 94
382 94
383 94
384 94
385 94
386 94
387 94
366 95
367 95
368 95
383 95
384 95
385 95
386 95
387 95
388 95
365 96
366 96
367 96
368 96
384 96
385 96
386 96
387 96
388 96
389 96
365 97
366 97
367 97
385 97
386 97
387 97
388 97
389 97
365 98
366 98
367 98
386 98
387 98
388 98
389 98
390 98
364 99
365 99
366 99
367 99
387 99
388 99
389 99
390 99
364 100
365 100
366 100
367 100
388 100
389 100
390 100
391 100
363 101
364 101
365 101
366 101
389 101
390 101
391 101
362 102
363 102
364 102
365 102
366 102
389 102
390 102
391 102
362 103
363 103
364 103
365 103
389 103
390 103
391 103
390 104
391 104

FRAME 102
372 69
373 69
374 69
375 69
372 70
373 70
374 70
375 70
376 70
372 71
373 71
374 71
375 71
376 71
371 72
372 72
373 72
374 72
375 72
376 72
371 73
372 73
373 73
374 73
375 73
376 73
370 74
371 74
372 74
373 74
374 74
375 74
376 74
377 74
369 75
370 75
371 75
372 75
373 75
374 75
375 75
376 75
377 75
378 75
369 76
370 76
371 76
372 76
373 76
374 76
375 76
376 76
377 76
378 76
379 76
368 77
369 77
370 77
371 77
372 77
373 77
374 77
375 77
376 77
377 77
378 77
379 77
368 78
369 78
370 78
371 78
372 78
373 78
374 78
375 78
376 78
377 78
378 78
379 78
380 78
368 79
369 79
370 79
371 79
372 79
373 79
374 79
375 79
376 79
377 79
378 79
379 79
380 79
369 80
370 80
371 80
372 80
373 80
374 80
375 80
376 80
377 80
378 80
379 80
380 80
369 81
370 81
371 81
372 81
373 81
374 81
375 81
376 81
377 81
378 81
379 81
380 81
381 81
369 82
370 82
371 82
372 82
373 82
374 82
375 82
376 82
377 82
378 82
379 82
380 82
381 82
369 83
370 83
371 83
372 83
373 83
374 83
375 83
376 83
377 83
378 83
379 83
380 83
381 83
369 84
370 84
371 84
372 84
373 84
374 84
375 84
376 84
377 84
378 84
379 84
380 84
381 84
369 85
370 85
371 85
372 85
373 85
374 85
375 85
376 85
377 85
378 85
379 85
380 85
381 85
382 85
369 86
370 86
371 86
372 86
373 86
374 86
375 86
376 86
377 86
378 86
379 86
380 86
381 86
382 86
383 86
368 87
369 87
370 87
371 87
372 87
373 87
374 87
375 87
376 87
377 87
378 87
379 87
380 87
381 87
382 87
383 87
368 88
369 88
370 88
371 88
372 88
373 88
374 88
375 88
376 88
377 88
378 88
379 88
380 88
381 88
382 88
383 88
368 89
369 89
370 89
371 89
372 89
373 89
374 89
375 89
376 89
377 89
378 89
379 89
380 89
381 89
382 89
383 89
367 90
368 90
369 90
370 90
371 90
372 90
373 90
374 90
375 90
379 90
380 90
381 90
382 90
383 90
384 90
366 91
367 91
368 91
369 91
370 91
371 91
372 91
373 91
380 91
381 91
382 91
383 91
384 91
366 92
367 92
368 92
369 92
370 92
371 92
381 92
382 92
383 92
384 92
385 92
366 93
367 93
368 93
369 93
370 93
381 93
382 93
383 93
384 93
385 93
386 93
366 94
367 94
368 94
369 94
382 94
383 94
384 94
385 94
386 94
387 94
366 95
367 95
368 95
369 95
383 95
384 95
385 95
386 95
387 95
388 95
366 96
367 96
368 96
369 96
383 96
384 96
385 96
386 96
387 96
388 96
389 96
366 97
367 97
368 97
369 97
385 97
386 97
387 97
388 97
389 97
366 98
367 98
368 98
369 98
386 98
387 98
388 98
389 98
390 98
366 99
367 99
368 99
369 99
387 99
388 99
389 99
390 99
365 100
366 100
367 100
368 100
369 100
388 100
389 100
390 100
391 100
365 101
366 101
367 101
368 101
369 101
388 101
389 101
390 101
391 101
364 102
365 102
366 102
367 102
368 102
389 102
390 102
391 102
392 102
364 103
365 103
366 103
367 103
389 103
390 103
391 103
392 103
389 104
390 104
391 104

FRAME 103
372 69
373 69
374 69
371 70
372 70
373 70
374 70
371 71
372 71
373 71
374 71
375 71
370 72
371 72
372 72
373 72
374 72
375 72
370 73
371 73
372 73
373 73
374 73
375 73
369 74
370 74
371 74
372 74
373 74
374 74
375 74
376 74
368 75
369 75
370 75
371 75
372 75
373 75
374 75
375 75
376 75
377 75
368 76
369 76
370 76
371 76
372 76
373 76
374 76
375 76
376 76
377 76
378 76
368 77
369 77
370 77
371 77
372 77
373 77
374 77
375 77
376 77
377 77
378 77
379 77
368 78
369 78
370 78
371 78
372 78
373 78
374 78
375 78
376 78
377 78
378 78
379 78
368 79
369 79
370 79
371 79
372 79
373 79
374 79
375 79
376 79
377 79
378 79
379 79
368 80
369 80
370 80
371 80
372 80
373 80
374 80
375 80
376 80
377 80
378 80
379 80
368 81
369 81
370 81
371 81
372 81
373 81
374 81
375 81
376 81
377 81
378 81
379 81
380 81
368 82
369 82
370 82
371 82
372 82
373 82
374 82
375 82
376 82
377 82
378 82
379 82
380 82
368 83
369 83
370 83
371 83
372 83
373 83
374 83
375 83
376 83
377 83
378 83
379 83
380 83
368 84
369 84
370 84
371 84
372 84
373 84
374 84
375 84
376 84
377 84
378 84
379 84
380 84
381 84
368 85
369 85
370 85
371 85
372 85
373 85
374 85
375 85
376 85
377 85
378 85
379 85
380 85
381 85
368 86
369 86
370 86
371 86
372 86
373 86
374 86
375 86
376 86
377 86
378 86
379 86
380 86
381 86
382 86
368 87
369 87
370 87
371 87
372 87
373 87
374 87
375 87
376 87
377 87
378 87
379 87
380 87
381 87
382 87
367 88
368 88
369 88
370 88
371 88
372 88
373 88
374 88
375 88
376 88
377 88
378 88
379 88
380 88
381 88
382 88
383 88
367 89
368 89
369 89
370 89
371 89
372 89
373 89
374 89
375 89
376 89
377 89
378 89
379 89
380 89
381 89
382 89
383 89
366 90
367 90
368 90
369 90
370 90
371 90
372 90
373 90
374 90
378 90
379 90
380 90
381 90
382 90
383 90
366 91
367 91
368 91
369 91
370 91
371 91
372 91
379 91
380 91
381 91
382 91
383 91
384 91
365 92
366 92
367 92
368 92
369 92
370 92
371 92
380 92
381 92
382 92
383 92
384 92
365 93
366 93
367 93
368 93
369 93
370 93
381 93
382 93
383 93
384 93
385 93
365 94
366 94
367 94
368 94
369 94
381 94
382 94
383 94
384 94
385 94
386 94
365 95
366 95
367 95
368 95
369 95
382 95
383 95
384 95
385 95
386 95
387 95
365 96
366 96
367 96
368 96
369 96
383 96
384 96
385 96
386 96
387 96
388 96
366 97
367 97
368 97
369 97
385 97
386 97
387 97
388 97
389 97
366 98
367 98
368 98
369 98
386 98
387 98
388 98
389 98
390 98
366 99
367 99
368 99
369 99
387 99
388 99
389 99
390 99
366 100
367 100
368 100
369 100
370 100
388 100
389 100
390 100
391 100
365 101
366 101
367 101
368 101
369 101
370 101
389 101
390 101
391 101
365 102
366 102
367 102
368 102
369 102
389 102
390 102
391 102
392 102
365 103
366 103
367 103
368 103
389 103
390 103
391 103
392 103
390 104
391 104

FRAME 106
364 67
365 67
366 67
363 68
364 68
365 68
366 68
363 69
364 69
365 69
366 69
363 70
364 70
365 70
366 70
367 70
362 71
363 71
364 71
365 71
366 71
367 71
362 72
363 72
364 72
365 72
366 72
367 72
368 72
362 73
363 73
364 73
365 73
366 73
367 73
368 73
361 74
362 74
363 74
364 74
365 74
366 74
367 74
368 74
369 74
361 75
362 75
363 75
364 75
365 75
366 75
367 75
368 75
369 75
370 75
361 76
362 76
363 76
364 76
365 76
366 76
367 76
368 76
369 76
370 76
371 76
361 77
362 77
363 77
364 77
365 77
366 77
367 77
368 77
369 77
370 77
371 77
372 77
361 78
362 78
363 78
364 78
365 78
366 78
367 78
368 78
369 78
370 78
371 78
372 78
373 78
361 79
362 79
363 79
364 79
365 79
366 79
367 79
368 79
369 79
370 79
371 79
372 79
373 79
362 80
363 80
364 80
365 80
366 80
367 80
368 80
369 80
370 80
371 80
372 80
373 80
361 81
362 81
363 81
364 81
365 81
366 81
367 81
368 81
369 81
370 81
371 81
372 81
373 81
374 81
361 82
362 82
363 82
364 82
365 82
366 82
367 82
368 82
369 82
370 82
371 82
372 82
373 82
374 82
362 83
363 83
364 83
365 83
366 83
367 83
368 83
369 83
370 83
371 83
372 83
373 83
374 83
375 83
362 84
363 84
364 84
365 84
366 84
367 84
368 84
369 84
370 84
371 84
372 84
373 84
374 84
375 84
362 85
363 85
364 85
365 85
366 85
367 85
368 85
369 85
370 85
371 85
372 85
373 85
374 85
375 85
376 85
362 86
363 86
364 86
365 86
366 86
367 86
368 86
369 86
370 86
371 86
372 86
373 86
374 86
375 86
376 86
362 87
363 87
364 87
365 87
366 87
367 87
368 87
369 87
370 87
371 87
372 87
373 87
374 87
375 87
376 87
377 87
362 88
363 88
364 88
365 88
366 88
367 88
368 88
369 88
370 88
371 88
372 88
373 88
374 88
375 88
376 88
377 88
362 89
363 89
364 89
365 89
366 89
367 89
368 89
369 89
370 89
371 89
372 89
373 89
374 89
375 89
376 89
377 89
378 89
361 90
362 90
363 90
364 90
365 90
366 90
367 90
368 90
373 90
374 90
375 90
376 90
377 90
378 90
379 90
361 91
362 91
363 91
364 91
365 91
366 91
367 91
374 91
375 91
376 91
377 91
378 91
379 91
380 91
361 92
362 92
363 92
364 92
365 92
366 92
367 92
375 92
376 92
377 92
378 92
379 92
380 92
381 92
360 93
361 93
362 93
363 93
364 93
365 93
366 93
376 93
377 93
378 93
379 93
380 93
381 93
382 93
383 93
361 94
362 94
363 94
364 94
365 94
366 94
367 94
377 94
378 94
379 94
380 94
381 94
382 94
383 94
384 94
361 95
362 95
363 95
364 95
365 95
366 95
367 95
368 95
369 95
379 95
380 95
381 95
382 95
383 95
384 95
385 95
363 96
364 96
365 96
366 96
367 96
368 96
369 96
370 96
371 96
381 96
382 96
383 96
384 96
385 96
386 96
387 96
366 97
367 97
368 97
369 97
370 97
371 97
372 97
383 97
384 97
385 97
386 97
387 97
388 97
369 98
370 98
371 98
372 98
385 98
386 98
387 98
388 98
389 98
369 99
370 99
371 99
372 99
386 99
387 99
388 99
389 99
390 99
369 100
370 100
371 100
372 100
387 100
388 100
389 100
390 100
369 101
370 101
371 101
372 101
388 101
389 101
390 101
391 101
368 102
369 102
370 102
371 102
388 102
389 102
390 102
391 102
368 103
369 103
370 103
389 103
390 103
391 103
390 104
391 104

FRAME 107
360 65
361 65
359 66
360 66
361 66
362 66
359 67
360 67
361 67
362 67
363 67
359 68
360 68
361 68
362 68
363 68
359 69
360 69
361 69
362 69
363 69
359 70
360 70
361 70
362 70
363 70
364 70
359 71
360 71
361 71
362 71
363 71
364 71
359 72
360 72
361 72
362 72
363 72
364 72
365 72
358 73
359 73
360 73
361 73
362 73
363 73
364 73
365 73
366 73
358 74
359 74
360 74
361 74
362 74
363 74
364 74
365 74
366 74
367 74
359 75
360 75
361 75
362 75
363 75
364 75
365 75
366 75
367 75
368 75
359 76
360 76
361 76
362 76
363 76
364 76
365 76
366 76
367 76
368 76
359 77
360 77
361 77
362 77
363 77
364 77
365 77
366 77
367 77
368 77
369 77
359 78
360 78
361 78
362 78
363 78
364 78
365 78
366 78
367 78
368 78
369 78
370 78
359 79
360 79
361 79
362 79
363 79
364 79
365 79
366 79
367 79
368 79
369 79
370 79
359 80
360 80
361 80
362 80
363 80
364 80
365 80
366 80
367 80
368 80
369 80
370 80
371 80
359 81
360 81
361 81
362 81
363 81
364 81
365 81
366 81
367 81
368 81
369 81
370 81
371 81
359 82
360 82
361 82
362 82
363 82
364 82
365 82
366 82
367 82
368 82
369 82
370 82
371 82
372 82
359 83
360 83
361 83
362 83
363 83
364 83
365 83
366 83
367 83
368 83
369 83
370 83
371 83
372 83
359 84
360 84
361 84
362 84
363 84
364 84
365 84
366 84
367 84
368 84
369 84
370 84
371 84
372 84
359 85
360 85
361 85
362 85
363 85
364 85
365 85
366 85
367 85
368 85
369 85
370 85
371 85
372 85
373 85
360 86
361 86
362 86
363 86
364 86
365 86
366 86
367 86
368 86
369 86
370 86
371 86
372 86
373 86
361 87
362 87
363 87
364 87
365 87
366 87
367 87
368 87
369 87
370 87
371 87
372 87
373 87
361 88
362 88
363 88
364 88
365 88
366 88
367 88
368 88
369 88
370 88
371 88
372 88
373 88
374 88
361 89
362 89
363 89
364 89
365 89
366 89
367 89
368 89
369 89
370 89
371 89
372 89
373 89
374 89
361 90
362 90
363 90
364 90
365 90
366 90
367 90
369 90
370 90
371 90
372 90
373 90
374 90
361 91
362 91
363 91
364 91
365 91
366 91
370 91
371 91
372 91
373 91
374 91
375 91
360 92
361 92
362 92
363 92
364 92
365 92
366 92
370 92
371 92
372 92
373 92
374 92
375 92
376 92
377 92
360 93
361 93
362 93
363 93
364 93
365 93
366 93
371 93
372 93
373 93
374 93
375 93
376 93
377 93
378 93
379 93
360 94
361 94
362 94
363 94
364 94
365 94
366 94
371 94
372 94
373 94
374 94
375 94
376 94
377 94
378 94
379 94
380 94
381 94
361 95
362 95
363 95
364 95
365 95
366 95
367 95
368 95
369 95
370 95
371 95
372 95
373 95
374 95
375 95
376 95
377 95
378 95
379 95
380 95
381 95
382 95
383 95
384 95
362 96
363 96
364 96
365 96
366 96
367 96
368 96
369 96
370 96
371 96
372 96
374 96
375 96
376 96
377 96
378 96
379 96
380 96
381 96
382 96
383 96
384 96
385 96
386 96
364 97
365 97
366 97
367 97
368 97
369 97
370 97
371 97
372 97
373 97
380 97
381 97
382 97
383 97
384 97
385 97
386 97
387 97
369 98
370 98
371 98
372 98
373 98
374 98
383 98
384 98
385 98
386 98
387 98
370 99
371 99
372 99
373 99
374 99
384 99
385 99
386 99
387 99
371 100
372 100
373 100
374 100
385 100
386 100
387 100
388 100
371 101
372 101
373 101
386 101
387 101
388 101
371 102
372 102
373 102
386 102
387 102
388 102
371 103
372 103

FRAME 108
356 67
357 67
358 67
359 67
356 68
357 68
358 68
359 68
356 69
357 69
358 69
359 69
360 69
356 70
357 70
358 70
359 70
360 70
356 71
357 71
358 71
359 71
360 71
361 71
356 72
357 72
358 72
359 72
360 72
361 72
362 72
356 73
357 73
358 73
359 73
360 73
361 73
362 73
363 73
356 74
357 74
358 74
359 74
360 74
361 74
362 74
363 74
364 74
356 75
357 75
358 75
359 75
360 75
361 75
362 75
363 75
364 75
365 75
355 76
356 76
357 76
358 76
359 76
360 76
361 76
362 76
363 76
364 76
365 76
366 76
355 77
356 77
357 77
358 77
359 77
360 77
361 77
362 77
363 77
364 77
365 77
366 77
367 77
355 78
356 78
357 78
358 78
359 78
360 78
361 78
362 78
363 78
364 78
365 78
366 78
367 78
368 78
355 79
356 79
357 79
358 79
359 79
360 79
361 79
362 79
363 79
364 79
365 79
366 79
367 79
368 79
355 80
356 80
357 80
358 80
359 80
360 80
361 80
362 80
363 80
364 80
365 80
366 80
367 80
368 80
369 80
354 81
355 81
356 81
357 81
358 81
359 81
360 81
361 81
362 81
363 81
364 81
365 81
366 81
367 81
368 81
369 81
354 82
355 82
356 82
357 82
360 82
361 82
362 82
363 82
364 82
365 82
366 82
367 82
368 82
369 82
354 83
355 83
356 83
357 83
360 83
361 83
362 83
363 83
364 83
365 83
366 83
367 83
368 83
369 83
370 83
354 84
355 84
356 84
357 84
361 84
362 84
363 84
364 84
365 84
366 84
367 84
368 84
369 84
354 85
355 85
356 85
357 85
362 85
363 85
364 85
365 85
366 85
367 85
368 85
369 85
355 86
356 86
357 86
362 86
363 86
364 86
365 86
366 86
367 86
368 86
369 86
362 87
363 87
364 87
365 87
366 87
367 87
368 87
369 87
370 87
362 88
363 88
364 88
365 88
366 88
367 88
368 88
369 88
370 88
362 89
363 89
364 89
365 89
366 89
367 89
368 89
369 89
370 89
362 90
363 90
364 90
365 90
366 90
367 90
368 90
369 90
370 90
361 91
362 91
363 91
364 91
365 91
366 91
367 91
368 91
369 91
370 91
371 91
361 92
362 92
363 92
364 92
365 92
366 92
367 92
368 92
369 92
370 92
371 92
361 93
362 93
363 93
364 93
365 93
366 93
367 93
368 93
369 93
370 93
371 93
372 93
373 93
361 94
362 94
363 94
364 94
365 94
366 94
367 94
368 94
369 94
370 94
371 94
372 94
373 94
374 94
375 94
376 94
377 94
378 94
379 94
380 94
381 94
362 95
363 95
364 95
365 95
366 95
367 95
368 95
369 95
370 95
371 95
372 95
373 95
374 95
375 95
376 95
377 95
378 95
379 95
380 95
381 95
362 96
363 96
364 96
365 96
366 96
367 96
368 96
369 96
370 96
371 96
372 96
373 96
374 96
375 96
376 96
377 96
378 96
379 96
380 96
381 96
382 96
364 97
365 97
366 97
367 97
368 97
369 97
370 97
371 97
372 97
373 97
374 97
375 97
376 97
377 97
378 97
379 97
380 97
381 97
382 97
368 98
369 98
370 98
371 98
372 98
373 98
374 98
375 98
376 98
379 98
380 98
381 98
382 98
370 99
371 99
372 99
373 99
374 99
375 99
376 99
380 99
381 99
382 99
371 100
372 100
373 100
374 100
375 100
376 100
380 100
381 100
382 100
372 101
373 101
374 101
375 101
371 102
372 102
373 102
374 102
375 102
371 103
372 103
373 103
374 103

FRAME 109
356 66
355 67
356 67
357 67
354 68
355 68
356 68
357 68
358 68
354 69
355 69
356 69
357 69
358 69
354 70
355 70
356 70
357 70
358 70
359 70
354 71
355 71
356 71
357 71
358 71
359 71
354 72
355 72
356 72
357 72
358 72
359 72
360 72
361 72
354 73
355 73
356 73
357 73
358 73
359 73
360 73
361 73
362 73
354 74
355 74
356 74
357 74
358 74
359 74
360 74
361 74
362 74
363 74
354 75
355 75
356 75
357 75
358 75
359 75
360 75
361 75
362 75
363 75
364 75
353 76
354 76
355 76
356 76
357 76
358 76
359 76
360 76
361 76
362 76
363 76
364 76
365 76
366 76
353 77
354 77
355 77
356 77
357 77
358 77
359 77
360 77
361 77
362 77
363 77
364 77
365 77
366 77
367 77
353 78
354 78
355 78
356 78
357 78
358 78
359 78
360 78
361 78
362 78
363 78
364 78
365 78
366 78
367 78
353 79
354 79
355 79
356 79
357 79
358 79
359 79
360 79
361 79
362 79
363 79
364 79
365 79
366 79
367 79
368 79
352 80
353 80
354 80
355 80
356 80
357 80
358 80
359 80
360 80
361 80
362 80
363 80
364 80
365 80
366 80
367 80
368 80
352 81
353 81
354 81
355 81
356 81
357 81
358 81
359 81
360 81
361 81
362 81
363 81
364 81
365 81
366 81
367 81
368 81
352 82
353 82
354 82
355 82
356 82
357 82
359 82
360 82
361 82
362 82
363 82
364 82
365 82
366 82
367 82
368 82
352 83
353 83
354 83
355 83
356 83
360 83
361 83
362 83
363 83
364 83
365 83
366 83
367 83
368 83
352 84
353 84
354 84
355 84
356 84
360 84
361 84
362 84
363 84
364 84
365 84
366 84
367 84
368 84
352 85
353 85
354 85
355 85
361 85
362 85
363 85
364 85
365 85
366 85
367 85
368 85
352 86
353 86
354 86
355 86
362 86
363 86
364 86
365 86
366 86
367 86
368 86
362 87
363 87
364 87
365 87
366 87
367 87
368 87
362 88
363 88
364 88
365 88
366 88
367 88
368 88
362 89
363 89
364 89
365 89
366 89
367 89
368 89
362 90
363 90
364 90
365 90
366 90
367 90
368 90
362 91
363 91
364 91
365 91
366 91
367 91
368 91
362 92
363 92
364 92
365 92
366 92
367 92
368 92
369 92
362 93
363 93
364 93
365 93
366 93
367 93
368 93
369 93
370 93
362 94
363 94
364 94
365 94
366 94
367 94
368 94
369 94
370 94
371 94
372 94
373 94
374 94
375 94
376 94
377 94
378 94
362 95
363 95
364 95
365 95
366 95
367 95
368 95
369 95
370 95
371 95
372 95
373 95
374 95
375 95
376 95
377 95
378 95
362 96
363 96
364 96
365 96
366 96
367 96
368 96
369 96
370 96
371 96
372 96
373 96
374 96
375 96
376 96
377 96
378 96
364 97
365 97
366 97
367 97
368 97
369 97
370 97
371 97
372 97
373 97
374 97
375 97
376 97
377 97
378 97
367 98
368 98
369 98
370 98
371 98
372 98
373 98
374 98
375 98
376 98
377 98
378 98
370 99
371 99
372 99
373 99
374 99
375 99
376 99
377 99
378 99
372 100
373 100
374 100
375 100
376 100
377 100
378 100
372 101
373 101
374 101
375 101
376 101
372 102
373 102
374 102
375 102
372 103
373 103
374 103

FRAME 110
351 66
352 66
353 66
351 67
352 67
353 67
351 68
352 68
353 68
354 68
351 69
352 69
353 69
354 69
351 70
352 70
353 70
354 70
355 70
351 71
352 71
353 71
354 71
355 71
356 71
351 72
352 72
353 72
354 72
355 72
356 72
357 72
358 72
351 73
352 73
353 73
354 73
355 73
356 73
357 73
358 73
359 73
360 73
351 74
352 74
353 74
354 74
355 74
356 74
357 74
358 74
359 74
360 74
361 74
362 74
363 74
350 75
351 75
352 75
353 75
354 75
355 75
356 75
357 75
358 75
359 75
360 75
361 75
362 75
363 75
364 75
365 75
350 76
351 76
352 76
353 76
354 76
355 76
356 76
357 76
358 76
359 76
360 76
361 76
362 76
363 76
364 76
365 76
366 76
349 77
350 77
351 77
352 77
353 77
354 77
355 77
356 77
357 77
358 77
359 77
360 77
361 77
362 77
363 77
364 77
365 77
366 77
348 78
349 78
350 78
351 78
352 78
353 78
354 78
355 78
356 78
357 78
358 78
359 78
360 78
361 78
362 78
363 78
364 78
365 78
366 78
367 78
348 79
349 79
350 79
351 79
352 79
353 79
354 79
355 79
356 79
357 79
358 79
359 79
360 79
361 79
362 79
363 79
364 79
365 79
366 79
367 79
348 80
349 80
350 80
351 80
355 80
356 80
357 80
358 80
359 80
360 80
361 80
362 80
363 80
364 80
365 80
366 80
367 80
368 80
347 81
348 81
349 81
350 81
356 81
357 81
358 81
359 81
360 81
361 81
362 81
363 81
364 81
365 81
366 81
367 81
368 81
347 82
348 82
349 82
350 82
357 82
358 82
359 82
360 82
361 82
362 82
363 82
364 82
365 82
366 82
367 82
368 82
369 82
347 83
348 83
349 83
350 83
358 83
359 83
360 83
361 83
362 83
363 83
364 83
365 83
366 83
367 83
368 83
369 83
347 84
348 84
349 84
350 84
358 84
359 84
360 84
361 84
362 84
363 84
364 84
365 84
366 84
367 84
368 84
347 85
348 85
349 85
350 85
358 85
359 85
360 85
361 85
362 85
363 85
364 85
365 85
366 85
347 86
348 86
349 86
350 86
359 86
360 86
361 86
362 86
363 86
364 86
365 86
366 86
349 87
359 87
360 87
361 87
362 87
363 87
364 87
365 87
366 87
358 88
359 88
360 88
361 88
362 88
363 88
364 88
365 88
366 88
358 89
359 89
360 89
361 89
362 89
363 89
364 89
365 89
366 89
358 90
359 90
360 90
361 90
362 90
363 90
364 90
365 90
357 91
358 91
359 91
360 91
361 91
362 91
363 91
364 91
365 91
357 92
358 92
359 92
360 92
361 92
362 92
363 92
364 92
365 92
357 93
358 93
359 93
360 93
361 93
362 93
363 93
364 93
365 93
357 94
358 94
359 94
360 94
361 94
362 94
363 94
364 94
365 94
366 94
367 94
368 94
357 95
358 95
359 95
360 95
361 95
362 95
363 95
364 95
365 95
366 95
367 95
368 95
369 95
370 95
371 95
359 96
360 96
361 96
362 96
363 96
364 96
365 96
366 96
367 96
368 96
369 96
370 96
371 96
372 96
363 97
364 97
365 97
366 97
367 97
368 97
369 97
370 97
371 97
372 97
373 97
366 98
367 98
368 98
369 98
370 98
371 98
372 98
373 98
374 98
375 98
370 99
371 99
372 99
373 99
374 99
375 99
371 100
372 100
373 100
374 100
375 100
376 100
372 101
373 101
374 101
375 101
372 102
373 102
374 102
375 102
371 103
372 103
373 103
374 103

FRAME 111
150 28
151 28
152 28
149 29
150 29
151 29
152 29
153 29
149 30
150 30
151 30
152 30
153 30
150 31
151 31
152 31
153 31
150 32
151 32
152 32
153 32
149 33
150 33
151 33
152 33
153 33
154 33
148 34
149 34
150 34
151 34
152 34
153 34
154 34
147 35
148 35
149 35
150 35
151 35
152 35
153 35
154 35
155 35
146 36
147 36
148 36
149 36
150 36
151 36
152 36
153 36
154 36
155 36
156 36
146 37
147 37
148 37
149 37
150 37
151 37
152 37
153 37
154 37
155 37
156 37
157 37
146 38
147 38
148 38
149 38
150 38
151 38
152 38
153 38
154 38
155 38
156 38
157 38
146 39
147 39
148 39
149 39
150 39
151 39
152 39
153 39
154 39
155 39
156 39
157 39
146 40
147 40
148 40
149 40
150 40
151 40
152 40
153 40
154 40
155 40
156 40
157 40
146 41
147 41
148 41
149 41
150 41
151 41
152 41
153 41
154 41
155 41
156 41
157 41
146 42
147 42
148 42
149 42
150 42
151 42
152 42
153 42
154 42
155 42
156 42
157 42
146 43
147 43
148 43
149 43
150 43
151 43
152 43
153 43
154 43
155 43
156 43
157 43
146 44
147 44
148 44
149 44
150 44
151 44
152 44
153 44
154 44
155 44
156 44
157 44
146 45
147 45
148 45
149 45
150 45
151 45
152 45
153 45
154 45
155 45
156 45
157 45
146 46
147 46
148 46
149 46
150 46
151 46
152 46
153 46
154 46
155 46
156 46
157 46
146 47
147 47
148 47
149 47
150 47
151 47
152 47
153 47
154 47
155 47
156 47
157 47
147 48
148 48
149 48
150 48
151 48
152 48
153 48
154 48
155 48
156 48
157 48
147 49
148 49
149 49
150 49
151 49
152 49
153 49
154 49
155 49
156 49
157 49
147 50
148 50
149 50
150 50
151 50
152 50
153 50
154 50
155 50
156 50
157 50
147 51
148 51
149 51
150 51
151 51
152 51
153 51
154 51
155 51
156 51
147 52
148 52
149 52
150 52
151 52
152 52
153 52
154 52
155 52
156 52
148 53
149 53
150 53
151 53
152 53
153 53
154 53
155 53
156 53
148 54
149 54
150 54
151 54
152 54
153 54
154 54
155 54
156 54
157 54
148 55
149 55
150 55
151 55
152 55
153 55
154 55
155 55
156 55
157 55
158 55
148 56
149 56
150 56
151 56
152 56
153 56
154 56
155 56
156 56
157 56
158 56
148 57
149 57
150 57
151 57
152 57
153 57
154 57
155 57
156 57
157 57
158 57
148 58
149 58
150 58
151 58
152 58
153 58
154 58
155 58
156 58
157 58
148 59
149 59
150 59
151 59
152 59
153 59
154 59
155 59
156 59
157 59
148 60
149 60
150 60
151 60
152 60
153 60
154 60
155 60
156 60
157 60
148 61
149 61
150 61
151 61
152 61
154 61
155 61
156 61
157 61
148 62
149 62
150 62
151 62
152 62
155 62
156 62
157 62
149 63
150 63
151 63
152 63
155 63
156 63
157 63
149 64
150 64
151 64
152 64
155 64
156 64
157 64
149 65
150 65
151 65
152 65
155 65
156 65
157 65
149 66
150 66
151 66
155 66
156 66
157 66
149 67
150 67
151 67
155 67
156 67
157 67
149 68
150 68
151 68
155 68
156 68
157 68
149 69
150 69
151 69
152 69
155 69
156 69
157 69
149 70
150 70
151 70
152 70
155 70
156 70
157 70
149 71
150 71
151 71
152 71
155 71
156 71
157 71
149 72
150 72
151 72
152 72
155 72
156 72
157 72
149 73
150 73
151 73
155 73
156 73
157 73

FRAME 112
348 66
346 67
347 67
348 67
349 67
346 68
347 68
348 68
349 68
346 69
347 69
348 69
349 69
350 69
346 70
347 70
348 70
349 70
350 70
351 70
346 71
347 71
348 71
349 71
350 71
351 71
352 71
346 72
347 72
348 72
349 72
350 72
351 72
352 72
353 72
354 72
355 72
345 73
346 73
347 73
348 73
349 73
350 73
351 73
352 73
353 73
354 73
355 73
356 73
357 73
358 73
359 73
345 74
346 74
347 74
348 74
349 74
350 74
351 74
352 74
353 74
354 74
355 74
356 74
357 74
358 74
359 74
360 74
361 74
343 75
344 75
345 75
346 75
347 75
348 75
349 75
350 75
351 75
352 75
353 75
354 75
355 75
356 75
357 75
358 75
359 75
360 75
361 75
362 75
342 76
343 76
344 76
345 76
346 76
347 76
348 76
349 76
350 76
351 76
352 76
353 76
354 76
355 76
356 76
357 76
358 76
359 76
360 76
361 76
362 76
363 76
342 77
343 77
344 77
345 77
346 77
347 77
348 77
349 77
350 77
351 77
352 77
353 77
354 77
355 77
356 77
357 77
358 77
359 77
360 77
361 77
362 77
363 77
364 77
341 78
342 78
343 78
344 78
347 78
348 78
349 78
350 78
351 78
352 78
353 78
354 78
355 78
356 78
357 78
358 78
359 78
360 78
361 78
362 78
363 78
364 78
365 78
366 78
341 79
342 79
343 79
349 79
350 79
351 79
352 79
353 79
354 79
355 79
356 79
357 79
358 79
359 79
360 79
361 79
362 79
363 79
364 79
365 79
366 79
340 80
341 80
342 80
343 80
350 80
351 80
352 80
353 80
354 80
355 80
356 80
357 80
358 80
359 80
360 80
361 80
362 80
363 80
364 80
365 80
366 80
340 81
341 81
342 81
343 81
351 81
352 81
353 81
354 81
355 81
356 81
357 81
358 81
359 81
360 81
361 81
362 81
364 81
365 81
366 81
340 82
341 82
342 82
343 82
352 82
353 82
354 82
355 82
356 82
357 82
358 82
359 82
360 82
361 82
362 82
340 83
341 83
342 83
343 83
352 83
353 83
354 83
355 83
356 83
357 83
358 83
359 83
360 83
361 83
362 83
340 84
341 84
342 84
343 84
352 84
353 84
354 84
355 84
356 84
357 84
358 84
359 84
360 84
361 84
362 84
340 85
341 85
342 85
343 85
351 85
352 85
353 85
354 85
355 85
356 85
357 85
358 85
359 85
360 85
361 85
362 85
340 86
341 86
342 86
343 86
351 86
352 86
353 86
354 86
355 86
356 86
357 86
358 86
359 86
360 86
361 86
362 86
341 87
342 87
350 87
351 87
352 87
353 87
354 87
355 87
356 87
357 87
358 87
359 87
360 87
361 87
362 87
363 87
350 88
351 88
352 88
353 88
354 88
355 88
356 88
357 88
358 88
359 88
360 88
361 88
362 88
363 88
349 89
350 89
351 89
352 89
353 89
354 89
355 89
356 89
357 89
358 89
359 89
360 89
361 89
362 89
363 89
348 90
349 90
350 90
351 90
352 90
353 90
354 90
357 90
358 90
359 90
360 90
361 90
362 90
363 90
348 91
349 91
350 91
351 91
352 91
353 91
354 91
358 91
359 91
360 91
361 91
362 91
363 91
364 91
348 92
349 92
350 92
351 92
352 92
353 92
354 92
359 92
360 92
361 92
362 92
363 92
364 92
348 93
349 93
350 93
351 93
352 93
353 93
354 93
355 93
360 93
361 93
362 93
363 93
364 93
365 93
349 94
350 94
351 94
352 94
353 94
354 94
355 94
356 94
360 94
361 94
362 94
363 94
364 94
365 94
366 94
367 94
351 95
352 95
353 95
354 95
355 95
356 95
357 95
358 95
362 95
363 95
364 95
365 95
366 95
367 95
368 95
369 95
354 96
355 96
356 96
357 96
358 96
359 96
363 96
364 96
365 96
366 96
367 96
368 96
369 96
370 96
371 96
355 97
356 97
357 97
358 97
359 97
365 97
366 97
367 97
368 97
369 97
370 97
371 97
372 97
356 98
357 98
358 98
359 98
368 98
369 98
370 98
371 98
372 98
373 98
374 98
357 99
358 99
359 99
370 99
371 99
372 99
373 99
374 99
371 100
372 100
373 100
374 100
375 100
371 101
372 101
373 101
374 101
375 101
371 102
372 102
373 102
374 102
371 103
372 103
373 103
374 103

FRAME 113
150 28
151 28
152 28
149 29
150 29
151 29
152 29
153 29
149 30
150 30
151 30
152 30
153 30
150 31
151 31
152 31
153 31
150 32
151 32
152 32
153 32
149 33
150 33
151 33
152 33
153 33
154 33
148 34
149 34
150 34
151 34
152 34
153 34
154 34
147 35
148 35
149 35
150 35
151 35
152 35
153 35
154 35
155 35
146 36
147 36
148 36
149 36
150 36
151 36
152 36
153 36
154 36
155 36
156 36
146 37
147 37
148 37
149 37
150 37
151 37
152 37
153 37
154 37
155 37
156 37
157 37
146 38
147 38
148 38
149 38
150 38
151 38
152 38
153 38
154 38
155 38
156 38
157 38
146 39
147 39
148 39
149 39
150 39
151 39
152 39
153 39
154 39
155 39
156 39
157 39
146 40
147 40
148 40
149 40
150 40
151 40
152 40
153 40
154 40
155 40
156 40
157 40
146 41
147 41
148 41
149 41
150 41
151 41
152 41
153 41
154 41
155 41
156 41
157 41
146 42
147 42
148 42
149 42
150 42
151 42
152 42
153 42
154 42
155 42
156 42
157 42
146 43
147 43
148 43
149 43
150 43
151 43
152 43
153 43
154 43
155 43
156 43
157 43
146 44
147 44
148 44
149 44
150 44
151 44
152 44
153 44
154 44
155 44
156 44
157 44
146 45
147 45
148 45
149 45
150 45
151 45
152 45
153 45
154 45
155 45
156 45
157 45
146 46
147 46
148 46
149 46
150 46
151 46
152 46
153 46
154 46
155 46
156 46
157 46
146 47
147 47
148 47
149 47
150 47
151 47
152 47
153 47
154 47
155 47
156 47
157 47
146 48
147 48
148 48
149 48
150 48
151 48
152 48
153 48
154 48
155 48
156 48
157 48
147 49
148 49
149 49
150 49
151 49
152 49
153 49
154 49
155 49
156 49
157 49
147 50
148 50
149 50
150 50
151 50
152 50
153 50
154 50
155 50
156 50
157 50
147 51
148 51
149 51
150 51
151 51
152 51
153 51
154 51
155 51
156 51
147 52
148 52
149 52
150 52
151 52
152 52
153 52
154 52
155 52
156 52
148 53
149 53
150 53
151 53
152 53
153 53
154 53
155 53
156 53
148 54
149 54
150 54
151 54
152 54
153 54
154 54
155 54
156 54
157 54
148 55
149 55
150 55
151 55
152 55
153 55
154 55
155 55
156 55
157 55
158 55
148 56
149 56
150 56
151 56
152 56
153 56
154 56
155 56
156 56
157 56
158 56
148 57
149 57
150 57
151 57
152 57
153 57
154 57
155 57
156 57
157 57
158 57
148 58
149 58
150 58
151 58
152 58
153 58
154 58
155 58
156 58
157 58
148 59
149 59
150 59
151 59
152 59
153 59
154 59
155 59
156 59
157 59
148 60
149 60
150 60
151 60
152 60
153 60
154 60
155 60
156 60
157 60
148 61
149 61
150 61
151 61
152 61
154 61
155 61
156 61
157 61
148 62
149 62
150 62
151 62
152 62
154 62
155 62
156 62
157 62
149 63
150 63
151 63
152 63
154 63
155 63
156 63
157 63
149 64
150 64
151 64
152 64
155 64
156 64
157 64
149 65
150 65
151 65
152 65
155 65
156 65
157 65
149 66
150 66
151 66
152 66
155 66
156 66
157 66
149 67
150 67
151 67
155 67
156 67
157 67
149 68
150 68
151 68
155 68
156 68
157 68
149 69
150 69
151 69
152 69
155 69
156 69
157 69
149 70
150 70
151 70
152 70
155 70
156 70
157 70
149 71
150 71
151 71
152 71
155 71
156 71
157 71
149 72
150 72
151 72
152 72
155 72
156 72
157 72
149 73
150 73
151 73
155 73
156 73
157 73

FRAME 114
150 28
151 28
152 28
150 29
151 29
152 29
153 29
149 30
150 30
151 30
152 30
153 30
150 31
151 31
152 31
153 31
150 32
151 32
152 32
153 32
149 33
150 33
151 33
152 33
153 33
154 33
148 34
149 34
150 34
151 34
152 34
153 34
154 34
147 35
148 35
149 35
150 35
151 35
152 35
153 35
154 35
155 35
146 36
147 36
148 36
149 36
150 36
151 36
152 36
153 36
154 36
155 36
156 36
146 37
147 37
148 37
149 37
150 37
151 37
152 37
153 37
154 37
155 37
156 37
157 37
146 38
147 38
148 38
149 38
150 38
151 38
152 38
153 38
154 38
155 38
156 38
157 38
146 39
147 39
148 39
149 39
150 39
151 39
152 39
153 39
154 39
155 39
156 39
157 39
146 40
147 40
148 40
149 40
150 40
151 40
152 40
153 40
154 40
155 40
156 40
157 40
146 41
147 41
148 41
149 41
150 41
151 41
152 41
153 41
154 41
155 41
156 41
157 41
146 42
147 42
148 42
149 42
150 42
151 42
152 42
153 42
154 42
155 42
156 42
157 42
146 43
147 43
148 43
149 43
150 43
151 43
152 43
153 43
154 43
155 43
156 43
157 43
146 44
147 44
148 44
149 44
150 44
151 44
152 44
153 44
154 44
155 44
156 44
157 44
146 45
147 45
148 45
149 45
150 45
151 45
152 45
153 45
154 45
155 45
156 45
157 45
146 46
147 46
148 46
149 46
150 46
151 46
152 46
153 46
154 46
155 46
156 46
157 46
146 47
147 47
148 47
149 47
150 47
151 47
152 47
153 47
154 47
155 47
156 47
157 47
147 48
148 48
149 48
150 48
151 48
152 48
153 48
154 48
155 48
156 48
157 48
147 49
148 49
149 49
150 49
151 49
152 49
153 49
154 49
155 49
156 49
157 49
147 50
148 50
149 50
150 50
151 50
152 50
153 50
154 50
155 50
156 50
157 50
147 51
148 51
149 51
150 51
151 51
152 51
153 51
154 51
155 51
156 51
147 52
148 52
149 52
150 52
151 52
152 52
153 52
154 52
155 52
156 52
148 53
149 53
150 53
151 53
152 53
153 53
154 53
155 53
156 53
148 54
149 54
150 54
151 54
152 54
153 54
154 54
155 54
156 54
157 54
148 55
149 55
150 55
151 55
152 55
153 55
154 55
155 55
156 55
157 55
158 55
148 56
149 56
150 56
151 56
152 56
153 56
154 56
155 56
156 56
157 56
158 56
148 57
149 57
150 57
151 57
152 57
153 57
154 57
155 57
156 57
157 57
158 57
148 58
149 58
150 58
151 58
152 58
153 58
154 58
155 58
156 58
157 58
148 59
149 59
150 59
151 59
152 59
153 59
154 59
155 59
156 59
157 59
148 60
149 60
150 60
151 60
152 60
153 60
154 60
155 60
156 60
157 60
148 61
149 61
150 61
151 61
152 61
154 61
155 61
156 61
157 61
148 62
149 62
150 62
151 62
152 62
154 62
155 62
156 62
157 62
149 63
150 63
151 63
152 63
154 63
155 63
156 63
157 63
149 64
150 64
151 64
152 64
155 64
156 64
157 64
149 65
150 65
151 65
152 65
155 65
156 65
157 65
149 66
150 66
151 66
152 66
155 66
156 66
157 66
149 67
150 67
151 67
155 67
156 67
157 67
149 68
150 68
151 68
155 68
156 68
157 68
149 69
150 69
151 69
152 69
155 69
156 69
157 69
149 70
150 70
151 70
152 70
155 70
156 70
157 70
149 71
150 71
151 71
152 71
155 71
156 71
157 71
149 72
150 72
151 72
152 72
155 72
156 72
157 72
149 73
150 73
151 73
155 73
156 73

FRAME 115
150 28
151 28
152 28
150 29
151 29
152 29
153 29
149 30
150 30
151 30
152 30
153 30
150 31
151 31
152 31
153 31
150 32
151 32
152 32
153 32
149 33
150 33
151 33
152 33
153 33
154 33
148 34
149 34
150 34
151 34
152 34
153 34
154 34
147 35
148 35
149 35
150 35
151 35
152 35
153 35
154 35
155 35
146 36
147 36
148 36
149 36
150 36
151 36
152 36
153 36
154 36
155 36
156 36
146 37
147 37
148 37
149 37
150 37
151 37
152 37
153 37
154 37
155 37
156 37
157 37
146 38
147 38
148 38
149 38
150 38
151 38
152 38
153 38
154 38
155 38
156 38
157 38
146 39
147 39
148 39
149 39
150 39
151 39
152 39
153 39
154 39
155 39
156 39
157 39
146 40
147 40
148 40
149 40
150 40
151 40
152 40
153 40
154 40
155 40
156 40
157 40
146 41
147 41
148 41
149 41
150 41
151 41
152 41
153 41
154 41
155 41
156 41
157 41
146 42
147 42
148 42
149 42
150 42
151 42
152 42
153 42
154 42
155 42
156 42
157 42
146 43
147 43
148 43
149 43
150 43
151 43
152 43
153 43
154 43
155 43
156 43
157 43
146 44
147 44
148 44
149 44
150 44
151 44
152 44
153 44
154 44
155 44
156 44
157 44
146 45
147 45
148 45
149 45
150 45
151 45
152 45
153 45
154 45
155 45
156 45
157 45
146 46
147 46
148 46
149 46
150 46
151 46
152 46
153 46
154 46
155 46
156 46
157 46
146 47
147 47
148 47
149 47
150 47
151 47
152 47
153 47
154 47
155 47
156 47
157 47
147 48
148 48
149 48
150 48
151 48
152 48
153 48
154 48
155 48
156 48
157 48
147 49
148 49
149 49
150 49
151 49
152 49
153 49
154 49
155 49
156 49
157 49
147 50
148 50
149 50
150 50
151 50
152 50
153 50
154 50
155 50
156 50
157 50
147 51
148 51
149 51
150 51
151 51
152 51
153 51
154 51
155 51
156 51
147 52
148 52
149 52
150 52
151 52
152 52
153 52
154 52
155 52
156 52
148 53
149 53
150 53
151 53
152 53
153 53
154 53
155 53
156 53
148 54
149 54
150 54
151 54
152 54
153 54
154 54
155 54
156 54
157 54
148 55
149 55
150 55
151 55
152 55
153 55
154 55
155 55
156 55
157 55
158 55
148 56
149 56
150 56
151 56
152 56
153 56
154 56
155 56
156 56
157 56
158 56
148 57
149 57
150 57
151 57
152 57
153 57
154 57
155 57
156 57
157 57
158 57
148 58
149 58
150 58
151 58
152 58
153 58
154 58
155 58
156 58
157 58
148 59
149 59
150 59
151 59
152 59
153 59
154 59
155 59
156 59
157 59
148 60
149 60
150 60
151 60
152 60
153 60
154 60
155 60
156 60
157 60
148 61
149 61
150 61
151 61
152 61
154 61
155 61
156 61
157 61
148 62
149 62
150 62
151 62
152 62
154 62
155 62
156 62
157 62
149 63
150 63
151 63
152 63
154 63
155 63
156 63
157 63
149 64
150 64
151 64
152 64
155 64
156 64
157 64
149 65
150 65
151 65
152 65
155 65
156 65
157 65
149 66
150 66
151 66
152 66
155 66
156 66
157 66
149 67
150 67
151 67
155 67
156 67
157 67
149 68
150 68
151 68
155 68
156 68
157 68
149 69
150 69
151 69
155 69
156 69
157 69
149 70
150 70
151 70
152 70
155 70
156 70
157 70
149 71
150 71
151 71
152 71
155 71
156 71
157 71
149 72
150 72
151 72
152 72
155 72
156 72
157 72
149 73
150 73
151 73
155 73
156 73

FRAME 116
150 28
151 28
152 28
150 29
151 29
152 29
153 29
149 30
150 30
151 30
152 30
153 30
150 31
151 31
152 31
153 31
150 32
151 32
152 32
153 32
149 33
150 33
151 33
152 33
153 33
154 33
148 34
149 34
150 34
151 34
152 34
153 34
154 34
147 35
148 35
149 35
150 35
151 35
152 35
153 35
154 35
155 35
146 36
147 36
148 36
149 36
150 36
151 36
152 36
153 36
154 36
155 36
156 36
146 37
147 37
148 37
149 37
150 37
151 37
152 37
153 37
154 37
155 37
156 37
157 37
146 38
147 38
148 38
149 38
150 38
151 38
152 38
153 38
154 38
155 38
156 38
157 38
146 39
147 39
148 39
149 39
150 39
151 39
152 39
153 39
154 39
155 39
156 39
157 39
146 40
147 40
148 40
149 40
150 40
151 40
152 40
153 40
154 40
155 40
156 40
157 40
146 41
147 41
148 41
149 41
150 41
151 41
152 41
153 41
154 41
155 41
156 41
157 41
146 42
147 42
148 42
149 42
150 42
151 42
152 42
153 42
154 42
155 42
156 42
157 42
146 43
147 43
148 43
149 43
150 43
151 43
152 43
153 43
154 43
155 43
156 43
157 43
146 44
147 44
148 44
149 44
150 44
151 44
152 44
153 44
154 44
155 44
156 44
157 44
146 45
147 45
148 45
149 45
150 45
151 45
152 45
153 45
154 45
155 45
156 45
157 45
146 46
147 46
148 46
149 46
150 46
151 46
152 46
153 46
154 46
155 46
156 46
157 46
146 47
147 47
148 47
149 47
150 47
151 47
152 47
153 47
154 47
155 47
156 47
157 47
146 48
147 48
148 48
149 48
150 48
151 48
152 48
153 48
154 48
155 48
156 48
157 48
147 49
148 49
149 49
150 49
151 49
152 49
153 49
154 49
155 49
156 49
157 49
147 50
148 50
149 50
150 50
151 50
152 50
153 50
154 50
155 50
156 50
157 50
147 51
148 51
149 51
150 51
151 51
152 51
153 51
154 51
155 51
156 51
147 52
148 52
149 52
150 52
151 52
152 52
153 52
154 52
155 52
156 52
148 53
149 53
150 53
151 53
152 53
153 53
154 53
155 53
156 53
148 54
149 54
150 54
151 54
152 54
153 54
154 54
155 54
156 54
157 54
148 55
149 55
150 55
151 55
152 55
153 55
154 55
155 55
156 55
157 55
158 55
148 56
149 56
150 56
151 56
152 56
153 56
154 56
155 56
156 56
157 56
158 56
148 57
149 57
150 57
151 57
152 57
153 57
154 57
155 57
156 57
157 57
158 57
148 58
149 58
150 58
151 58
152 58
153 58
154 58
155 58
156 58
157 58
148 59
149 59
150 59
151 59
152 59
153 59
154 59
155 59
156 59
157 59
148 60
149 60
150 60
151 60
152 60
153 60
154 60
155 60
156 60
157 60
148 61
149 61
150 61
151 61
152 61
154 61
155 61
156 61
157 61
148 62
149 62
150 62
151 62
152 62
154 62
155 62
156 62
157 62
149 63
150 63
151 63
152 63
154 63
155 63
156 63
157 63
149 64
150 64
151 64
152 64
154 64
155 64
156 64
157 64
149 65
150 65
151 65
152 65
155 65
156 65
157 65
149 66
150 66
151 66
152 66
155 66
156 66
157 66
149 67
150 67
151 67
155 67
156 67
157 67
149 68
150 68
151 68
155 68
156 68
157 68
149 69
150 69
151 69
152 69
155 69
156 69
157 69
149 70
150 70
151 70
152 70
155 70
156 70
157 70
149 71
150 71
151 71
152 71
155 71
156 71
157 71
149 72
150 72
151 72
152 72
155 72
156 72
157 72
149 73
150 73
151 73
155 73
156 73

FRAME 117
150 28
151 28
152 28
150 29
151 29
152 29
153 29
149 30
150 30
151 30
152 30
153 30
150 31
151 31
152 31
153 31
150 32
151 32
152 32
153 32
149 33
150 33
151 33
152 33
153 33
154 33
148 34
149 34
150 34
151 34
152 34
153 34
154 34
147 35
148 35
149 35
150 35
151 35
152 35
153 35
154 35
155 35
146 36
147 36
148 36
149 36
150 36
151 36
152 36
153 36
154 36
155 36
156 36
146 37
147 37
148 37
149 37
150 37
151 37
152 37
153 37
154 37
155 37
156 37
157 37
146 38
147 38
148 38
149 38
150 38
151 38
152 38
153 38
154 38
155 38
156 38
157 38
146 39
147 39
148 39
149 39
150 39
151 39
152 39
153 39
154 39
155 39
156 39
157 39
146 40
147 40
148 40
149 40
150 40
151 40
152 40
153 40
154 40
155 40
156 40
157 40
146 41
147 41
148 41
149 41
150 41
151 41
152 41
153 41
154 41
155 41
156 41
157 41
146 42
147 42
148 42
149 42
150 42
151 42
152 42
153 42
154 42
155 42
156 42
157 42
146 43
147 43
148 43
149 43
150 43
151 43
152 43
153 43
154 43
155 43
156 43
157 43
146 44
147 44
148 44
149 44
150 44
151 44
152 44
153 44
154 44
155 44
156 44
157 44
146 45
147 45
148 45
149 45
150 45
151 45
152 45
153 45
154 45
155 45
156 45
157 45
146 46
147 46
148 46
149 46
150 46
151 46
152 46
153 46
154 46
155 46
156 46
157 46
146 47
147 47
148 47
149 47
150 47
151 47
152 47
153 47
154 47
155 47
156 47
157 47
146 48
147 48
148 48
149 48
150 48
151 48
152 48
153 48
154 48
155 48
156 48
157 48
147 49
148 49
149 49
150 49
151 49
152 49
153 49
154 49
155 49
156 49
157 49
147 50
148 50
149 50
150 50
151 50
152 50
153 50
154 50
155 50
156 50
157 50
147 51
148 51
149 51
150 51
151 51
152 51
153 51
154 51
155 51
156 51
147 52
148 52
149 52
150 52
151 52
152 52
153 52
154 52
155 52
156 52
148 53
149 53
150 53
151 53
152 53
153 53
154 53
155 53
156 53
148 54
149 54
150 54
151 54
152 54
153 54
154 54
155 54
156 54
157 54
148 55
149 55
150 55
151 55
152 55
153 55
154 55
155 55
156 55
157 55
158 55
148 56
149 56
150 56
151 56
152 56
153 56
154 56
155 56
156 56
157 56
158 56
148 57
149 57
150 57
151 57
152 57
153 57
154 57
155 57
156 57
157 57
158 57
148 58
149 58
150 58
151 58
152 58
153 58
154 58
155 58
156 58
157 58
158 58
148 59
149 59
150 59
151 59
152 59
153 59
154 59
155 59
156 59
157 59
148 60
149 60
150 60
151 60
152 60
153 60
154 60
155 60
156 60
157 60
148 61
149 61
150 61
151 61
152 61
154 61
155 61
156 61
157 61
148 62
149 62
150 62
151 62
152 62
154 62
155 62
156 62
157 62
149 63
150 63
151 63
152 63
154 63
155 63
156 63
157 63
149 64
150 64
151 64
152 64
154 64
155 64
156 64
157 64
149 65
150 65
151 65
152 65
155 65
156 65
157 65
149 66
150 66
151 66
152 66
155 66
156 66
157 66
149 67
150 67
151 67
155 67
156 67
157 67
149 68
150 68
151 68
155 68
156 68
157 68
149 69
150 69
151 69
152 69
155 69
156 69
157 69
149 70
150 70
151 70
152 70
155 70
156 70
157 70
149 71
150 71
151 71
152 71
155 71
156 71
157 71
149 72
150 72
151 72
152 72
155 72
156 72
157 72
149 73
150 73
151 73
155 73
156 73
157 73

FRAME 118
150 28
151 28
152 28
150 29
151 29
152 29
153 29
149 30
150 30
151 30
152 30
153 30
150 31
151 31
152 31
153 31
150 32
151 32
152 32
153 32
149 33
150 33
151 33
152 33
153 33
154 33
148 34
149 34
150 34
151 34
152 34
153 34
154 34
147 35
148 35
149 35
150 35
151 35
152 35
153 35
154 35
155 35
146 36
147 36
148 36
149 36
150 36
151 36
152 36
153 36
154 36
155 36
156 36
146 37
147 37
148 37
149 37
150 37
151 37
152 37
153 37
154 37
155 37
156 37
157 37
146 38
147 38
148 38
149 38
150 38
151 38
152 38
153 38
154 38
155 38
156 38
157 38
146 39
147 39
148 39
149 39
150 39
151 39
152 39
153 39
154 39
155 39
156 39
157 39
146 40
147 40
148 40
149 40
150 40
151 40
152 40
153 40
154 40
155 40
156 40
157 40
146 41
147 41
148 41
149 41
150 41
151 41
152 41
153 41
154 41
155 41
156 41
157 41
146 42
147 42
148 42
149 42
150 42
151 42
152 42
153 42
154 42
155 42
156 42
157 42
146 43
147 43
148 43
149 43
150 43
151 43
152 43
153 43
154 43
155 43
156 43
157 43
146 44
147 44
148 44
149 44
150 44
151 44
152 44
153 44
154 44
155 44
156 44
157 44
146 45
147 45
148 45
149 45
150 45
151 45
152 45
153 45
154 45
155 45
156 45
157 45
146 46
147 46
148 46
149 46
150 46
151 46
152 46
153 46
154 46
155 46
156 46
157 46
146 47
147 47
148 47
149 47
150 47
151 47
152 47
153 47
154 47
155 47
156 47
157 47
147 48
148 48
149 48
150 48
151 48
152 48
153 48
154 48
155 48
156 48
157 48
147 49
148 49
149 49
150 49
151 49
152 49
153 49
154 49
155 49
156 49
157 49
147 50
148 50
149 50
150 50
151 50
152 50
153 50
154 50
155 50
156 50
157 50
147 51
148 51
149 51
150 51
151 51
152 51
153 51
154 51
155 51
156 51
147 52
148 52
149 52
150 52
151 52
152 52
153 52
154 52
155 52
156 52
148 53
149 53
150 53
151 53
152 53
153 53
154 53
155 53
156 53
148 54
149 54
150 54
151 54
152 54
153 54
154 54
155 54
156 54
157 54
148 55
149 55
150 55
151 55
152 55
153 55
154 55
155 55
156 55
157 55
158 55
148 56
149 56
150 56
151 56
152 56
153 56
154 56
155 56
156 56
157 56
158 56
148 57
149 57
150 57
151 57
152 57
153 57
154 57
155 57
156 57
157 57
158 57
148 58
149 58
150 58
151 58
152 58
153 58
154 58
155 58
156 58
157 58
158 58
148 59
149 59
150 59
151 59
152 59
153 59
154 59
155 59
156 59
157 59
148 60
149 60
150 60
151 60
152 60
153 60
154 60
155 60
156 60
157 60
148 61
149 61
150 61
151 61
152 61
154 61
155 61
156 61
157 61
148 62
149 62
150 62
151 62
152 62
155 62
156 62
157 62
149 63
150 63
151 63
152 63
154 63
155 63
156 63
157 63
149 64
150 64
151 64
152 64
155 64
156 64
157 64
149 65
150 65
151 65
152 65
155 65
156 65
157 65
149 66
150 66
151 66
152 66
155 66
156 66
157 66
149 67
150 67
151 67
155 67
156 67
157 67
149 68
150 68
151 68
155 68
156 68
157 68
149 69
150 69
151 69
152 69
155 69
156 69
157 69
149 70
150 70
151 70
152 70
155 70
156 70
157 70
149 71
150 71
151 71
152 71
155 71
156 71
157 71
149 72
150 72
151 72
152 72
155 72
156 72
157 72
149 73
150 73
151 73
155 73
156 73

FRAME 119
150 28
151 28
152 28
150 29
151 29
152 29
153 29
149 30
150 30
151 30
152 30
153 30
150 31
151 31
152 31
153 31
150 32
151 32
152 32
153 32
149 33
150 33
151 33
152 33
153 33
154 33
148 34
149 34
150 34
151 34
152 34
153 34
154 34
147 35
148 35
149 35
150 35
151 35
152 35
153 35
154 35
155 35
146 36
147 36
148 36
149 36
150 36
151 36
152 36
153 36
154 36
155 36
156 36
146 37
147 37
148 37
149 37
150 37
151 37
152 37
153 37
154 37
155 37
156 37
157 37
146 38
147 38
148 38
149 38
150 38
151 38
152 38
153 38
154 38
155 38
156 38
157 38
146 39
147 39
148 39
149 39
150 39
151 39
152 39
153 39
154 39
155 39
156 39
157 39
146 40
147 40
148 40
149 40
150 40
151 40
152 40
153 40
154 40
155 40
156 40
157 40
146 41
147 41
148 41
149 41
150 41
151 41
152 41
153 41
154 41
155 41
156 41
157 41
146 42
147 42
148 42
149 42
150 42
151 42
152 42
153 42
154 42
155 42
156 42
157 42
146 43
147 43
148 43
149 43
150 43
151 43
152 43
153 43
154 43
155 43
156 43
157 43
146 44
147 44
148 44
149 44
150 44
151 44
152 44
153 44
154 44
155 44
156 44
157 44
146 45
147 45
148 45
149 45
150 45
151 45
152 45
153 45
154 45
155 45
156 45
157 45
146 46
147 46
148 46
149 46
150 46
151 46
152 46
153 46
154 46
155 46
156 46
157 46
146 47
147 47
148 47
149 47
150 47
151 47
152 47
153 47
154 47
155 47
156 47
157 47
147 48
148 48
149 48
150 48
151 48
152 48
153 48
154 48
155 48
156 48
157 48
147 49
148 49
149 49
150 49
151 49
152 49
153 49
154 49
155 49
156 49
157 49
147 50
148 50
149 50
150 50
151 50
152 50
153 50
154 50
155 50
156 50
157 50
147 51
148 51
149 51
150 51
151 51
152 51
153 51
154 51
155 51
156 51
147 52
148 52
149 52
150 52
151 52
152 52
153 52
154 52
155 52
156 52
148 53
149 53
150 53
151 53
152 53
153 53
154 53
155 53
156 53
148 54
149 54
150 54
151 54
152 54
153 54
154 54
155 54
156 54
157 54
148 55
149 55
150 55
151 55
152 55
153 55
154 55
155 55
156 55
157 55
158 55
148 56
149 56
150 56
151 56
152 56
153 56
154 56
155 56
156 56
157 56
158 56
148 57
149 57
150 57
151 57
152 57
153 57
154 57
155 57
156 57
157 57
158 57
148 58
149 58
150 58
151 58
152 58
153 58
154 58
155 58
156 58
157 58
148 59
149 59
150 59
151 59
152 59
153 59
154 59
155 59
156 59
157 59
148 60
149 60
150 60
151 60
152 60
153 60
154 60
155 60
156 60
157 60
148 61
149 61
150 61
151 61
152 61
154 61
155 61
156 61
157 61
148 62
149 62
150 62
151 62
152 62
155 62
156 62
157 62
149 63
150 63
151 63
152 63
155 63
156 63
157 63
149 64
150 64
151 64
152 64
155 64
156 64
157 64
149 65
150 65
151 65
152 65
155 65
156 65
157 65
149 66
150 66
151 66
152 66
155 66
156 66
157 66
149 67
150 67
151 67
155 67
156 67
157 67
149 68
150 68
151 68
155 68
156 68
157 68
149 69
150 69
151 69
155 69
156 69
157 69
149 70
150 70
151 70
152 70
155 70
156 70
157 70
149 71
150 71
151 71
152 71
155 71
156 71
157 71
149 72
150 72
151 72
152 72
155 72
156 72
157 72
149 73
150 73
151 73
155 73
156 73

FRAME 120
150 28
151 28
152 28
150 29
151 29
152 29
153 29
149 30
150 30
151 30
152 30
153 30
150 31
151 31
152 31
153 31
150 32
151 32
152 32
153 32
149 33
150 33
151 33
152 33
153 33
154 33
148 34
149 34
150 34
151 34
152 34
153 34
154 34
147 35
148 35
149 35
150 35
151 35
152 35
153 35
154 35
155 35
146 36
147 36
148 36
149 36
150 36
151 36
152 36
153 36
154 36
155 36
156 36
146 37
147 37
148 37
149 37
150 37
151 37
152 37
153 37
154 37
155 37
156 37
157 37
146 38
147 38
148 38
149 38
150 38
151 38
152 38
153 38
154 38
155 38
156 38
157 38
146 39
147 39
148 39
149 39
150 39
151 39
152 39
153 39
154 39
155 39
156 39
157 39
146 40
147 40
148 40
149 40
150 40
151 40
152 40
153 40
154 40
155 40
156 40
157 40
146 41
147 41
148 41
149 41
150 41
151 41
152 41
153 41
154 41
155 41
156 41
157 41
146 42
147 42
148 42
149 42
150 42
151 42
152 42
153 42
154 42
155 42
156 42
157 42
146 43
147 43
148 43
149 43
150 43
151 43
152 43
153 43
154 43
155 43
156 43
157 43
146 44
147 44
148 44
149 44
150 44
151 44
152 44
153 44
154 44
155 44
156 44
157 44
146 45
147 45
148 45
149 45
150 45
151 45
152 45
153 45
154 45
155 45
156 45
157 45
146 46
147 46
148 46
149 46
150 46
151 46
152 46
153 46
154 46
155 46
156 46
157 46
146 47
147 47
148 47
149 47
150 47
151 47
152 47
153 47
154 47
155 47
156 47
157 47
147 48
148 48
149 48
150 48
151 48
152 48
153 48
154 48
155 48
156 48
157 48
147 49
148 49
149 49
150 49
151 49
152 49
153 49
154 49
155 49
156 49
157 49
147 50
148 50
149 50
150 50
151 50
152 50
153 50
154 50
155 50
156 50
157 50
147 51
148 51
149 51
150 51
151 51
152 51
153 51
154 51
155 51
156 51
147 52
148 52
149 52
150 52
151 52
152 52
153 52
154 52
155 52
156 52
148 53
149 53
150 53
151 53
152 53
153 53
154 53
155 53
156 53
148 54
149 54
150 54
151 54
152 54
153 54
154 54
155 54
156 54
157 54
148 55
149 55
150 55
151 55
152 55
153 55
154 55
155 55
156 55
157 55
158 55
148 56
149 56
150 56
151 56
152 56
153 56
154 56
155 56
156 56
157 56
158 56
148 57
149 57
150 57
151 57
152 57
153 57
154 57
155 57
156 57
157 57
158 57
148 58
149 58
150 58
151 58
152 58
153 58
154 58
155 58
156 58
157 58
148 59
149 59
150 59
151 59
152 59
153 59
154 59
155 59
156 59
157 59
148 60
149 60
150 60
151 60
152 60
153 60
154 60
155 60
156 60
157 60
148 61
149 61
150 61
151 61
152 61
154 61
155 61
156 61
157 61
148 62
149 62
150 62
151 62
152 62
155 62
156 62
157 62
149 63
150 63
151 63
152 63
154 63
155 63
156 63
157 63
149 64
150 64
151 64
152 64
155 64
156 64
157 64
149 65
150 65
151 65
152 65
155 65
156 65
157 65
149 66
150 66
151 66
152 66
155 66
156 66
157 66
149 67
150 67
151 67
155 67
156 67
157 67
149 68
150 68
151 68
155 68
156 68
157 68
149 69
150 69
151 69
152 69
155 69
156 69
157 69
149 70
150 70
151 70
152 70
155 70
156 70
157 70
149 71
150 71
151 71
152 71
155 71
156 71
157 71
149 72
150 72
151 72
152 72
155 72
156 72
157 72
149 73
150 73
151 73
155 73
156 73

FRAME 121
150 28
151 28
152 28
149 29
150 29
151 29
152 29
153 29
149 30
150 30
151 30
152 30
153 30
150 31
151 31
152 31
153 31
150 32
151 32
152 32
153 32
149 33
150 33
151 33
152 33
153 33
154 33
148 34
149 34
150 34
151 34
152 34
153 34
154 34
147 35
148 35
149 35
150 35
151 35
152 35
153 35
154 35
155 35
146 36
147 36
148 36
149 36
150 36
151 36
152 36
153 36
154 36
155 36
156 36
146 37
147 37
148 37
149 37
150 37
151 37
152 37
153 37
154 37
155 37
156 37
157 37
146 38
147 38
148 38
149 38
150 38
151 38
152 38
153 38
154 38
155 38
156 38
157 38
146 39
147 39
148 39
149 39
150 39
151 39
152 39
153 39
154 39
155 39
156 39
157 39
146 40
147 40
148 40
149 40
150 40
151 40
152 40
153 40
154 40
155 40
156 40
157 40
146 41
147 41
148 41
149 41
150 41
151 41
152 41
153 41
154 41
155 41
156 41
157 41
146 42
147 42
148 42
149 42
150 42
151 42
152 42
153 42
154 42
155 42
156 42
157 42
146 43
147 43
148 43
149 43
150 43
151 43
152 43
153 43
154 43
155 43
156 43
157 43
146 44
147 44
148 44
149 44
150 44
151 44
152 44
153 44
154 44
155 44
156 44
157 44
146 45
147 45
148 45
149 45
150 45
151 45
152 45
153 45
154 45
155 45
156 45
157 45
146 46
147 46
148 46
149 46
150 46
151 46
152 46
153 46
154 46
155 46
156 46
157 46
146 47
147 47
148 47
149 47
150 47
151 47
152 47
153 47
154 47
155 47
156 47
157 47
147 48
148 48
149 48
150 48
151 48
152 48
153 48
154 48
155 48
156 48
157 48
147 49
148 49
149 49
150 49
151 49
152 49
153 49
154 49
155 49
156 49
157 49
147 50
148 50
149 50
150 50
151 50
152 50
153 50
154 50
155 50
156 50
157 50
147 51
148 51
149 51
150 51
151 51
152 51
153 51
154 51
155 51
156 51
147 52
148 52
149 52
150 52
151 52
152 52
153 52
154 52
155 52
156 52
148 53
149 53
150 53
151 53
152 53
153 53
154 53
155 53
156 53
148 54
149 54
150 54
151 54
152 54
153 54
154 54
155 54
156 54
157 54
148 55
149 55
150 55
151 55
152 55
153 55
154 55
155 55
156 55
157 55
158 55
148 56
149 56
150 56
151 56
152 56
153 56
154 56
155 56
156 56
157 56
158 56
148 57
149 57
150 57
151 57
152 57
153 57
154 57
155 57
156 57
157 57
158 57
148 58
149 58
150 58
151 58
152 58
153 58
154 58
155 58
156 58
157 58
148 59
149 59
150 59
151 59
152 59
153 59
154 59
155 59
156 59
157 59
148 60
149 60
150 60
151 60
152 60
153 60
154 60
155 60
156 60
157 60
148 61
149 61
150 61
151 61
152 61
154 61
155 61
156 61
157 61
148 62
149 62
150 62
151 62
152 62
155 62
156 62
157 62
149 63
150 63
151 63
152 63
155 63
156 63
157 63
149 64
150 64
151 64
152 64
155 64
156 64
157 64
149 65
150 65
151 65
152 65
155 65
156 65
157 65
149 66
150 66
151 66
152 66
155 66
156 66
157 66
149 67
150 67
151 67
155 67
156 67
157 67
149 68
150 68
151 68
155 68
156 68
157 68
149 69
150 69
151 69
152 69
155 69
156 69
157 69
149 70
150 70
151 70
152 70
155 70
156 70
157 70
149 71
150 71
151 71
152 71
155 71
156 71
157 71
149 72
150 72
151 72
152 72
155 72
156 72
157 72
149 73
150 73
151 73
155 73
156 73

FRAME 122
311 66
308 67
309 67
310 67
311 67
312 67
313 67
314 67
315 67
307 68
308 68
309 68
310 68
311 68
312 68
313 68
314 68
315 68
316 68
317 68
318 68
308 69
309 69
310 69
311 69
312 69
313 69
314 69
315 69
316 69
317 69
318 69
319 69
309 70
310 70
311 70
312 70
313 70
314 70
315 70
316 70
317 70
318 70
319 70
311 71
312 71
313 71
314 71
315 71
316 71
317 71
318 71
319 71
320 71
312 72
313 72
314 72
315 72
316 72
317 72
318 72
319 72
320 72
312 73
313 73
314 73
315 73
316 73
317 73
318 73
319 73
320 73
321 73
312 74
313 74
314 74
315 74
316 74
317 74
318 74
319 74
320 74
321 74
312 75
313 75
314 75
315 75
316 75
317 75
318 75
319 75
320 75
321 75
322 75
312 76
313 76
314 76
315 76
316 76
317 76
318 76
319 76
320 76
321 76
322 76
323 76
311 77
312 77
313 77
314 77
315 77
316 77
317 77
318 77
319 77
320 77
321 77
322 77
323 77
310 78
311 78
312 78
313 78
314 78
315 78
316 78
317 78
318 78
319 78
320 78
321 78
322 78
323 78
310 79
311 79
312 79
313 79
314 79
315 79
316 79
317 79
318 79
319 79
320 79
321 79
322 79
323 79
324 79
309 80
310 80
311 80
312 80
317 80
318 80
319 80
320 80
321 80
322 80
323 80
324 80
308 81
309 81
310 81
311 81
318 81
319 81
320 81
321 81
322 81
323 81
324 81
325 81
307 82
308 82
309 82
310 82
318 82
319 82
320 82
321 82
322 82
323 82
324 82
325 82
307 83
308 83
309 83
317 83
318 83
319 83
320 83
321 83
322 83
323 83
324 83
325 83
308 84
317 84
318 84
319 84
320 84
321 84
322 84
323 84
324 84
325 84
316 85
317 85
318 85
319 85
320 85
321 85
322 85
323 85
324 85
325 85
316 86
317 86
318 86
319 86
320 86
321 86
322 86
323 86
324 86
316 87
317 87
318 87
319 87
320 87
321 87
322 87
323 87
324 87
315 88
316 88
317 88
318 88
319 88
320 88
321 88
322 88
323 88
324 88
325 88
315 89
316 89
317 89
318 89
319 89
320 89
321 89
322 89
323 89
324 89
325 89
315 90
316 90
317 90
318 90
319 90
320 90
321 90
322 90
323 90
324 90
325 90
326 90
315 91
316 91
317 91
318 91
319 91
320 91
321 91
322 91
323 91
324 91
325 91
326 91
327 91
315 92
316 92
317 92
318 92
319 92
320 92
321 92
322 92
323 92
324 92
325 92
326 92
327 92
328 92
315 93
316 93
317 93
318 93
319 93
320 93
321 93
322 93
323 93
324 93
325 93
326 93
327 93
328 93
329 93
330 93
331 93
317 94
318 94
319 94
320 94
321 94
322 94
323 94
324 94
325 94
326 94
327 94
328 94
329 94
330 94
331 94
332 94
333 94
334 94
318 95
319 95
320 95
321 95
322 95
323 95
324 95
325 95
326 95
327 95
328 95
329 95
330 95
331 95
332 95
333 95
334 95
335 95
320 96
321 96
322 96
323 96
324 96
325 96
326 96
327 96
328 96
329 96
330 96
331 96
332 96
333 96
334 96
335 96
336 96
322 97
323 97
324 97
325 97
326 97
327 97
333 97
334 97
335 97
336 97
323 98
324 98
325 98
326 98
327 98
334 98
335 98
336 98
323 99
324 99
325 99
326 99
327 99
323 100
324 100
325 100
326 100
327 100
323 101
324 101
325 101
326 101
323 102
324 102
325 102

FRAME 124
293 55
292 56
293 56
294 56
295 56
292 57
293 57
294 57
295 57
296 57
292 58
293 58
294 58
295 58
296 58
292 59
293 59
294 59
295 59
296 59
297 59
293 60
294 60
295 60
296 60
297 60
293 61
294 61
295 61
296 61
297 61
293 62
294 62
295 62
296 62
297 62
294 63
295 63
296 63
297 63
298 63
295 64
296 64
297 64
298 64
295 65
296 65
297 65
298 65
302 65
303 65
304 65
305 65
306 65
296 66
302 66
303 66
304 66
305 66
306 66
307 66
298 67
299 67
301 67
302 67
303 67
304 67
305 67
306 67
307 67
298 68
299 68
300 68
301 68
302 68
303 68
304 68
305 68
306 68
307 68
308 68
298 69
299 69
300 69
301 69
302 69
303 69
304 69
305 69
306 69
307 69
308 69
309 69
301 70
302 70
303 70
304 70
305 70
306 70
307 70
308 70
309 70
310 70
302 71
303 71
304 71
305 71
306 71
307 71
308 71
309 71
310 71
311 71
312 71
303 72
304 72
305 72
306 72
307 72
308 72
309 72
310 72
311 72
312 72
313 72
304 73
305 73
306 73
307 73
308 73
309 73
310 73
311 73
312 73
313 73
314 73
305 74
306 74
307 74
308 74
309 74
310 74
311 74
312 74
313 74
314 74
315 74
305 75
306 75
307 75
308 75
309 75
310 75
311 75
312 75
313 75
314 75
315 75
316 75
306 76
307 76
308 76
309 76
310 76
311 76
312 76
313 76
314 76
315 76
316 76
307 77
308 77
309 77
310 77
311 77
312 77
313 77
314 77
315 77
316 77
317 77
307 78
308 78
309 78
310 78
311 78
312 78
313 78
314 78
315 78
316 78
317 78
307 79
308 79
309 79
310 79
311 79
312 79
313 79
314 79
315 79
316 79
317 79
318 79
307 80
308 80
309 80
310 80
311 80
312 80
313 80
314 80
315 80
316 80
317 80
318 80
307 81
308 81
309 81
310 81
311 81
312 81
313 81
314 81
315 81
316 81
317 81
318 81
307 82
308 82
309 82
310 82
311 82
312 82
313 82
314 82
315 82
316 82
317 82
318 82
307 83
308 83
309 83
310 83
311 83
312 83
313 83
314 83
315 83
316 83
317 83
318 83
307 84
308 84
309 84
310 84
311 84
312 84
313 84
314 84
315 84
316 84
317 84
318 84
308 85
309 85
310 85
311 85
312 85
313 85
314 85
315 85
316 85
317 85
318 85
308 86
309 86
310 86
311 86
312 86
313 86
314 86
315 86
316 86
317 86
318 86
308 87
309 87
310 87
311 87
312 87
313 87
314 87
315 87
316 87
317 87
318 87
308 88
309 88
310 88
311 88
312 88
313 88
314 88
315 88
316 88
317 88
308 89
309 89
310 89
311 89
312 89
313 89
314 89
315 89
316 89
317 89
308 90
309 90
310 90
311 90
312 90
313 90
314 90
315 90
316 90
317 90
308 91
309 91
310 91
311 91
312 91
313 91
314 91
315 91
316 91
317 91
308 92
309 92
310 92
311 92
312 92
313 92
314 92
315 92
316 92
317 92
308 93
309 93
310 93
311 93
312 93
313 93
314 93
315 93
316 93
317 93
318 93
310 94
311 94
312 94
313 94
314 94
315 94
316 94
317 94
318 94
319 94
320 94
311 95
312 95
313 95
314 95
315 95
316 95
317 95
318 95
319 95
320 95
321 95
322 95
323 95
315 96
316 96
317 96
318 96
319 96
320 96
321 96
322 96
323 96
324 96
325 96
319 97
320 97
321 97
322 97
323 97
324 97
325 97
326 97
322 98
323 98
324 98
325 98
326 98
327 98
323 99
324 99
325 99
326 99
327 99
323 100
324 100
325 100
326 100
327 100
323 101
324 101
325 101
326 101
323 102
324 102
325 102

FRAME 125
298 65
299 65
300 65
297 66
298 66
299 66
300 66
301 66
297 67
298 67
299 67
300 67
301 67
289 68
290 68
291 68
297 68
298 68
299 68
300 68
301 68
302 68
289 69
290 69
291 69
292 69
297 69
298 69
299 69
300 69
301 69
302 69
303 69
290 70
291 70
292 70
293 70
294 70
295 70
297 70
298 70
299 70
300 70
301 70
302 70
303 70
304 70
291 71
292 71
293 71
294 71
295 71
296 71
297 71
298 71
299 71
300 71
301 71
302 71
303 71
304 71
305 71
306 71
292 72
293 72
294 72
295 72
296 72
297 72
298 72
299 72
300 72
301 72
302 72
303 72
304 72
305 72
306 72
307 72
294 73
295 73
296 73
297 73
298 73
299 73
300 73
301 73
302 73
303 73
304 73
305 73
306 73
307 73
308 73
297 74
298 74
299 74
300 74
301 74
302 74
303 74
304 74
305 74
306 74
307 74
308 74
309 74
299 75
300 75
301 75
302 75
303 75
304 75
305 75
306 75
307 75
308 75
309 75
310 75
301 76
302 76
303 76
304 76
305 76
306 76
307 76
308 76
309 76
310 76
311 76
302 77
303 77
304 77
305 77
306 77
307 77
308 77
309 77
310 77
311 77
312 77
303 78
304 78
305 78
306 78
307 78
308 78
309 78
310 78
311 78
312 78
304 79
305 79
306 79
307 79
308 79
309 79
310 79
311 79
312 79
313 79
304 80
305 80
306 80
307 80
308 80
309 80
310 80
311 80
312 80
313 80
304 81
305 81
306 81
307 81
308 81
309 81
310 81
311 81
312 81
313 81
304 82
305 82
306 82
307 82
308 82
309 82
310 82
311 82
312 82
313 82
314 82
304 83
305 83
306 83
307 83
308 83
309 83
310 83
311 83
312 83
313 83
314 83
303 84
304 84
305 84
306 84
307 84
308 84
309 84
310 84
311 84
312 84
313 84
314 84
303 85
304 85
305 85
306 85
307 85
308 85
309 85
310 85
311 85
312 85
313 85
314 85
301 86
302 86
303 86
304 86
305 86
306 86
307 86
308 86
309 86
310 86
311 86
312 86
313 86
314 86
301 87
302 87
303 87
304 87
305 87
306 87
307 87
308 87
309 87
310 87
311 87
312 87
313 87
314 87
300 88
301 88
302 88
303 88
304 88
305 88
306 88
307 88
308 88
309 88
310 88
311 88
312 88
313 88
314 88
300 89
301 89
302 89
303 89
304 89
305 89
306 89
310 89
311 89
312 89
313 89
314 89
300 90
301 90
302 90
303 90
304 90
305 90
310 90
311 90
312 90
313 90
314 90
300 91
301 91
302 91
303 91
304 91
305 91
311 91
312 91
313 91
314 91
315 91
301 92
302 92
303 92
304 92
305 92
311 92
312 92
313 92
314 92
315 92
316 92
317 92
302 93
303 93
304 93
305 93
311 93
312 93
313 93
314 93
315 93
316 93
317 93
318 93
319 93
303 94
304 94
305 94
306 94
307 94
312 94
313 94
314 94
315 94
316 94
317 94
318 94
319 94
320 94
321 94
305 95
306 95
307 95
308 95
309 95
313 95
314 95
315 95
316 95
317 95
318 95
319 95
320 95
321 95
322 95
323 95
305 96
306 96
307 96
308 96
309 96
310 96
316 96
317 96
318 96
319 96
320 96
321 96
322 96
323 96
324 96
306 97
307 97
308 97
309 97
310 97
319 97
320 97
321 97
322 97
323 97
324 97
325 97
306 98
307 98
308 98
309 98
310 98
322 98
323 98
324 98
325 98
326 98
307 99
308 99
309 99
322 99
323 99
324 99
325 99
326 99
323 100
324 100
325 100
326 100
323 101
324 101
325 101
326 101
323 102
324 102

FRAME 126
293 66
294 66
295 66
296 66
292 67
293 67
294 67
295 67
296 67
292 68
293 68
294 68
295 68
296 68
297 68
292 69
293 69
294 69
295 69
296 69
297 69
292 70
293 70
294 70
295 70
296 70
297 70
298 70
292 71
293 71
294 71
295 71
296 71
297 71
298 71
299 71
300 71
291 72
292 72
293 72
294 72
295 72
296 72
297 72
298 72
299 72
300 72
301 72
289 73
290 73
291 73
292 73
293 73
294 73
295 73
296 73
297 73
298 73
299 73
300 73
301 73
302 73
303 73
287 74
288 74
289 74
290 74
291 74
292 74
293 74
294 74
295 74
296 74
297 74
298 74
299 74
300 74
301 74
302 74
303 74
304 74
287 75
288 75
289 75
290 75
291 75
292 75
293 75
294 75
295 75
296 75
297 75
298 75
299 75
300 75
301 75
302 75
303 75
304 75
305 75
295 76
296 76
297 76
298 76
299 76
300 76
301 76
302 76
303 76
304 76
305 76
306 76
296 77
297 77
298 77
299 77
300 77
301 77
302 77
303 77
304 77
305 77
306 77
307 77
297 78
298 78
299 78
300 78
301 78
302 78
303 78
304 78
305 78
306 78
307 78
298 79
299 79
300 79
301 79
302 79
303 79
304 79
305 79
306 79
307 79
299 80
300 80
301 80
302 80
303 80
304 80
305 80
306 80
307 80
308 80
299 81
300 81
301 81
302 81
303 81
304 81
305 81
306 81
307 81
308 81
309 81
299 82
300 82
301 82
302 82
303 82
304 82
305 82
306 82
307 82
308 82
309 82
297 83
298 83
299 83
300 83
301 83
302 83
303 83
304 83
305 83
306 83
307 83
308 83
309 83
295 84
296 84
297 84
298 84
299 84
300 84
301 84
302 84
303 84
304 84
305 84
306 84
307 84
308 84
309 84
310 84
294 85
295 85
296 85
297 85
298 85
299 85
300 85
301 85
302 85
303 85
304 85
305 85
306 85
307 85
308 85
309 85
310 85
294 86
295 86
296 86
297 86
298 86
299 86
300 86
301 86
302 86
303 86
304 86
305 86
306 86
307 86
308 86
309 86
310 86
294 87
295 87
296 87
297 87
298 87
299 87
300 87
305 87
306 87
307 87
308 87
309 87
310 87
311 87
293 88
294 88
295 88
296 88
297 88
298 88
306 88
307 88
308 88
309 88
310 88
311 88
293 89
294 89
295 89
296 89
297 89
307 89
308 89
309 89
310 89
311 89
312 89
293 90
294 90
295 90
296 90
297 90
308 90
309 90
310 90
311 90
312 90
313 90
293 91
294 91
295 91
296 91
297 91
309 91
310 91
311 91
312 91
313 91
314 91
315 91
294 92
295 92
296 92
297 92
310 92
311 92
312 92
313 92
314 92
315 92
316 92
317 92
294 93
295 93
296 93
297 93
311 93
312 93
313 93
314 93
315 93
316 93
317 93
318 93
319 93
294 94
295 94
296 94
297 94
313 94
314 94
315 94
316 94
317 94
318 94
319 94
320 94
321 94
294 95
295 95
296 95
297 95
315 95
316 95
317 95
318 95
319 95
320 95
321 95
322 95
323 95
294 96
295 96
296 96
297 96
317 96
318 96
319 96
320 96
321 96
322 96
323 96
324 96
293 97
294 97
295 97
296 97
297 97
298 97
320 97
321 97
322 97
323 97
324 97
325 97
293 98
294 98
295 98
296 98
297 98
298 98
321 98
322 98
323 98
324 98
325 98
326 98
293 99
294 99
295 99
296 99
297 99
298 99
322 99
323 99
324 99
325 99
294 100
295 100
296 100
297 100
298 100
322 100
323 100
324 100
325 100
294 101
295 101
296 101
297 101
298 101
322 101
323 101
324 101
325 101
323 102
324 102

FRAME 127
290 66
291 66
292 66
290 67
291 67
292 67
293 67
289 68
290 68
291 68
292 68
293 68
294 68
289 69
290 69
291 69
292 69
293 69
294 69
295 69
289 70
290 70
291 70
292 70
293 70
294 70
295 70
296 70
289 71
290 71
291 71
292 71
293 71
294 71
295 71
296 71
297 71
289 72
290 72
291 72
292 72
293 72
294 72
295 72
296 72
297 72
298 72
277 73
278 73
288 73
289 73
290 73
291 73
292 73
293 73
294 73
295 73
296 73
297 73
298 73
299 73
300 73
276 74
277 74
278 74
279 74
286 74
287 74
288 74
289 74
290 74
291 74
292 74
293 74
294 74
295 74
296 74
297 74
298 74
299 74
300 74
301 74
276 75
277 75
278 75
279 75
280 75
281 75
282 75
283 75
284 75
285 75
286 75
287 75
288 75
289 75
290 75
291 75
292 75
293 75
294 75
295 75
296 75
297 75
298 75
299 75
300 75
301 75
302 75
277 76
278 76
279 76
280 76
281 76
282 76
283 76
284 76
285 76
286 76
287 76
288 76
289 76
292 76
293 76
294 76
295 76
296 76
297 76
298 76
299 76
300 76
301 76
302 76
303 76
282 77
283 77
284 77
285 77
286 77
293 77
294 77
295 77
296 77
297 77
298 77
299 77
300 77
301 77
302 77
303 77
304 77
295 78
296 78
297 78
298 78
299 78
300 78
301 78
302 78
303 78
304 78
296 79
297 79
298 79
299 79
300 79
301 79
302 79
303 79
304 79
305 79
296 80
297 80
298 80
299 80
300 80
301 80
302 80
303 80
304 80
305 80
306 80
297 81
298 81
299 81
300 81
301 81
302 81
303 81
304 81
305 81
306 81
296 82
297 82
298 82
299 82
300 82
301 82
302 82
303 82
304 82
305 82
306 82
307 82
295 83
296 83
297 83
298 83
299 83
300 83
301 83
302 83
303 83
304 83
305 83
306 83
307 83
294 84
295 84
296 84
297 84
298 84
299 84
300 84
301 84
302 84
303 84
304 84
305 84
306 84
307 84
308 84
292 85
293 85
294 85
295 85
296 85
297 85
298 85
299 85
300 85
301 85
302 85
303 85
304 85
305 85
306 85
307 85
308 85
291 86
292 86
293 86
294 86
295 86
296 86
297 86
298 86
299 86
300 86
301 86
302 86
303 86
304 86
305 86
306 86
307 86
308 86
290 87
291 87
292 87
293 87
294 87
295 87
296 87
297 87
298 87
299 87
300 87
301 87
302 87
303 87
304 87
305 87
306 87
307 87
308 87
290 88
291 88
292 88
293 88
294 88
295 88
296 88
297 88
304 88
305 88
306 88
307 88
308 88
309 88
290 89
291 89
292 89
293 89
294 89
295 89
305 89
306 89
307 89
308 89
309 89
310 89
311 89
290 90
291 90
292 90
293 90
294 90
306 90
307 90
308 90
309 90
310 90
311 90
312 90
313 90
290 91
291 91
292 91
293 91
307 91
308 91
309 91
310 91
311 91
312 91
313 91
314 91
315 91
290 92
291 92
292 92
293 92
308 92
309 92
310 92
311 92
312 92
313 92
314 92
315 92
316 92
317 92
290 93
291 93
292 93
293 93
309 93
310 93
311 93
312 93
313 93
314 93
315 93
316 93
317 93
318 93
319 93
290 94
291 94
292 94
293 94
312 94
313 94
314 94
315 94
316 94
317 94
318 94
319 94
320 94
321 94
290 95
291 95
292 95
293 95
315 95
316 95
317 95
318 95
319 95
320 95
321 95
322 95
289 96
290 96
291 96
292 96
293 96
317 96
318 96
319 96
320 96
321 96
322 96
323 96
288 97
289 97
290 97
291 97
292 97
320 97
321 97
322 97
323 97
324 97
288 98
289 98
290 98
291 98
292 98
293 98
321 98
322 98
323 98
324 98
288 99
289 99
290 99
291 99
292 99
321 99
322 99
323 99
324 99
288 100
289 100
290 100
291 100
292 100
322 100
323 100
324 100
322 101
323 101
324 101
323 102

FRAME 128
285 67
286 67
287 67
288 67
285 68
286 68
287 68
288 68
289 68
284 69
285 69
286 69
287 69
288 69
289 69
284 70
285 70
286 70
287 70
288 70
289 70
290 70
284 71
285 71
286 71
287 71
288 71
289 71
290 71
291 71
284 72
285 72
286 72
287 72
288 72
289 72
290 72
291 72
292 72
284 73
285 73
286 73
287 73
288 73
289 73
290 73
291 73
292 73
293 73
284 74
285 74
286 74
287 74
288 74
289 74
290 74
291 74
292 74
293 74
294 74
295 74
283 75
284 75
285 75
286 75
287 75
288 75
289 75
290 75
291 75
292 75
293 75
294 75
295 75
296 75
297 75
282 76
283 76
284 76
285 76
286 76
287 76
288 76
289 76
290 76
291 76
292 76
293 76
294 76
295 76
296 76
297 76
298 76
280 77
281 77
282 77
283 77
284 77
285 77
286 77
287 77
288 77
289 77
290 77
291 77
292 77
293 77
294 77
295 77
296 77
297 77
298 77
278 78
279 78
280 78
281 78
282 78
283 78
284 78
288 78
289 78
290 78
291 78
292 78
293 78
294 78
295 78
296 78
297 78
298 78
299 78
274 79
275 79
276 79
277 79
278 79
279 79
280 79
281 79
282 79
290 79
291 79
292 79
293 79
294 79
295 79
296 79
297 79
298 79
299 79
269 80
270 80
271 80
272 80
273 80
274 80
275 80
276 80
277 80
278 80
279 80
280 80
291 80
292 80
293 80
294 80
295 80
296 80
297 80
298 80
299 80
300 80
268 81
269 81
270 81
271 81
272 81
273 81
274 81
275 81
276 81
277 81
292 81
293 81
294 81
295 81
296 81
297 81
298 81
299 81
300 81
301 81
268 82
269 82
270 82
271 82
272 82
273 82
274 82
292 82
293 82
294 82
295 82
296 82
297 82
298 82
299 82
300 82
301 82
268 83
269 83
270 83
292 83
293 83
294 83
295 83
296 83
297 83
298 83
299 83
300 83
301 83
302 83
290 84
291 84
292 84
293 84
294 84
295 84
296 84
297 84
298 84
299 84
300 84
301 84
302 84
288 85
289 85
290 85
291 85
292 85
293 85
294 85
295 85
296 85
297 85
298 85
299 85
300 85
301 85
302 85
287 86
288 86
289 86
290 86
291 86
292 86
293 86
294 86
295 86
296 86
297 86
298 86
299 86
300 86
301 86
302 86
303 86
286 87
287 87
288 87
289 87
290 87
291 87
292 87
293 87
294 87
295 87
296 87
297 87
298 87
299 87
300 87
301 87
302 87
303 87
285 88
286 88
287 88
288 88
289 88
290 88
291 88
292 88
298 88
299 88
300 88
301 88
302 88
303 88
304 88
285 89
286 89
287 89
288 89
289 89
290 89
291 89
300 89
301 89
302 89
303 89
304 89
305 89
306 89
307 89
285 90
286 90
287 90
288 90
289 90
301 90
302 90
303 90
304 90
305 90
306 90
307 90
308 90
309 90
310 90
284 91
285 91
286 91
287 91
288 91
302 91
303 91
304 91
305 91
306 91
307 91
308 91
309 91
310 91
311 91
312 91
313 91
314 91
284 92
285 92
286 92
287 92
303 92
304 92
305 92
306 92
307 92
308 92
309 92
310 92
311 92
312 92
313 92
314 92
315 92
316 92
317 92
284 93
285 93
286 93
287 93
305 93
306 93
307 93
308 93
309 93
310 93
311 93
312 93
313 93
314 93
315 93
316 93
317 93
318 93
283 94
284 94
285 94
286 94
308 94
309 94
310 94
311 94
312 94
313 94
314 94
315 94
316 94
317 94
318 94
319 94
282 95
283 95
284 95
285 95
315 95
316 95
317 95
318 95
319 95
320 95
279 96
280 96
281 96
282 96
283 96
284 96
317 96
318 96
319 96
320 96
321 96
277 97
278 97
279 97
280 97
281 97
282 97
283 97
318 97
319 97
320 97
321 97
277 98
278 98
279 98
280 98
281 98
282 98
283 98
318 98
319 98
320 98
321 98
278 99
279 99
280 99
281 99
282 99
283 99
320 99
321 99
279 100
280 100
281 100
282 100
283 100
280 101
281 101
282 101

FRAME 132
307 271
308 271
309 271
305 272
306 272
307 272
308 272
309 272
310 272
305 273
306 273
307 273
308 273
309 273
310 273
311 273
305 274
306 274
307 274
308 274
309 274
310 274
311 274
305 275
306 275
307 275
308 275
309 275
310 275
311 275
305 276
306 276
307 276
308 276
309 276
310 276
311 276
305 277
306 277
307 277
308 277
309 277
310 277
311 277
305 278
306 278
307 278
308 278
309 278
310 278
311 278
305 279
306 279
307 279
308 279
309 279
310 279
311 279
306 280
307 280
308 280
309 280
310 280
311 280
306 281
307 281
308 281
309 281
310 281
311 281
312 281
305 282
306 282
307 282
308 282
309 282
310 282
311 282
312 282
304 283
305 283
306 283
307 283
308 283
309 283
310 283
311 283
312 283
313 283
314 283
303 284
304 284
305 284
306 284
307 284
308 284
309 284
310 284
311 284
312 284
313 284
314 284
315 284
316 284
301 285
302 285
303 285
304 285
305 285
306 285
307 285
308 285
309 285
310 285
311 285
312 285
313 285
314 285
315 285
316 285
317 285
300 286
301 286
302 286
303 286
304 286
305 286
306 286
307 286
308 286
309 286
310 286
311 286
312 286
313 286
314 286
315 286
316 286
317 286
318 286
300 287
301 287
302 287
303 287
304 287
305 287
306 287
307 287
308 287
309 287
310 287
311 287
312 287
313 287
314 287
315 287
316 287
317 287
318 287
319 287
299 288
300 288
301 288
302 288
303 288
304 288
305 288
306 288
307 288
308 288
309 288
310 288
311 288
312 288
313 288
314 288
315 288
316 288
317 288
318 288
319 288
320 288
299 289
300 289
301 289
302 289
303 289
304 289
305 289
306 289
307 289
308 289
309 289
310 289
311 289
312 289
313 289
314 289
315 289
316 289
317 289
318 289
319 289
320 289
299 290
300 290
301 290
302 290
303 290
304 290
305 290
306 290
307 290
308 290
309 290
310 290
311 290
312 290
313 290
314 290
315 290
316 290
317 290
318 290
319 290
320 290
299 291
300 291
301 291
302 291
303 291
304 291
305 291
306 291
307 291
308 291
309 291
310 291
311 291
312 291
313 291
314 291
315 291
316 291
317 291
318 291
319 291
320 291
321 291
299 292
300 292
301 292
302 292
303 292
304 292
305 292
306 292
307 292
308 292
309 292
310 292
311 292
312 292
313 292
314 292
315 292
316 292
317 292
318 292
319 292
320 292
321 292
298 293
299 293
300 293
301 293
302 293
303 293
304 293
305 293
306 293
307 293
308 293
309 293
310 293
311 293
312 293
313 293
314 293
315 293
316 293
317 293
318 293
319 293
320 293
321 293
298 294
299 294
300 294
301 294
302 294
303 294
304 294
305 294
306 294
307 294
308 294
309 294
310 294
311 294
312 294
313 294
314 294
315 294
316 294
317 294
318 294
319 294
320 294
321 294
298 295
299 295
300 295
301 295
302 295
303 295
304 295
305 295
306 295
307 295
308 295
309 295
310 295
311 295
312 295
313 295
314 295
315 295
316 295
317 295
318 295
319 295
320 295
321 295
322 295
298 296
299 296
300 296
301 296
302 296
303 296
304 296
305 296
306 296
307 296
308 296
309 296
310 296
311 296
312 296
313 296
314 296
315 296
316 296
317 296
318 296
319 296
320 296
321 296
322 296
298 297
299 297
300 297
301 297
302 297
303 297
304 297
305 297
306 297
307 297
308 297
309 297
310 297
311 297
312 297
313 297
314 297
315 297
316 297
317 297
318 297
319 297
320 297
321 297
322 297
299 298
300 298
301 298
302 298
303 298
304 298
305 298
306 298
307 298
308 298
309 298
310 298
311 298
312 298
313 298
314 298
315 298
316 298
317 298
318 298
319 298
320 298
321 298
322 298
299 299
300 299
301 299
302 299
303 299
304 299
305 299
306 299
307 299
308 299
309 299
310 299
311 299
312 299
313 299
314 299
315 299
316 299
317 299
318 299
319 299
320 299
321 299
322 299
299 300
300 300
301 300
302 300
303 300
304 300
305 300
306 300
307 300
308 300
309 300
310 300
311 300
312 300
313 300
314 300
315 300
316 300
317 300
318 300
319 300
320 300
321 300
322 300
300 301
301 301
302 301
303 301
304 301
305 301
306 301
307 301
308 301
309 301
310 301
311 301
312 301
313 301
314 301
315 301
316 301
317 301
318 301
319 301
320 301
321 301
322 301
303 302
304 302
305 302
306 302
307 302
308 302
309 302
310 302
311 302
312 302
313 302
314 302
315 302
316 302
317 302
318 302
319 302
320 302
321 302
304 303
305 303
306 303
307 303
308 303
309 303
310 303
311 303
312 303
313 303
314 303
315 303
316 303
317 303
318 303
319 303
320 303
304 304
305 304
306 304
307 304
308 304
309 304
310 304
311 304
312 304
313 304
314 304
315 304
316 304
317 304
318 304
319 304
304 305
305 305
306 305
307 305
308 305
309 305
310 305
311 305
312 305
313 305
314 305
315 305
316 305
317 305
318 305
319 305
303 306
304 306
305 306
306 306
307 306
308 306
309 306
310 306
311 306
312 306
313 306
314 306
315 306
316 306
317 306
318 306
319 306
303 307
304 307
305 307
306 307
307 307
308 307
309 307
310 307
311 307
312 307
313 307
314 307
315 307
316 307
317 307
318 307
319 307
303 308
304 308
305 308
306 308
307 308
308 308
309 308
310 308
311 308
312 308
313 308
314 308
315 308
316 308
317 308
318 308
319 308
303 309
304 309
305 309
306 309
307 309
308 309
309 309
310 309
311 309
312 309
313 309
314 309
315 309
316 309
317 309
318 309
319 309
302 310
303 310
304 310
305 310
306 310
307 310
308 310
309 310
310 310
311 310
312 310
313 310
314 310
315 310
316 310
317 310
318 310
319 310
302 311
303 311
304 311
305 311
306 311
307 311
308 311
309 311
310 311
311 311
312 311
313 311
314 311
315 311
316 311
317 311
318 311
319 311
302 312
303 312
304 312
305 312
306 312
307 312
308 312
309 312
310 312
311 312
312 312
313 312
314 312
315 312
316 312
317 312
318 312
319 312
320 312
302 313
303 313
304 313
305 313
306 313
307 313
308 313
309 313
310 313
311 313
312 313
313 313
314 313
315 313
316 313
317 313
318 313
319 313
320 313
302 314
303 314
304 314
305 314
306 314
307 314
308 314
309 314
310 314
311 314
312 314
313 314
314 314
315 314
316 314
317 314
318 314
319 314
320 314
302 315
303 315
304 315
305 315
306 315
307 315
308 315
309 315
310 315
311 315
312 315
313 315
314 315
315 315
316 315
317 315
318 315
319 315
320 315
302 316
303 316
304 316
305 316
306 316
307 316
308 316
309 316
310 316
311 316
312 316
313 316
314 316
315 316
316 316
317 316
318 316
319 316
320 316
303 317
304 317
305 317
306 317
307 317
308 317
309 317
310 317
311 317
312 317
313 317
314 317
315 317
316 317
317 317
318 317
319 317
320 317
321 317
302 318
303 318
304 318
305 318
306 318
307 318
308 318
309 318
314 318
315 318
316 318
317 318
318 318
319 318
320 318
302 319
303 319
304 319
305 319
306 319
307 319
308 319
315 319
316 319
317 319
318 319
319 319
320 319
302 320
303 320
304 320
305 320
306 320
307 320
315 320
316 320
317 320
318 320
319 320
320 320
302 321
303 321
304 321
305 321
306 321
307 321
316 321
317 321
318 321
319 321
320 321
302 322
303 322
304 322
305 322
306 322
316 322
317 322
318 322
319 322
320 322
321 322
302 323
303 323
304 323
305 323
306 323
316 323
317 323
318 323
319 323
320 323
321 323
301 324
302 324
303 324
304 324
305 324
306 324
316 324
317 324
318 324
319 324
320 324
321 324
301 325
302 325
303 325
304 325
305 325
306 325
317 325
318 325
319 325
320 325
321 325
301 326
302 326
303 326
304 326
305 326
306 326
317 326
318 326
319 326
320 326
321 326
301 327
302 327
303 327
304 327
305 327
306 327
317 327
318 327
319 327
320 327
321 327
301 328
302 328
303 328
304 328
305 328
306 328
317 328
318 328
319 328
320 328
321 328
301 329
302 329
303 329
304 329
305 329
306 329
317 329
318 329
319 329
320 329
321 329
301 330
302 330
303 330
304 330
305 330
306 330
317 330
318 330
319 330
320 330
321 330
301 331
302 331
303 331
304 331
305 331
317 331
318 331
319 331
320 331
321 331
301 332
302 332
303 332
304 332
305 332
317 332
318 332
319 332
320 332
321 332
301 333
302 333
303 333
304 333
305 333
317 333
318 333
319 333
320 333
321 333
301 334
302 334
303 334
304 334
305 334
317 334
318 334
319 334
320 334
321 334
301 335
302 335
303 335
304 335
305 335
317 335
318 335
319 335
320 335
321 335
301 336
302 336
303 336
304 336
317 336
318 336
319 336
320 336
321 336
301 337
302 337
303 337
304 337
317 337
318 337
319 337
320 337
321 337
301 338
302 338
303 338
304 338
317 338
318 338
319 338
320 338
321 338
301 339
302 339
303 339
304 339
317 339
318 339
319 339
320 339
321 339
301 340
302 340
303 340
304 340
305 340
317 340
318 340
319 340
320 340
321 340
301 341
302 341
303 341
304 341
305 341
317 341
318 341
319 341
320 341
321 341
301 342
302 342
303 342
304 342
305 342
317 342
318 342
319 342
320 342
321 342
301 343
302 343
303 343
304 343
305 343
317 343
318 343
319 343
320 343
321 343
301 344
302 344
303 344
304 344
305 344
318 344
319 344
320 344
321 344
322 344
302 345
303 345
304 345
305 345
318 345
319 345
320 345
321 345
322 345
303 346
304 346
318 346
319 346
320 346
321 346
320 347
321 347

FRAME 133
309 271
310 271
311 271
307 272
308 272
309 272
310 272
311 272
312 272
307 273
308 273
309 273
310 273
311 273
312 273
313 273
306 274
307 274
308 274
309 274
310 274
311 274
312 274
313 274
306 275
307 275
308 275
309 275
310 275
311 275
312 275
313 275
306 276
307 276
308 276
309 276
310 276
311 276
312 276
313 276
306 277
307 277
308 277
309 277
310 277
311 277
312 277
313 277
306 278
307 278
308 278
309 278
310 278
311 278
312 278
313 278
307 279
308 279
309 279
310 279
311 279
312 279
313 279
307 280
308 280
309 280
310 280
311 280
312 280
313 280
307 281
308 281
309 281
310 281
311 281
312 281
313 281
307 282
308 282
309 282
310 282
311 282
312 282
313 282
314 282
306 283
307 283
308 283
309 283
310 283
311 283
312 283
313 283
314 283
315 283
304 284
305 284
306 284
307 284
308 284
309 284
310 284
311 284
312 284
313 284
314 284
315 284
316 284
317 284
303 285
304 285
305 285
306 285
307 285
308 285
309 285
310 285
311 285
312 285
313 285
314 285
315 285
316 285
317 285
318 285
319 285
302 286
303 286
304 286
305 286
306 286
307 286
308 286
309 286
310 286
311 286
312 286
313 286
314 286
315 286
316 286
317 286
318 286
319 286
320 286
302 287
303 287
304 287
305 287
306 287
307 287
308 287
309 287
310 287
311 287
312 287
313 287
314 287
315 287
316 287
317 287
318 287
319 287
320 287
321 287
301 288
302 288
303 288
304 288
305 288
306 288
307 288
308 288
309 288
310 288
311 288
312 288
313 288
314 288
315 288
316 288
317 288
318 288
319 288
320 288
321 288
301 289
302 289
303 289
304 289
305 289
306 289
307 289
308 289
309 289
310 289
311 289
312 289
313 289
314 289
315 289
316 289
317 289
318 289
319 289
320 289
321 289
322 289
301 290
302 290
303 290
304 290
305 290
306 290
307 290
308 290
309 290
310 290
311 290
312 290
313 290
314 290
315 290
316 290
317 290
318 290
319 290
320 290
321 290
322 290
301 291
302 291
303 291
304 291
305 291
306 291
307 291
308 291
309 291
310 291
311 291
312 291
313 291
314 291
315 291
316 291
317 291
318 291
319 291
320 291
321 291
322 291
323 291
300 292
301 292
302 292
303 292
304 292
305 292
306 292
307 292
308 292
309 292
310 292
311 292
312 292
313 292
314 292
315 292
316 292
317 292
318 292
319 292
320 292
321 292
322 292
323 292
300 293
301 293
302 293
303 293
304 293
305 293
306 293
307 293
308 293
309 293
310 293
311 293
312 293
313 293
314 293
315 293
316 293
317 293
318 293
319 293
320 293
321 293
322 293
323 293
300 294
301 294
302 294
303 294
304 294
305 294
306 294
307 294
308 294
309 294
310 294
311 294
312 294
313 294
314 294
315 294
316 294
317 294
318 294
319 294
320 294
321 294
322 294
323 294
300 295
301 295
302 295
303 295
304 295
305 295
306 295
307 295
308 295
309 295
310 295
311 295
312 295
313 295
314 295
315 295
316 295
317 295
318 295
319 295
320 295
321 295
322 295
323 295
300 296
301 296
302 296
303 296
304 296
305 296
306 296
307 296
308 296
309 296
310 296
311 296
312 296
313 296
314 296
315 296
316 296
317 296
318 296
319 296
320 296
321 296
322 296
323 296
324 296
300 297
301 297
302 297
303 297
304 297
305 297
306 297
307 297
308 297
309 297
310 297
311 297
312 297
313 297
314 297
315 297
316 297
317 297
318 297
319 297
320 297
321 297
322 297
323 297
324 297
301 298
302 298
303 298
304 298
305 298
306 298
307 298
308 298
309 298
310 298
311 298
312 298
313 298
314 298
315 298
316 298
317 298
318 298
319 298
320 298
321 298
322 298
323 298
324 298
301 299
302 299
303 299
304 299
305 299
306 299
307 299
308 299
309 299
310 299
311 299
312 299
313 299
314 299
315 299
316 299
317 299
318 299
319 299
320 299
321 299
322 299
323 299
324 299
301 300
302 300
303 300
304 300
305 300
306 300
307 300
308 300
309 300
310 300
311 300
312 300
313 300
314 300
315 300
316 300
317 300
318 300
319 300
320 300
321 300
322 300
323 300
324 300
301 301
302 301
303 301
304 301
305 301
306 301
307 301
308 301
309 301
310 301
311 301
312 301
313 301
314 301
315 301
316 301
317 301
318 301
319 301
320 301
321 301
322 301
323 301
324 301
304 302
305 302
306 302
307 302
308 302
309 302
310 302
311 302
312 302
313 302
314 302
315 302
316 302
317 302
318 302
319 302
320 302
321 302
322 302
323 302
324 302
305 303
306 303
307 303
308 303
309 303
310 303
311 303
312 303
313 303
314 303
315 303
316 303
317 303
318 303
319 303
320 303
321 303
322 303
323 303
305 304
306 304
307 304
308 304
309 304
310 304
311 304
312 304
313 304
314 304
315 304
316 304
317 304
318 304
319 304
320 304
321 304
322 304
305 305
306 305
307 305
308 305
309 305
310 305
311 305
312 305
313 305
314 305
315 305
316 305
317 305
318 305
319 305
320 305
321 305
305 306
306 306
307 306
308 306
309 306
310 306
311 306
312 306
313 306
314 306
315 306
316 306
317 306
318 306
319 306
320 306
321 306
305 307
306 307
307 307
308 307
309 307
310 307
311 307
312 307
313 307
314 307
315 307
316 307
317 307
318 307
319 307
320 307
321 307
305 308
306 308
307 308
308 308
309 308
310 308
311 308
312 308
313 308
314 308
315 308
316 308
317 308
318 308
319 308
320 308
321 308
305 309
306 309
307 309
308 309
309 309
310 309
311 309
312 309
313 309
314 309
315 309
316 309
317 309
318 309
319 309
320 309
321 309
304 310
305 310
306 310
307 310
308 310
309 310
310 310
311 310
312 310
313 310
314 310
315 310
316 310
317 310
318 310
319 310
320 310
321 310
304 311
305 311
306 311
307 311
308 311
309 311
310 311
311 311
312 311
313 311
314 311
315 311
316 311
317 311
318 311
319 311
320 311
321 311
322 311
305 312
306 312
307 312
308 312
309 312
310 312
311 312
312 312
313 312
314 312
315 312
316 312
317 312
318 312
319 312
320 312
321 312
322 312
305 313
306 313
307 313
308 313
309 313
310 313
311 313
312 313
313 313
314 313
315 313
316 313
317 313
318 313
319 313
320 313
321 313
322 313
304 314
305 314
306 314
307 314
308 314
309 314
310 314
311 314
312 314
313 314
314 314
315 314
316 314
317 314
318 314
319 314
320 314
321 314
322 314
305 315
306 315
307 315
308 315
309 315
310 315
311 315
312 315
313 315
314 315
315 315
316 315
317 315
318 315
319 315
320 315
321 315
322 315
304 316
305 316
306 316
307 316
308 316
309 316
310 316
311 316
312 316
313 316
314 316
315 316
316 316
317 316
318 316
319 316
320 316
321 316
322 316
323 316
304 317
305 317
306 317
307 317
308 317
309 317
310 317
311 317
312 317
314 317
315 317
316 317
317 317
318 317
319 317
320 317
321 317
322 317
323 317
304 318
305 318
306 318
307 318
308 318
309 318
310 318
311 318
315 318
316 318
317 318
318 318
319 318
320 318
321 318
322 318
323 318
304 319
305 319
306 319
307 319
308 319
309 319
310 319
316 319
317 319
318 319
319 319
320 319
321 319
322 319
304 320
305 320
306 320
307 320
308 320
309 320
317 320
318 320
319 320
320 320
321 320
322 320
304 321
305 321
306 321
307 321
308 321
309 321
318 321
319 321
320 321
321 321
322 321
323 321
304 322
305 322
306 322
307 322
308 322
318 322
319 322
320 322
321 322
322 322
323 322
304 323
305 323
306 323
307 323
308 323
318 323
319 323
320 323
321 323
322 323
323 323
304 324
305 324
306 324
307 324
308 324
319 324
320 324
321 324
322 324
323 324
303 325
304 325
305 325
306 325
307 325
308 325
319 325
320 325
321 325
322 325
323 325
303 326
304 326
305 326
306 326
307 326
308 326
319 326
320 326
321 326
322 326
323 326
303 327
304 327
305 327
306 327
307 327
308 327
319 327
320 327
321 327
322 327
323 327
324 327
303 328
304 328
305 328
306 328
307 328
308 328
319 328
320 328
321 328
322 328
323 328
324 328
303 329
304 329
305 329
306 329
307 329
319 329
320 329
321 329
322 329
323 329
324 329
303 330
304 330
305 330
306 330
307 330
320 330
321 330
322 330
323 330
324 330
303 331
304 331
305 331
306 331
307 331
320 331
321 331
322 331
323 331
324 331
303 332
304 332
305 332
306 332
307 332
320 332
321 332
322 332
323 332
324 332
303 333
304 333
305 333
306 333
307 333
320 333
321 333
322 333
323 333
324 333
325 333
303 334
304 334
305 334
306 334
307 334
320 334
321 334
322 334
323 334
324 334
325 334
303 335
304 335
305 335
306 335
307 335
321 335
322 335
323 335
324 335
325 335
303 336
304 336
305 336
306 336
307 336
321 336
322 336
323 336
324 336
325 336
303 337
304 337
305 337
306 337
307 337
321 337
322 337
323 337
324 337
325 337
303 338
304 338
305 338
306 338
307 338
321 338
322 338
323 338
324 338
325 338
326 338
303 339
304 339
305 339
306 339
307 339
321 339
322 339
323 339
324 339
325 339
326 339
303 340
304 340
305 340
306 340
307 340
321 340
322 340
323 340
324 340
325 340
326 340
303 341
304 341
305 341
306 341
307 341
322 341
323 341
324 341
325 341
326 341
327 341
303 342
304 342
305 342
306 342
307 342
322 342
323 342
324 342
325 342
326 342
327 342
303 343
304 343
305 343
306 343
307 343
323 343
324 343
325 343
326 343
327 343
303 344
304 344
305 344
306 344
307 344
323 344
324 344
325 344
326 344
327 344
304 345
305 345
306 345
307 345
324 345
325 345
326 345

FRAME 134
313 272
314 272
312 273
313 273
314 273
315 273
316 273
311 274
312 274
313 274
314 274
315 274
316 274
317 274
311 275
312 275
313 275
314 275
315 275
316 275
317 275
311 276
312 276
313 276
314 276
315 276
316 276
317 276
311 277
312 277
313 277
314 277
315 277
316 277
317 277
311 278
312 278
313 278
314 278
315 278
316 278
317 278
311 279
312 279
313 279
314 279
315 279
316 279
317 279
311 280
312 280
313 280
314 280
315 280
316 280
317 280
311 281
312 281
313 281
314 281
315 281
316 281
317 281
311 282
312 282
313 282
314 282
315 282
316 282
317 282
311 283
312 283
313 283
314 283
315 283
316 283
317 283
318 283
310 284
311 284
312 284
313 284
314 284
315 284
316 284
317 284
318 284
319 284
308 285
309 285
310 285
311 285
312 285
313 285
314 285
315 285
316 285
317 285
318 285
319 285
320 285
321 285
306 286
307 286
308 286
309 286
310 286
311 286
312 286
313 286
314 286
315 286
316 286
317 286
318 286
319 286
320 286
321 286
322 286
323 286
306 287
307 287
308 287
309 287
310 287
311 287
312 287
313 287
314 287
315 287
316 287
317 287
318 287
319 287
320 287
321 287
322 287
323 287
324 287
305 288
306 288
307 288
308 288
309 288
310 288
311 288
312 288
313 288
314 288
315 288
316 288
317 288
318 288
319 288
320 288
321 288
322 288
323 288
324 288
305 289
306 289
307 289
308 289
309 289
310 289
311 289
312 289
313 289
314 289
315 289
316 289
317 289
318 289
319 289
320 289
321 289
322 289
323 289
324 289
325 289
305 290
306 290
307 290
308 290
309 290
310 290
311 290
312 290
313 290
314 290
315 290
316 290
317 290
318 290
319 290
320 290
321 290
322 290
323 290
324 290
325 290
326 290
305 291
306 291
307 291
308 291
309 291
310 291
311 291
312 291
313 291
314 291
315 291
316 291
317 291
318 291
319 291
320 291
321 291
322 291
323 291
324 291
325 291
326 291
305 292
306 292
307 292
308 292
309 292
310 292
311 292
312 292
313 292
314 292
315 292
316 292
317 292
318 292
319 292
320 292
321 292
322 292
323 292
324 292
325 292
326 292
305 293
306 293
307 293
308 293
309 293
310 293
311 293
312 293
313 293
314 293
315 293
316 293
317 293
318 293
319 293
320 293
321 293
322 293
323 293
324 293
325 293
326 293
304 294
305 294
306 294
307 294
308 294
309 294
310 294
311 294
312 294
313 294
314 294
315 294
316 294
317 294
318 294
319 294
320 294
321 294
322 294
323 294
324 294
325 294
326 294
327 294
304 295
305 295
306 295
307 295
308 295
309 295
310 295
311 295
312 295
313 295
314 295
315 295
316 295
317 295
318 295
319 295
320 295
321 295
322 295
323 295
324 295
325 295
326 295
327 295
304 296
305 296
306 296
307 296
308 296
309 296
310 296
311 296
312 296
313 296
314 296
315 296
316 296
317 296
318 296
319 296
320 296
321 296
322 296
323 296
324 296
325 296
326 296
327 296
304 297
305 297
306 297
307 297
308 297
309 297
310 297
311 297
312 297
313 297
314 297
315 297
316 297
317 297
318 297
319 297
320 297
321 297
322 297
323 297
324 297
325 297
326 297
327 297
304 298
305 298
306 298
307 298
308 298
309 298
310 298
311 298
312 298
313 298
314 298
315 298
316 298
317 298
318 298
319 298
320 298
321 298
322 298
323 298
324 298
325 298
326 298
327 298
328 298
304 299
305 299
306 299
307 299
308 299
309 299
310 299
311 299
312 299
313 299
314 299
315 299
316 299
317 299
318 299
319 299
320 299
321 299
322 299
323 299
324 299
325 299
326 299
327 299
328 299
305 300
306 300
307 300
308 300
309 300
310 300
311 300
312 300
313 300
314 300
315 300
316 300
317 300
318 300
319 300
320 300
321 300
322 300
323 300
324 300
325 300
326 300
327 300
328 300
305 301
306 301
307 301
308 301
309 301
310 301
311 301
312 301
313 301
314 301
315 301
316 301
317 301
318 301
319 301
320 301
321 301
322 301
323 301
324 301
325 301
326 301
327 301
328 301
305 302
306 302
307 302
308 302
309 302
310 302
311 302
312 302
313 302
314 302
315 302
316 302
317 302
318 302
319 302
320 302
321 302
322 302
323 302
324 302
325 302
326 302
327 302
328 302
307 303
308 303
309 303
310 303
311 303
312 303
313 303
314 303
315 303
316 303
317 303
318 303
319 303
320 303
321 303
322 303
323 303
324 303
325 303
326 303
327 303
308 304
309 304
310 304
311 304
312 304
313 304
314 304
315 304
316 304
317 304
318 304
319 304
320 304
321 304
322 304
323 304
324 304
325 304
326 304
327 304
308 305
309 305
310 305
311 305
312 305
313 305
314 305
315 305
316 305
317 305
318 305
319 305
320 305
321 305
322 305
323 305
324 305
325 305
308 306
309 306
310 306
311 306
312 306
313 306
314 306
315 306
316 306
317 306
318 306
319 306
320 306
321 306
322 306
323 306
324 306
325 306
308 307
309 307
310 307
311 307
312 307
313 307
314 307
315 307
316 307
317 307
318 307
319 307
320 307
321 307
322 307
323 307
324 307
308 308
309 308
310 308
311 308
312 308
313 308
314 308
315 308
316 308
317 308
318 308
319 308
320 308
321 308
322 308
323 308
324 308
325 308
308 309
309 309
310 309
311 309
312 309
313 309
314 309
315 309
316 309
317 309
318 309
319 309
320 309
321 309
322 309
323 309
324 309
325 309
308 310
309 310
310 310
311 310
312 310
313 310
314 310
315 310
316 310
317 310
318 310
319 310
320 310
321 310
322 310
323 310
324 310
325 310
308 311
309 311
310 311
311 311
312 311
313 311
314 311
315 311
316 311
317 311
318 311
319 311
320 311
321 311
322 311
323 311
324 311
325 311
326 311
308 312
309 312
310 312
311 312
312 312
313 312
314 312
315 312
316 312
317 312
318 312
319 312
320 312
321 312
322 312
323 312
324 312
325 312
326 312
308 313
309 313
310 313
311 313
312 313
313 313
314 313
315 313
316 313
317 313
318 313
319 313
320 313
321 313
322 313
323 313
324 313
325 313
326 313
308 314
309 314
310 314
311 314
312 314
313 314
314 314
315 314
316 314
317 314
318 314
319 314
320 314
321 314
322 314
323 314
324 314
325 314
326 314
308 315
309 315
310 315
311 315
312 315
313 315
314 315
315 315
316 315
317 315
318 315
319 315
320 315
321 315
322 315
323 315
324 315
325 315
326 315
327 315
308 316
309 316
310 316
311 316
312 316
313 316
314 316
315 316
316 316
317 316
318 316
319 316
320 316
321 316
322 316
323 316
324 316
325 316
326 316
327 316
308 317
309 317
310 317
311 317
312 317
313 317
314 317
315 317
316 317
317 317
318 317
319 317
320 317
321 317
322 317
323 317
324 317
325 317
326 317
327 317
308 318
309 318
310 318
311 318
312 318
313 318
314 318
315 318
316 318
320 318
321 318
322 318
323 318
324 318
325 318
326 318
327 318
308 319
309 319
310 319
311 319
312 319
313 319
314 319
322 319
323 319
324 319
325 319
326 319
327 319
308 320
309 320
310 320
311 320
312 320
313 320
322 320
323 320
324 320
325 320
326 320
327 320
308 321
309 321
310 321
311 321
312 321
313 321
323 321
324 321
325 321
326 321
327 321
328 321
307 322
308 322
309 322
310 322
311 322
312 322
323 322
324 322
325 322
326 322
327 322
328 322
307 323
308 323
309 323
310 323
311 323
312 323
324 323
325 323
326 323
327 323
328 323
329 323
307 324
308 324
309 324
310 324
311 324
312 324
324 324
325 324
326 324
327 324
328 324
329 324
307 325
308 325
309 325
310 325
311 325
324 325
325 325
326 325
327 325
328 325
329 325
306 326
307 326
308 326
309 326
310 326
311 326
325 326
326 326
327 326
328 326
329 326
330 326
306 327
307 327
308 327
309 327
310 327
311 327
325 327
326 327
327 327
328 327
329 327
330 327
306 328
307 328
308 328
309 328
310 328
311 328
325 328
326 328
327 328
328 328
329 328
330 328
306 329
307 329
308 329
309 329
310 329
311 329
326 329
327 329
328 329
329 329
330 329
331 329
306 330
307 330
308 330
309 330
310 330
311 330
326 330
327 330
328 330
329 330
330 330
331 330
306 331
307 331
308 331
309 331
310 331
311 331
327 331
328 331
329 331
330 331
331 331
306 332
307 332
308 332
309 332
310 332
311 332
327 332
328 332
329 332
330 332
331 332
332 332
306 333
307 333
308 333
309 333
310 333
328 333
329 333
330 333
331 333
332 333
306 334
307 334
308 334
309 334
310 334
328 334
329 334
330 334
331 334
332 334
306 335
307 335
308 335
309 335
310 335
328 335
329 335
330 335
331 335
332 335
333 335
306 336
307 336
308 336
309 336
328 336
329 336
330 336
331 336
332 336
333 336
334 336
305 337
306 337
307 337
308 337
309 337
329 337
330 337
331 337
332 337
333 337
334 337
305 338
306 338
307 338
308 338
309 338
329 338
330 338
331 338
332 338
333 338
334 338
335 338
336 338
305 339
306 339
307 339
308 339
309 339
329 339
330 339
331 339
332 339
333 339
334 339
335 339
336 339
337 339
305 340
306 340
307 340
308 340
309 340
330 340
331 340
332 340
333 340
334 340
335 340
336 340
337 340
304 341
305 341
306 341
307 341
308 341
309 341
330 341
331 341
332 341
333 341
334 341
335 341
336 341
337 341
304 342
305 342
306 342
307 342
308 342
309 342
332 342
333 342
334 342
335 342
336 342
337 342
303 343
304 343
305 343
306 343
307 343
308 343
309 343
333 343
334 343
304 344
305 344
306 344
307 344
308 344
309 344
305 345
306 345
307 345
308 345
306 346

FRAME 135
261 67
262 67
263 67
261 68
262 68
263 68
264 68
261 69
262 69
263 69
264 69
265 69
261 70
262 70
263 70
264 70
265 70
266 70
261 71
262 71
263 71
264 71
265 71
266 71
267 71
268 71
261 72
262 72
263 72
264 72
265 72
266 72
267 72
268 72
269 72
270 72
262 73
263 73
264 73
265 73
266 73
267 73
268 73
269 73
270 73
271 73
262 74
263 74
264 74
265 74
266 74
267 74
268 74
269 74
270 74
271 74
272 74
273 74
262 75
263 75
264 75
265 75
266 75
267 75
268 75
269 75
270 75
271 75
272 75
273 75
274 75
262 76
263 76
264 76
265 76
266 76
267 76
268 76
269 76
270 76
271 76
272 76
273 76
274 76
275 76
262 77
263 77
264 77
265 77
266 77
267 77
268 77
269 77
270 77
271 77
272 77
273 77
274 77
275 77
262 78
263 78
264 78
265 78
266 78
267 78
268 78
269 78
270 78
271 78
272 78
273 78
274 78
275 78
276 78
262 79
263 79
264 79
265 79
266 79
267 79
268 79
269 79
270 79
271 79
272 79
273 79
274 79
275 79
276 79
277 79
262 80
263 80
264 80
265 80
266 80
267 80
268 80
269 80
270 80
271 80
272 80
273 80
274 80
275 80
276 80
277 80
262 81
263 81
264 81
265 81
266 81
267 81
268 81
269 81
270 81
271 81
272 81
273 81
274 81
275 81
276 81
277 81
262 82
263 82
264 82
265 82
266 82
267 82
268 82
269 82
270 82
271 82
272 82
273 82
274 82
275 82
276 82
277 82
261 83
262 83
263 83
264 83
265 83
266 83
267 83
268 83
269 83
270 83
271 83
272 83
273 83
274 83
275 83
276 83
277 83
261 84
262 84
263 84
264 84
265 84
266 84
267 84
268 84
269 84
270 84
271 84
272 84
273 84
274 84
275 84
276 84
277 84
261 85
262 85
263 85
264 85
265 85
266 85
267 85
268 85
269 85
270 85
271 85
272 85
273 85
274 85
275 85
276 85
261 86
262 86
263 86
264 86
265 86
266 86
267 86
268 86
269 86
270 86
271 86
272 86
273 86
274 86
275 86
261 87
262 87
263 87
264 87
265 87
266 87
267 87
268 87
269 87
270 87
271 87
272 87
273 87
274 87
261 88
262 88
263 88
264 88
265 88
266 88
267 88
268 88
269 88
270 88
271 88
272 88
273 88
262 89
263 89
264 89
265 89
266 89
267 89
268 89
269 89
270 89
271 89
272 89
273 89
262 90
263 90
264 90
265 90
266 90
267 90
268 90
269 90
270 90
271 90
272 90
273 90
263 91
264 91
265 91
266 91
267 91
268 91
269 91
270 91
271 91
272 91
273 91
264 92
265 92
266 92
267 92
268 92
269 92
270 92
271 92
272 92
273 92
266 93
267 93
268 93
269 93
270 93
271 93
272 93
273 93
269 94
270 94
271 94
272 94
273 94
274 94
270 95
271 95
272 95
273 95
274 95
275 95
271 96
272 96
273 96
274 96
275 96
271 97
272 97
273 97
274 97
275 97
271 98
272 98
273 98
274 98
275 98
271 99
272 99
273 99
274 99
275 99
271 100
272 100
273 100
274 100

FRAME 136
261 66
259 67
260 67
261 67
262 67
259 68
260 68
261 68
262 68
263 68
259 69
260 69
261 69
262 69
263 69
264 69
259 70
260 70
261 70
262 70
263 70
264 70
265 70
259 71
260 71
261 71
262 71
263 71
264 71
265 71
266 71
267 71
260 72
261 72
262 72
263 72
264 72
265 72
266 72
267 72
268 72
269 72
260 73
261 73
262 73
263 73
264 73
265 73
266 73
267 73
268 73
269 73
270 73
261 74
262 74
263 74
264 74
265 74
266 74
267 74
268 74
269 74
270 74
271 74
261 75
262 75
263 75
264 75
265 75
266 75
267 75
268 75
269 75
270 75
271 75
272 75
261 76
262 76
263 76
264 76
265 76
266 76
267 76
268 76
269 76
270 76
271 76
272 76
273 76
261 77
262 77
263 77
264 77
265 77
266 77
267 77
268 77
269 77
270 77
271 77
272 77
273 77
274 77
261 78
262 78
263 78
264 78
265 78
266 78
267 78
268 78
269 78
270 78
271 78
272 78
273 78
274 78
261 79
262 79
263 79
264 79
265 79
266 79
267 79
268 79
269 79
270 79
271 79
272 79
273 79
274 79
275 79
260 80
261 80
262 80
263 80
264 80
265 80
266 80
267 80
268 80
269 80
270 80
271 80
272 80
273 80
274 80
275 80
260 81
261 81
262 81
263 81
264 81
265 81
266 81
267 81
268 81
269 81
270 81
271 81
272 81
273 81
274 81
275 81
260 82
261 82
262 82
263 82
264 82
265 82
266 82
267 82
268 82
269 82
270 82
271 82
272 82
273 82
274 82
275 82
276 82
260 83
261 83
262 83
263 83
264 83
265 83
266 83
267 83
268 83
269 83
270 83
271 83
272 83
273 83
274 83
275 83
276 83
259 84
260 84
261 84
262 84
263 84
264 84
265 84
266 84
267 84
268 84
269 84
270 84
271 84
272 84
273 84
274 84
275 84
259 85
260 85
261 85
262 85
263 85
264 85
265 85
266 85
267 85
268 85
269 85
270 85
271 85
272 85
273 85
274 85
259 86
260 86
261 86
262 86
263 86
264 86
265 86
266 86
267 86
268 86
269 86
270 86
271 86
272 86
273 86
259 87
260 87
261 87
262 87
263 87
264 87
265 87
266 87
267 87
268 87
269 87
270 87
271 87
272 87
259 88
260 88
261 88
262 88
263 88
264 88
265 88
266 88
267 88
268 88
269 88
270 88
271 88
272 88
259 89
260 89
261 89
262 89
263 89
264 89
265 89
266 89
267 89
268 89
269 89
270 89
271 89
272 89
259 90
260 90
261 90
262 90
263 90
264 90
265 90
266 90
267 90
268 90
269 90
270 90
271 90
272 90
259 91
260 91
261 91
262 91
263 91
264 91
265 91
266 91
267 91
268 91
269 91
270 91
271 91
272 91
258 92
259 92
260 92
261 92
262 92
263 92
264 92
265 92
266 92
267 92
268 92
269 92
270 92
271 92
272 92
258 93
259 93
260 93
266 93
267 93
268 93
269 93
270 93
271 93
272 93
256 94
257 94
258 94
259 94
260 94
268 94
269 94
270 94
271 94
272 94
273 94
255 95
256 95
257 95
258 95
259 95
260 95
269 95
270 95
271 95
272 95
273 95
274 95
255 96
256 96
257 96
258 96
259 96
270 96
271 96
272 96
273 96
274 96
256 97
257 97
258 97
259 97
271 97
272 97
273 97
274 97
271 98
272 98
273 98
274 98
271 99
272 99
273 99
271 100
272 100
273 100

FRAME 137
258 65
257 66
258 66
259 66
260 66
256 67
257 67
258 67
259 67
260 67
256 68
257 68
258 68
259 68
260 68
261 68
256 69
257 69
258 69
259 69
260 69
261 69
257 70
258 70
259 70
260 70
261 70
262 70
257 71
258 71
259 71
260 71
261 71
262 71
263 71
264 71
258 72
259 72
260 72
261 72
262 72
263 72
264 72
265 72
266 72
258 73
259 73
260 73
261 73
262 73
263 73
264 73
265 73
266 73
267 73
258 74
259 74
260 74
261 74
262 74
263 74
264 74
265 74
266 74
267 74
268 74
258 75
259 75
260 75
261 75
262 75
263 75
264 75
265 75
266 75
267 75
268 75
269 75
258 76
259 76
260 76
261 76
262 76
263 76
264 76
265 76
266 76
267 76
268 76
269 76
270 76
258 77
259 77
260 77
261 77
262 77
263 77
264 77
265 77
266 77
267 77
268 77
269 77
270 77
271 77
258 78
259 78
260 78
261 78
262 78
263 78
264 78
265 78
266 78
267 78
268 78
269 78
270 78
271 78
257 79
258 79
259 79
260 79
261 79
262 79
263 79
264 79
265 79
266 79
267 79
268 79
269 79
270 79
271 79
257 80
258 80
259 80
260 80
261 80
262 80
263 80
264 80
265 80
266 80
267 80
268 80
269 80
270 80
271 80
257 81
258 81
259 81
260 81
261 81
262 81
263 81
264 81
265 81
266 81
267 81
268 81
269 81
270 81
271 81
256 82
257 82
258 82
259 82
260 82
261 82
262 82
263 82
264 82
265 82
266 82
267 82
268 82
269 82
270 82
271 82
272 82
256 83
257 83
258 83
259 83
260 83
261 83
262 83
263 83
264 83
265 83
266 83
267 83
268 83
269 83
270 83
271 83
256 84
257 84
258 84
259 84
260 84
261 84
262 84
263 84
264 84
265 84
266 84
267 84
268 84
269 84
270 84
271 84
256 85
257 85
258 85
259 85
260 85
261 85
262 85
263 85
264 85
265 85
266 85
267 85
268 85
269 85
270 85
271 85
255 86
256 86
257 86
258 86
259 86
260 86
261 86
262 86
263 86
264 86
265 86
266 86
267 86
268 86
269 86
270 86
255 87
256 87
257 87
258 87
259 87
260 87
261 87
262 87
263 87
264 87
265 87
266 87
267 87
268 87
269 87
254 88
255 88
256 88
257 88
258 88
259 88
260 88
261 88
262 88
263 88
264 88
265 88
266 88
267 88
268 88
253 89
254 89
255 89
256 89
257 89
258 89
259 89
260 89
261 89
262 89
263 89
264 89
265 89
266 89
267 89
268 89
252 90
253 90
254 90
255 90
256 90
257 90
258 90
259 90
260 90
261 90
262 90
263 90
264 90
265 90
266 90
267 90
268 90
252 91
253 91
254 91
255 91
259 91
260 91
261 91
262 91
263 91
264 91
265 91
266 91
267 91
268 91
246 92
247 92
248 92
249 92
252 92
253 92
261 92
262 92
263 92
264 92
265 92
266 92
267 92
268 92
245 93
246 93
247 93
248 93
249 93
250 93
262 93
263 93
264 93
265 93
266 93
267 93
268 93
269 93
270 93
246 94
247 94
248 94
249 94
250 94
251 94
264 94
265 94
266 94
267 94
268 94
269 94
270 94
271 94
247 95
248 95
249 95
250 95
251 95
266 95
267 95
268 95
269 95
270 95
271 95
248 96
249 96
250 96
251 96
267 96
268 96
269 96
270 96
271 96
272 96
268 97
269 97
270 97
271 97
272 97
268 98
269 98
270 98
271 98
268 99
269 99
270 99
271 99
268 100
269 100
270 100

FRAME 138
254 65
255 65
256 65
257 65
254 66
255 66
256 66
257 66
254 67
255 67
256 67
257 67
258 67
254 68
255 68
256 68
257 68
258 68
254 69
255 69
256 69
257 69
258 69
259 69
255 70
256 70
257 70
258 70
259 70
260 70
255 71
256 71
257 71
258 71
259 71
260 71
261 71
255 72
256 72
257 72
258 72
259 72
260 72
261 72
262 72
263 72
255 73
256 73
257 73
258 73
259 73
260 73
261 73
262 73
263 73
264 73
255 74
256 74
257 74
258 74
259 74
260 74
261 74
262 74
263 74
264 74
265 74
255 75
256 75
257 75
258 75
259 75
260 75
261 75
262 75
263 75
264 75
265 75
266 75
255 76
256 76
257 76
258 76
259 76
260 76
261 76
262 76
263 76
264 76
265 76
266 76
254 77
255 77
256 77
257 77
258 77
259 77
260 77
261 77
262 77
263 77
264 77
265 77
266 77
267 77
254 78
255 78
256 78
257 78
258 78
259 78
260 78
261 78
262 78
263 78
264 78
265 78
266 78
267 78
253 79
254 79
255 79
256 79
257 79
258 79
259 79
260 79
261 79
262 79
263 79
264 79
265 79
266 79
267 79
253 80
254 80
255 80
256 80
257 80
258 80
259 80
260 80
261 80
262 80
263 80
264 80
265 80
266 80
267 80
253 81
254 81
255 81
256 81
257 81
258 81
259 81
260 81
261 81
262 81
263 81
264 81
265 81
266 81
267 81
253 82
254 82
255 82
256 82
257 82
258 82
259 82
260 82
261 82
262 82
263 82
264 82
265 82
266 82
267 82
252 83
253 83
254 83
255 83
256 83
257 83
258 83
259 83
260 83
261 83
262 83
263 83
264 83
265 83
266 83
267 83
252 84
253 84
254 84
255 84
256 84
257 84
258 84
259 84
260 84
261 84
262 84
263 84
264 84
265 84
266 84
267 84
251 85
252 85
253 85
254 85
255 85
256 85
257 85
258 85
259 85
260 85
261 85
262 85
263 85
264 85
265 85
266 85
251 86
252 86
253 86
254 86
255 86
256 86
257 86
258 86
259 86
260 86
261 86
262 86
263 86
264 86
265 86
266 86
251 87
252 87
253 87
254 87
255 87
256 87
257 87
258 87
259 87
260 87
261 87
262 87
263 87
264 87
265 87
250 88
251 88
252 88
253 88
254 88
255 88
256 88
257 88
258 88
259 88
260 88
261 88
262 88
263 88
264 88
249 89
250 89
251 89
252 89
253 89
254 89
255 89
256 89
257 89
258 89
259 89
260 89
261 89
262 89
263 89
248 90
249 90
250 90
251 90
252 90
253 90
254 90
255 90
256 90
257 90
258 90
259 90
260 90
261 90
262 90
247 91
248 91
249 91
250 91
251 91
255 91
256 91
257 91
258 91
259 91
260 91
261 91
262 91
263 91
246 92
247 92
248 92
249 92
250 92
257 92
258 92
259 92
260 92
261 92
262 92
263 92
241 93
242 93
243 93
244 93
245 93
246 93
247 93
248 93
249 93
258 93
259 93
260 93
261 93
262 93
263 93
264 93
241 94
242 94
243 94
244 94
245 94
246 94
247 94
248 94
259 94
260 94
261 94
262 94
263 94
264 94
265 94
242 95
243 95
244 95
245 95
246 95
247 95
261 95
262 95
263 95
264 95
265 95
266 95
243 96
244 96
245 96
246 96
263 96
264 96
265 96
266 96
267 96
244 97
245 97
263 97
264 97
265 97
266 97
267 97
264 98
265 98
266 98
267 98
264 99
265 99
266 99
267 99
265 100
266 100
267 100

FRAME 139
333 271
334 271
331 272
332 272
333 272
334 272
335 272
330 273
331 273
332 273
333 273
334 273
335 273
336 273
330 274
331 274
332 274
333 274
334 274
335 274
336 274
330 275
331 275
332 275
333 275
334 275
335 275
336 275
330 276
331 276
332 276
333 276
334 276
335 276
336 276
330 277
331 277
332 277
333 277
334 277
335 277
336 277
330 278
331 278
332 278
333 278
334 278
335 278
336 278
330 279
331 279
332 279
333 279
334 279
335 279
336 279
331 280
332 280
333 280
334 280
335 280
336 280
331 281
332 281
333 281
334 281
335 281
336 281
330 282
331 282
332 282
333 282
334 282
335 282
336 282
328 283
329 283
330 283
331 283
332 283
333 283
334 283
335 283
336 283
337 283
338 283
326 284
327 284
328 284
329 284
330 284
331 284
332 284
333 284
334 284
335 284
336 284
337 284
338 284
339 284
326 285
327 285
328 285
329 285
330 285
331 285
332 285
333 285
334 285
335 285
336 285
337 285
338 285
339 285
340 285
341 285
325 286
326 286
327 286
328 286
329 286
330 286
331 286
332 286
333 286
334 286
335 286
336 286
337 286
338 286
339 286
340 286
341 286
342 286
325 287
326 287
327 287
328 287
329 287
330 287
331 287
332 287
333 287
334 287
335 287
336 287
337 287
338 287
339 287
340 287
341 287
342 287
343 287
325 288
326 288
327 288
328 288
329 288
330 288
331 288
332 288
333 288
334 288
335 288
336 288
337 288
338 288
339 288
340 288
341 288
342 288
343 288
325 289
326 289
327 289
328 289
329 289
330 289
331 289
332 289
333 289
334 289
335 289
336 289
337 289
338 289
339 289
340 289
341 289
342 289
343 289
324 290
325 290
326 290
327 290
328 290
329 290
330 290
331 290
332 290
333 290
334 290
335 290
336 290
337 290
338 290
339 290
340 290
341 290
342 290
343 290
324 291
325 291
326 291
327 291
328 291
329 291
330 291
331 291
332 291
333 291
334 291
335 291
336 291
337 291
338 291
339 291
340 291
341 291
342 291
343 291
344 291
324 292
325 292
326 292
327 292
328 292
329 292
330 292
331 292
332 292
333 292
334 292
335 292
336 292
337 292
338 292
339 292
340 292
341 292
342 292
343 292
344 292
324 293
325 293
326 293
327 293
328 293
329 293
330 293
331 293
332 293
333 293
334 293
335 293
336 293
337 293
338 293
339 293
340 293
341 293
342 293
343 293
344 293
324 294
325 294
326 294
327 294
328 294
329 294
330 294
331 294
332 294
333 294
334 294
335 294
336 294
337 294
338 294
339 294
340 294
341 294
342 294
343 294
344 294
324 295
325 295
326 295
327 295
328 295
329 295
330 295
331 295
332 295
333 295
334 295
335 295
336 295
337 295
338 295
339 295
340 295
341 295
342 295
343 295
344 295
345 295
325 296
326 296
327 296
328 296
329 296
330 296
331 296
332 296
333 296
334 296
335 296
336 296
337 296
338 296
339 296
340 296
341 296
342 296
343 296
344 296
345 296
325 297
326 297
327 297
328 297
329 297
330 297
331 297
332 297
333 297
334 297
335 297
336 297
337 297
338 297
339 297
340 297
341 297
342 297
343 297
344 297
345 297
325 298
326 298
327 298
328 298
329 298
330 298
331 298
332 298
333 298
334 298
335 298
336 298
337 298
338 298
339 298
340 298
341 298
342 298
343 298
344 298
345 298
325 299
326 299
327 299
328 299
329 299
330 299
331 299
332 299
333 299
334 299
335 299
336 299
337 299
338 299
339 299
340 299
341 299
342 299
343 299
344 299
345 299
326 300
327 300
328 300
329 300
330 300
331 300
332 300
333 300
334 300
335 300
336 300
337 300
338 300
339 300
340 300
341 300
342 300
343 300
344 300
345 300
326 301
327 301
328 301
329 301
330 301
331 301
332 301
333 301
334 301
335 301
336 301
337 301
338 301
339 301
340 301
341 301
342 301
343 301
344 301
326 302
327 302
328 302
329 302
330 302
331 302
332 302
333 302
334 302
335 302
336 302
337 302
338 302
339 302
340 302
341 302
342 302
343 302
344 302
326 303
327 303
328 303
329 303
330 303
331 303
332 303
333 303
334 303
335 303
336 303
337 303
338 303
339 303
340 303
341 303
342 303
343 303
344 303
326 304
327 304
328 304
329 304
330 304
331 304
332 304
333 304
334 304
335 304
336 304
337 304
338 304
339 304
340 304
341 304
342 304
343 304
326 305
327 305
328 305
329 305
330 305
331 305
332 305
333 305
334 305
335 305
336 305
337 305
338 305
339 305
340 305
341 305
342 305
343 305
326 306
327 306
328 306
329 306
330 306
331 306
332 306
333 306
334 306
335 306
336 306
337 306
338 306
339 306
340 306
341 306
342 306
343 306
326 307
327 307
328 307
329 307
330 307
331 307
332 307
333 307
334 307
335 307
336 307
337 307
338 307
339 307
340 307
341 307
342 307
343 307
326 308
327 308
328 308
329 308
330 308
331 308
332 308
333 308
334 308
335 308
336 308
337 308
338 308
339 308
340 308
341 308
342 308
343 308
326 309
327 309
328 309
329 309
330 309
331 309
332 309
333 309
334 309
335 309
336 309
337 309
338 309
339 309
340 309
341 309
342 309
343 309
344 309
325 310
326 310
327 310
328 310
329 310
330 310
331 310
332 310
333 310
334 310
335 310
336 310
337 310
338 310
339 310
340 310
341 310
342 310
343 310
344 310
345 310
325 311
326 311
327 311
328 311
329 311
330 311
331 311
332 311
333 311
334 311
335 311
336 311
337 311
338 311
339 311
340 311
341 311
342 311
343 311
344 311
345 311
346 311
325 312
326 312
327 312
328 312
329 312
330 312
331 312
332 312
333 312
334 312
335 312
336 312
337 312
338 312
339 312
340 312
341 312
342 312
343 312
344 312
345 312
346 312
347 312
348 312
325 313
326 313
327 313
328 313
329 313
330 313
331 313
332 313
333 313
334 313
335 313
336 313
337 313
338 313
339 313
340 313
341 313
342 313
343 313
344 313
345 313
346 313
347 313
348 313
349 313
324 314
325 314
326 314
327 314
328 314
329 314
330 314
331 314
332 314
333 314
334 314
335 314
336 314
337 314
338 314
339 314
340 314
341 314
342 314
343 314
344 314
345 314
346 314
347 314
348 314
349 314
324 315
325 315
326 315
327 315
328 315
329 315
330 315
331 315
332 315
333 315
334 315
335 315
336 315
337 315
338 315
339 315
340 315
341 315
342 315
343 315
344 315
345 315
346 315
347 315
348 315
349 315
350 315
323 316
324 316
325 316
326 316
327 316
328 316
329 316
330 316
331 316
332 316
338 316
339 316
340 316
341 316
342 316
343 316
344 316
345 316
346 316
347 316
348 316
349 316
350 316
323 317
324 317
325 317
326 317
327 317
328 317
329 317
330 317
331 317
341 317
342 317
343 317
344 317
345 317
346 317
347 317
348 317
349 317
350 317
323 318
324 318
325 318
326 318
327 318
328 318
329 318
330 318
345 318
346 318
347 318
348 318
349 318
350 318
351 318
322 319
323 319
324 319
325 319
326 319
327 319
328 319
346 319
347 319
348 319
349 319
350 319
351 319
322 320
323 320
324 320
325 320
326 320
327 320
328 320
346 320
347 320
348 320
349 320
350 320
351 320
321 321
322 321
323 321
324 321
325 321
326 321
327 321
347 321
348 321
349 321
350 321
351 321
321 322
322 322
323 322
324 322
325 322
326 322
347 322
348 322
349 322
350 322
351 322
320 323
321 323
322 323
323 323
324 323
325 323
326 323
347 323
348 323
349 323
350 323
351 323
319 324
320 324
321 324
322 324
323 324
324 324
325 324
347 324
348 324
349 324
350 324
351 324
318 325
319 325
320 325
321 325
322 325
323 325
324 325
325 325
347 325
348 325
349 325
350 325
351 325
317 326
318 326
319 326
320 326
321 326
322 326
323 326
324 326
347 326
348 326
349 326
350 326
351 326
316 327
317 327
318 327
319 327
320 327
321 327
322 327
323 327
347 327
348 327
349 327
350 327
351 327
315 328
316 328
317 328
318 328
319 328
320 328
321 328
322 328
347 328
348 328
349 328
350 328
351 328
315 329
316 329
317 329
318 329
319 329
320 329
321 329
347 329
348 329
349 329
350 329
351 329
314 330
315 330
316 330
317 330
318 330
319 330
320 330
347 330
348 330
349 330
350 330
351 330
313 331
314 331
315 331
316 331
317 331
318 331
319 331
347 331
348 331
349 331
350 331
351 331
313 332
314 332
315 332
316 332
317 332
318 332
347 332
348 332
349 332
350 332
351 332
312 333
313 333
314 333
315 333
316 333
317 333
347 333
348 333
349 333
350 333
351 333
311 334
312 334
313 334
314 334
315 334
316 334
347 334
348 334
349 334
350 334
351 334
352 334
310 335
311 335
312 335
313 335
314 335
315 335
347 335
348 335
349 335
350 335
351 335
352 335
353 335
309 336
310 336
311 336
312 336
313 336
314 336
347 336
348 336
349 336
350 336
351 336
352 336
353 336
354 336
355 336
308 337
309 337
310 337
311 337
312 337
313 337
347 337
348 337
349 337
350 337
351 337
352 337
353 337
354 337
355 337
356 337
357 337
307 338
308 338
309 338
310 338
311 338
312 338
347 338
348 338
349 338
350 338
351 338
352 338
353 338
354 338
355 338
356 338
357 338
358 338
305 339
306 339
307 339
308 339
309 339
310 339
311 339
347 339
348 339
349 339
350 339
351 339
352 339
353 339
354 339
355 339
356 339
357 339
358 339
305 340
306 340
307 340
308 340
309 340
310 340
311 340
347 340
348 340
349 340
350 340
351 340
352 340
353 340
354 340
355 340
356 340
357 340
358 340
304 341
305 341
306 341
307 341
308 341
309 341
310 341
348 341
349 341
350 341
351 341
352 341
353 341
354 341
355 341
304 342
305 342
306 342
307 342
308 342
309 342
310 342
305 343
306 343
307 343
308 343
309 343
310 343
306 344
307 344
308 344
309 344

FRAME 140
337 271
338 271
339 271
340 271
336 272
337 272
338 272
339 272
340 272
341 272
336 273
337 273
338 273
339 273
340 273
341 273
342 273
335 274
336 274
337 274
338 274
339 274
340 274
341 274
342 274
335 275
336 275
337 275
338 275
339 275
340 275
341 275
342 275
335 276
336 276
337 276
338 276
339 276
340 276
341 276
342 276
335 277
336 277
337 277
338 277
339 277
340 277
341 277
342 277
336 278
337 278
338 278
339 278
340 278
341 278
342 278
336 279
337 279
338 279
339 279
340 279
341 279
342 279
336 280
337 280
338 280
339 280
340 280
341 280
335 281
336 281
337 281
338 281
339 281
340 281
341 281
342 281
334 282
335 282
336 282
337 282
338 282
339 282
340 282
341 282
342 282
343 282
333 283
334 283
335 283
336 283
337 283
338 283
339 283
340 283
341 283
342 283
343 283
344 283
331 284
332 284
333 284
334 284
335 284
336 284
337 284
338 284
339 284
340 284
341 284
342 284
343 284
344 284
345 284
346 284
331 285
332 285
333 285
334 285
335 285
336 285
337 285
338 285
339 285
340 285
341 285
342 285
343 285
344 285
345 285
346 285
347 285
331 286
332 286
333 286
334 286
335 286
336 286
337 286
338 286
339 286
340 286
341 286
342 286
343 286
344 286
345 286
346 286
347 286
348 286
330 287
331 287
332 287
333 287
334 287
335 287
336 287
337 287
338 287
339 287
340 287
341 287
342 287
343 287
344 287
345 287
346 287
347 287
348 287
330 288
331 288
332 288
333 288
334 288
335 288
336 288
337 288
338 288
339 288
340 288
341 288
342 288
343 288
344 288
345 288
346 288
347 288
348 288
330 289
331 289
332 289
333 289
334 289
335 289
336 289
337 289
338 289
339 289
340 289
341 289
342 289
343 289
344 289
345 289
346 289
347 289
348 289
349 289
330 290
331 290
332 290
333 290
334 290
335 290
336 290
337 290
338 290
339 290
340 290
341 290
342 290
343 290
344 290
345 290
346 290
347 290
348 290
349 290
330 291
331 291
332 291
333 291
334 291
335 291
336 291
337 291
338 291
339 291
340 291
341 291
342 291
343 291
344 291
345 291
346 291
347 291
348 291
349 291
330 292
331 292
332 292
333 292
334 292
335 292
336 292
337 292
338 292
339 292
340 292
341 292
342 292
343 292
344 292
345 292
346 292
347 292
348 292
349 292
330 293
331 293
332 293
333 293
334 293
335 293
336 293
337 293
338 293
339 293
340 293
341 293
342 293
343 293
344 293
345 293
346 293
347 293
348 293
349 293
330 294
331 294
332 294
333 294
334 294
335 294
336 294
337 294
338 294
339 294
340 294
341 294
342 294
343 294
344 294
345 294
346 294
347 294
348 294
349 294
330 295
331 295
332 295
333 295
334 295
335 295
336 295
337 295
338 295
339 295
340 295
341 295
342 295
343 295
344 295
345 295
346 295
347 295
348 295
349 295
350 295
330 296
331 296
332 296
333 296
334 296
335 296
336 296
337 296
338 296
339 296
340 296
341 296
342 296
343 296
344 296
345 296
346 296
347 296
348 296
349 296
350 296
330 297
331 297
332 297
333 297
334 297
335 297
336 297
337 297
338 297
339 297
340 297
341 297
342 297
343 297
344 297
345 297
346 297
347 297
348 297
349 297
350 297
330 298
331 298
332 298
333 298
334 298
335 298
336 298
337 298
338 298
339 298
340 298
341 298
342 298
343 298
344 298
345 298
346 298
347 298
348 298
349 298
350 298
331 299
332 299
333 299
334 299
335 299
336 299
337 299
338 299
339 299
340 299
341 299
342 299
343 299
344 299
345 299
346 299
347 299
348 299
349 299
350 299
331 300
332 300
333 300
334 300
335 300
336 300
337 300
338 300
339 300
340 300
341 300
342 300
343 300
344 300
345 300
346 300
347 300
348 300
349 300
350 300
331 301
332 301
333 301
334 301
335 301
336 301
337 301
338 301
339 301
340 301
341 301
342 301
343 301
344 301
345 301
346 301
347 301
348 301
349 301
332 302
333 302
334 302
335 302
336 302
337 302
338 302
339 302
340 302
341 302
342 302
343 302
344 302
345 302
346 302
347 302
348 302
349 302
332 303
333 303
334 303
335 303
336 303
337 303
338 303
339 303
340 303
341 303
342 303
343 303
344 303
345 303
346 303
347 303
348 303
332 304
333 304
334 304
335 304
336 304
337 304
338 304
339 304
340 304
341 304
342 304
343 304
344 304
345 304
346 304
347 304
332 305
333 305
334 305
335 305
336 305
337 305
338 305
339 305
340 305
341 305
342 305
343 305
344 305
345 305
346 305
347 305
332 306
333 306
334 306
335 306
336 306
337 306
338 306
339 306
340 306
341 306
342 306
343 306
344 306
345 306
346 306
347 306
332 307
333 307
334 307
335 307
336 307
337 307
338 307
339 307
340 307
341 307
342 307
343 307
344 307
345 307
346 307
347 307
332 308
333 308
334 308
335 308
336 308
337 308
338 308
339 308
340 308
341 308
342 308
343 308
344 308
345 308
346 308
347 308
348 308
331 309
332 309
333 309
334 309
335 309
336 309
337 309
338 309
339 309
340 309
341 309
342 309
343 309
344 309
345 309
346 309
347 309
348 309
349 309
331 310
332 310
333 310
334 310
335 310
336 310
337 310
338 310
339 310
340 310
341 310
342 310
343 310
344 310
345 310
346 310
347 310
348 310
349 310
350 310
331 311
332 311
333 311
334 311
335 311
336 311
337 311
338 311
339 311
340 311
341 311
342 311
343 311
344 311
345 311
346 311
347 311
348 311
349 311
350 311
330 312
331 312
332 312
333 312
334 312
335 312
336 312
337 312
338 312
339 312
340 312
341 312
342 312
343 312
344 312
345 312
346 312
347 312
348 312
349 312
350 312
351 312
330 313
331 313
332 313
333 313
334 313
335 313
336 313
337 313
338 313
339 313
340 313
341 313
342 313
343 313
344 313
345 313
346 313
347 313
348 313
349 313
350 313
351 313
352 313
330 314
331 314
332 314
333 314
334 314
335 314
336 314
337 314
338 314
339 314
340 314
341 314
342 314
343 314
344 314
345 314
346 314
347 314
348 314
349 314
350 314
351 314
352 314
329 315
330 315
331 315
332 315
333 315
334 315
335 315
336 315
337 315
338 315
339 315
340 315
341 315
342 315
343 315
344 315
345 315
346 315
347 315
348 315
349 315
350 315
351 315
352 315
353 315
329 316
330 316
331 316
332 316
333 316
334 316
335 316
336 316
337 316
342 316
343 316
344 316
345 316
346 316
347 316
348 316
349 316
350 316
351 316
352 316
353 316
329 317
330 317
331 317
332 317
333 317
334 317
335 317
336 317
345 317
346 317
347 317
348 317
349 317
350 317
351 317
352 317
353 317
354 317
328 318
329 318
330 318
331 318
332 318
333 318
334 318
335 318
347 318
348 318
349 318
350 318
351 318
352 318
353 318
354 318
328 319
329 319
330 319
331 319
332 319
333 319
334 319
349 319
350 319
351 319
352 319
353 319
354 319
328 320
329 320
330 320
331 320
332 320
333 320
349 320
350 320
351 320
352 320
353 320
354 320
328 321
329 321
330 321
331 321
332 321
333 321
350 321
351 321
352 321
353 321
354 321
327 322
328 322
329 322
330 322
331 322
332 322
333 322
350 322
351 322
352 322
353 322
354 322
326 323
327 323
328 323
329 323
330 323
331 323
332 323
350 323
351 323
352 323
353 323
354 323
324 324
325 324
326 324
327 324
328 324
329 324
330 324
331 324
332 324
349 324
350 324
351 324
352 324
353 324
354 324
322 325
323 325
324 325
325 325
326 325
327 325
328 325
329 325
330 325
331 325
349 325
350 325
351 325
352 325
353 325
354 325
321 326
322 326
323 326
324 326
325 326
326 326
327 326
328 326
329 326
330 326
349 326
350 326
351 326
352 326
353 326
320 327
321 327
322 327
323 327
324 327
325 327
326 327
327 327
328 327
329 327
349 327
350 327
351 327
352 327
353 327
319 328
320 328
321 328
322 328
323 328
324 328
325 328
326 328
327 328
328 328
349 328
350 328
351 328
352 328
353 328
318 329
319 329
320 329
321 329
322 329
323 329
324 329
325 329
326 329
349 329
350 329
351 329
352 329
353 329
317 330
318 330
319 330
320 330
321 330
322 330
323 330
324 330
349 330
350 330
351 330
352 330
353 330
315 331
316 331
317 331
318 331
319 331
320 331
321 331
322 331
349 331
350 331
351 331
352 331
353 331
314 332
315 332
316 332
317 332
318 332
319 332
320 332
321 332
349 332
350 332
351 332
352 332
353 332
312 333
313 333
314 333
315 333
316 333
317 333
318 333
319 333
349 333
350 333
351 333
352 333
311 334
312 334
313 334
314 334
315 334
316 334
317 334
349 334
350 334
351 334
352 334
353 334
310 335
311 335
312 335
313 335
314 335
315 335
316 335
348 335
349 335
350 335
351 335
352 335
353 335
309 336
310 336
311 336
312 336
313 336
314 336
315 336
348 336
349 336
350 336
351 336
352 336
353 336
354 336
355 336
308 337
309 337
310 337
311 337
312 337
313 337
314 337
348 337
349 337
350 337
351 337
352 337
353 337
354 337
355 337
356 337
357 337
307 338
308 338
309 338
310 338
311 338
312 338
313 338
348 338
349 338
350 338
351 338
352 338
353 338
354 338
355 338
356 338
357 338
358 338
307 339
308 339
309 339
310 339
311 339
312 339
348 339
349 339
350 339
351 339
352 339
353 339
354 339
355 339
356 339
357 339
358 339
359 339
307 340
308 340
309 340
310 340
311 340
312 340
348 340
349 340
350 340
351 340
352 340
353 340
354 340
355 340
356 340
357 340
358 340
307 341
308 341
309 341
310 341
311 341
348 341
349 341
350 341
351 341
352 341
353 341
354 341
355 341
356 341
357 341
308 342
309 342
310 342
350 342
351 342
352 342
353 342

FRAME 141
342 270
343 270
344 270
345 270
346 270
342 271
343 271
344 271
345 271
346 271
341 272
342 272
343 272
344 272
345 272
346 272
347 272
341 273
342 273
343 273
344 273
345 273
346 273
347 273
341 274
342 274
343 274
344 274
345 274
346 274
347 274
341 275
342 275
343 275
344 275
345 275
346 275
347 275
341 276
342 276
343 276
344 276
345 276
346 276
347 276
341 277
342 277
343 277
344 277
345 277
346 277
347 277
341 278
342 278
343 278
344 278
345 278
346 278
347 278
341 279
342 279
343 279
344 279
345 279
346 279
347 279
341 280
342 280
343 280
344 280
345 280
346 280
340 281
341 281
342 281
343 281
344 281
345 281
346 281
347 281
338 282
339 282
340 282
341 282
342 282
343 282
344 282
345 282
346 282
347 282
348 282
337 283
338 283
339 283
340 283
341 283
342 283
343 283
344 283
345 283
346 283
347 283
348 283
349 283
350 283
336 284
337 284
338 284
339 284
340 284
341 284
342 284
343 284
344 284
345 284
346 284
347 284
348 284
349 284
350 284
351 284
336 285
337 285
338 285
339 285
340 285
341 285
342 285
343 285
344 285
345 285
346 285
347 285
348 285
349 285
350 285
351 285
352 285
336 286
337 286
338 286
339 286
340 286
341 286
342 286
343 286
344 286
345 286
346 286
347 286
348 286
349 286
350 286
351 286
352 286
353 286
335 287
336 287
337 287
338 287
339 287
340 287
341 287
342 287
343 287
344 287
345 287
346 287
347 287
348 287
349 287
350 287
351 287
352 287
353 287
335 288
336 288
337 288
338 288
339 288
340 288
341 288
342 288
343 288
344 288
345 288
346 288
347 288
348 288
349 288
350 288
351 288
352 288
353 288
354 288
335 289
336 289
337 289
338 289
339 289
340 289
341 289
342 289
343 289
344 289
345 289
346 289
347 289
348 289
349 289
350 289
351 289
352 289
353 289
354 289
335 290
336 290
337 290
338 290
339 290
340 290
341 290
342 290
343 290
344 290
345 290
346 290
347 290
348 290
349 290
350 290
351 290
352 290
353 290
354 290
335 291
336 291
337 291
338 291
339 291
340 291
341 291
342 291
343 291
344 291
345 291
346 291
347 291
348 291
349 291
350 291
351 291
352 291
353 291
354 291
335 292
336 292
337 292
338 292
339 292
340 292
341 292
342 292
343 292
344 292
345 292
346 292
347 292
348 292
349 292
350 292
351 292
352 292
353 292
354 292
335 293
336 293
337 293
338 293
339 293
340 293
341 293
342 293
343 293
344 293
345 293
346 293
347 293
348 293
349 293
350 293
351 293
352 293
353 293
354 293
335 294
336 294
337 294
338 294
339 294
340 294
341 294
342 294
343 294
344 294
345 294
346 294
347 294
348 294
349 294
350 294
351 294
352 294
353 294
354 294
355 294
335 295
336 295
337 295
338 295
339 295
340 295
341 295
342 295
343 295
344 295
345 295
346 295
347 295
348 295
349 295
350 295
351 295
352 295
353 295
354 295
355 295
335 296
336 296
337 296
338 296
339 296
340 296
341 296
342 296
343 296
344 296
345 296
346 296
347 296
348 296
349 296
350 296
351 296
352 296
353 296
354 296
355 296
335 297
336 297
337 297
338 297
339 297
340 297
341 297
342 297
343 297
344 297
345 297
346 297
347 297
348 297
349 297
350 297
351 297
352 297
353 297
354 297
355 297
336 298
337 298
338 298
339 298
340 298
341 298
342 298
343 298
344 298
345 298
346 298
347 298
348 298
349 298
350 298
351 298
352 298
353 298
354 298
355 298
336 299
337 299
338 299
339 299
340 299
341 299
342 299
343 299
344 299
345 299
346 299
347 299
348 299
349 299
350 299
351 299
352 299
353 299
354 299
355 299
337 300
338 300
339 300
340 300
341 300
342 300
343 300
344 300
345 300
346 300
347 300
348 300
349 300
350 300
351 300
352 300
353 300
354 300
355 300
337 301
338 301
339 301
340 301
341 301
342 301
343 301
344 301
345 301
346 301
347 301
348 301
349 301
350 301
351 301
352 301
353 301
354 301
355 301
337 302
338 302
339 302
340 302
341 302
342 302
343 302
344 302
345 302
346 302
347 302
348 302
349 302
350 302
351 302
352 302
353 302
354 302
337 303
338 303
339 303
340 303
341 303
342 303
343 303
344 303
345 303
346 303
347 303
348 303
349 303
350 303
351 303
352 303
353 303
336 304
337 304
338 304
339 304
340 304
341 304
342 304
343 304
344 304
345 304
346 304
347 304
348 304
349 304
350 304
351 304
336 305
337 305
338 305
339 305
340 305
341 305
342 305
343 305
344 305
345 305
346 305
347 305
348 305
349 305
350 305
351 305
336 306
337 306
338 306
339 306
340 306
341 306
342 306
343 306
344 306
345 306
346 306
347 306
348 306
349 306
350 306
351 306
336 307
337 307
338 307
339 307
340 307
341 307
342 307
343 307
344 307
345 307
346 307
347 307
348 307
349 307
350 307
351 307
336 308
337 308
338 308
339 308
340 308
341 308
342 308
343 308
344 308
345 308
346 308
347 308
348 308
349 308
350 308
351 308
352 308
336 309
337 309
338 309
339 309
340 309
341 309
342 309
343 309
344 309
345 309
346 309
347 309
348 309
349 309
350 309
351 309
352 309
353 309
335 310
336 310
337 310
338 310
339 310
340 310
341 310
342 310
343 310
344 310
345 310
346 310
347 310
348 310
349 310
350 310
351 310
352 310
353 310
335 311
336 311
337 311
338 311
339 311
340 311
341 311
342 311
343 311
344 311
345 311
346 311
347 311
348 311
349 311
350 311
351 311
352 311
353 311
354 311
335 312
336 312
337 312
338 312
339 312
340 312
341 312
342 312
343 312
344 312
345 312
346 312
347 312
348 312
349 312
350 312
351 312
352 312
353 312
354 312
335 313
336 313
337 313
338 313
339 313
340 313
341 313
342 313
343 313
344 313
345 313
346 313
347 313
348 313
349 313
350 313
351 313
352 313
353 313
354 313
355 313
335 314
336 314
337 314
338 314
339 314
340 314
341 314
342 314
343 314
344 314
345 314
346 314
347 314
348 314
349 314
350 314
351 314
352 314
353 314
354 314
355 314
356 314
335 315
336 315
337 315
338 315
339 315
340 315
341 315
342 315
343 315
344 315
345 315
346 315
347 315
348 315
349 315
350 315
351 315
352 315
353 315
354 315
355 315
356 315
335 316
336 316
337 316
338 316
339 316
340 316
341 316
342 316
345 316
346 316
347 316
348 316
349 316
350 316
351 316
352 316
353 316
354 316
355 316
356 316
335 317
336 317
337 317
338 317
339 317
340 317
341 317
347 317
348 317
349 317
350 317
351 317
352 317
353 317
354 317
355 317
356 317
357 317
335 318
336 318
337 318
338 318
339 318
340 318
350 318
351 318
352 318
353 318
354 318
355 318
356 318
357 318
334 319
335 319
336 319
337 319
338 319
339 319
340 319
352 319
353 319
354 319
355 319
356 319
357 319
334 320
335 320
336 320
337 320
338 320
339 320
352 320
353 320
354 320
355 320
356 320
357 320
334 321
335 321
336 321
337 321
338 321
339 321
352 321
353 321
354 321
355 321
356 321
357 321
333 322
334 322
335 322
336 322
337 322
338 322
339 322
352 322
353 322
354 322
355 322
356 322
357 322
331 323
332 323
333 323
334 323
335 323
336 323
337 323
338 323
352 323
353 323
354 323
355 323
356 323
357 323
328 324
329 324
330 324
331 324
332 324
333 324
334 324
335 324
336 324
337 324
338 324
351 324
352 324
353 324
354 324
355 324
356 324
325 325
326 325
327 325
328 325
329 325
330 325
331 325
332 325
333 325
334 325
335 325
336 325
337 325
351 325
352 325
353 325
354 325
355 325
356 325
323 326
324 326
325 326
326 326
327 326
328 326
329 326
330 326
331 326
332 326
333 326
334 326
335 326
351 326
352 326
353 326
354 326
355 326
356 326
322 327
323 327
324 327
325 327
326 327
327 327
328 327
329 327
330 327
331 327
332 327
333 327
350 327
351 327
352 327
353 327
354 327
355 327
320 328
321 328
322 328
323 328
324 328
325 328
326 328
327 328
328 328
329 328
330 328
350 328
351 328
352 328
353 328
354 328
355 328
318 329
319 329
320 329
321 329
322 329
323 329
324 329
325 329
326 329
327 329
350 329
351 329
352 329
353 329
354 329
355 329
317 330
318 330
319 330
320 330
321 330
322 330
323 330
324 330
325 330
350 330
351 330
352 330
353 330
354 330
316 331
317 331
318 331
319 331
320 331
321 331
322 331
323 331
350 331
351 331
352 331
353 331
354 331
316 332
317 332
318 332
319 332
320 332
321 332
350 332
351 332
352 332
353 332
354 332
316 333
317 333
318 333
319 333
320 333
350 333
351 333
352 333
353 333
354 333
316 334
317 334
318 334
319 334
320 334
349 334
350 334
351 334
352 334
353 334
316 335
317 335
318 335
319 335
320 335
349 335
350 335
351 335
352 335
353 335
354 335
316 336
317 336
318 336
319 336
349 336
350 336
351 336
352 336
353 336
354 336
355 336
316 337
317 337
318 337
319 337
348 337
349 337
350 337
351 337
352 337
353 337
354 337
355 337
356 337
357 337
316 338
317 338
318 338
319 338
348 338
349 338
350 338
351 338
352 338
353 338
354 338
355 338
356 338
357 338
358 338
359 338
316 339
317 339
318 339
319 339
348 339
349 339
350 339
351 339
352 339
353 339
354 339
355 339
356 339
357 339
358 339
359 339
348 340
349 340
350 340
351 340
352 340
353 340
354 340
355 340
356 340
357 340
358 340
348 341
349 341
350 341
351 341
352 341
353 341
354 341
355 341
356 341
357 341
349 342
350 342
351 342
352 342
353 342

FRAME 142
344 270
345 270
346 270
347 270
348 270
344 271
345 271
346 271
347 271
348 271
349 271
343 272
344 272
345 272
346 272
347 272
348 272
349 272
350 272
343 273
344 273
345 273
346 273
347 273
348 273
349 273
350 273
343 274
344 274
345 274
346 274
347 274
348 274
349 274
350 274
343 275
344 275
345 275
346 275
347 275
348 275
349 275
350 275
343 276
344 276
345 276
346 276
347 276
348 276
349 276
350 276
343 277
344 277
345 277
346 277
347 277
348 277
349 277
350 277
344 278
345 278
346 278
347 278
348 278
349 278
350 278
344 279
345 279
346 279
347 279
348 279
349 279
343 280
344 280
345 280
346 280
347 280
348 280
349 280
350 280
342 281
343 281
344 281
345 281
346 281
347 281
348 281
349 281
350 281
351 281
340 282
341 282
342 282
343 282
344 282
345 282
346 282
347 282
348 282
349 282
350 282
351 282
339 283
340 283
341 283
342 283
343 283
344 283
345 283
346 283
347 283
348 283
349 283
350 283
351 283
352 283
353 283
338 284
339 284
340 284
341 284
342 284
343 284
344 284
345 284
346 284
347 284
348 284
349 284
350 284
351 284
352 284
353 284
354 284
338 285
339 285
340 285
341 285
342 285
343 285
344 285
345 285
346 285
347 285
348 285
349 285
350 285
351 285
352 285
353 285
354 285
355 285
338 286
339 286
340 286
341 286
342 286
343 286
344 286
345 286
346 286
347 286
348 286
349 286
350 286
351 286
352 286
353 286
354 286
355 286
356 286
338 287
339 287
340 287
341 287
342 287
343 287
344 287
345 287
346 287
347 287
348 287
349 287
350 287
351 287
352 287
353 287
354 287
355 287
356 287
338 288
339 288
340 288
341 288
342 288
343 288
344 288
345 288
346 288
347 288
348 288
349 288
350 288
351 288
352 288
353 288
354 288
355 288
356 288
338 289
339 289
340 289
341 289
342 289
343 289
344 289
345 289
346 289
347 289
348 289
349 289
350 289
351 289
352 289
353 289
354 289
355 289
356 289
357 289
337 290
338 290
339 290
340 290
341 290
342 290
343 290
344 290
345 290
346 290
347 290
348 290
349 290
350 290
351 290
352 290
353 290
354 290
355 290
356 290
357 290
337 291
338 291
339 291
340 291
341 291
342 291
343 291
344 291
345 291
346 291
347 291
348 291
349 291
350 291
351 291
352 291
353 291
354 291
355 291
356 291
357 291
337 292
338 292
339 292
340 292
341 292
342 292
343 292
344 292
345 292
346 292
347 292
348 292
349 292
350 292
351 292
352 292
353 292
354 292
355 292
356 292
357 292
337 293
338 293
339 293
340 293
341 293
342 293
343 293
344 293
345 293
346 293
347 293
348 293
349 293
350 293
351 293
352 293
353 293
354 293
355 293
356 293
357 293
337 294
338 294
339 294
340 294
341 294
342 294
343 294
344 294
345 294
346 294
347 294
348 294
349 294
350 294
351 294
352 294
353 294
354 294
355 294
356 294
357 294
337 295
338 295
339 295
340 295
341 295
342 295
343 295
344 295
345 295
346 295
347 295
348 295
349 295
350 295
351 295
352 295
353 295
354 295
355 295
356 295
357 295
338 296
339 296
340 296
341 296
342 296
343 296
344 296
345 296
346 296
347 296
348 296
349 296
350 296
351 296
352 296
353 296
354 296
355 296
356 296
357 296
358 296
338 297
339 297
340 297
341 297
342 297
343 297
344 297
345 297
346 297
347 297
348 297
349 297
350 297
351 297
352 297
353 297
354 297
355 297
356 297
357 297
358 297
338 298
339 298
340 298
341 298
342 298
343 298
344 298
345 298
346 298
347 298
348 298
349 298
350 298
351 298
352 298
353 298
354 298
355 298
356 298
357 298
358 298
339 299
340 299
341 299
342 299
343 299
344 299
345 299
346 299
347 299
348 299
349 299
350 299
351 299
352 299
353 299
354 299
355 299
356 299
357 299
358 299
339 300
340 300
341 300
342 300
343 300
344 300
345 300
346 300
347 300
348 300
349 300
350 300
351 300
352 300
353 300
354 300
355 300
356 300
357 300
358 300
339 301
340 301
341 301
342 301
343 301
344 301
345 301
346 301
347 301
348 301
349 301
350 301
351 301
352 301
353 301
354 301
355 301
356 301
357 301
339 302
340 302
341 302
342 302
343 302
344 302
345 302
346 302
347 302
348 302
349 302
350 302
351 302
352 302
353 302
354 302
355 302
356 302
338 303
339 303
340 303
341 303
342 303
343 303
344 303
345 303
346 303
347 303
348 303
349 303
350 303
351 303
352 303
353 303
354 303
338 304
339 304
340 304
341 304
342 304
343 304
344 304
345 304
346 304
347 304
348 304
349 304
350 304
351 304
352 304
338 305
339 305
340 305
341 305
342 305
343 305
344 305
345 305
346 305
347 305
348 305
349 305
350 305
351 305
352 305
338 306
339 306
340 306
341 306
342 306
343 306
344 306
345 306
346 306
347 306
348 306
349 306
350 306
351 306
352 306
353 306
338 307
339 307
340 307
341 307
342 307
343 307
344 307
345 307
346 307
347 307
348 307
349 307
350 307
351 307
352 307
353 307
338 308
339 308
340 308
341 308
342 308
343 308
344 308
345 308
346 308
347 308
348 308
349 308
350 308
351 308
352 308
353 308
338 309
339 309
340 309
341 309
342 309
343 309
344 309
345 309
346 309
347 309
348 309
349 309
350 309
351 309
352 309
353 309
354 309
338 310
339 310
340 310
341 310
342 310
343 310
344 310
345 310
346 310
347 310
348 310
349 310
350 310
351 310
352 310
353 310
354 310
338 311
339 311
340 311
341 311
342 311
343 311
344 311
345 311
346 311
347 311
348 311
349 311
350 311
351 311
352 311
353 311
354 311
355 311
338 312
339 312
340 312
341 312
342 312
343 312
344 312
345 312
346 312
347 312
348 312
349 312
350 312
351 312
352 312
353 312
354 312
355 312
356 312
338 313
339 313
340 313
341 313
342 313
343 313
344 313
345 313
346 313
347 313
348 313
349 313
350 313
351 313
352 313
353 313
354 313
355 313
356 313
338 314
339 314
340 314
341 314
342 314
343 314
344 314
345 314
346 314
347 314
348 314
349 314
350 314
351 314
352 314
353 314
354 314
355 314
356 314
357 314
338 315
339 315
340 315
341 315
342 315
343 315
344 315
345 315
346 315
347 315
348 315
349 315
350 315
351 315
352 315
353 315
354 315
355 315
356 315
357 315
358 315
338 316
339 316
340 316
341 316
342 316
343 316
344 316
347 316
348 316
349 316
350 316
351 316
352 316
353 316
354 316
355 316
356 316
357 316
358 316
338 317
339 317
340 317
341 317
342 317
343 317
344 317
349 317
350 317
351 317
352 317
353 317
354 317
355 317
356 317
357 317
358 317
338 318
339 318
340 318
341 318
342 318
343 318
352 318
353 318
354 318
355 318
356 318
357 318
358 318
359 318
338 319
339 319
340 319
341 319
342 319
343 319
353 319
354 319
355 319
356 319
357 319
358 319
359 319
337 320
338 320
339 320
340 320
341 320
342 320
343 320
353 320
354 320
355 320
356 320
357 320
358 320
359 320
336 321
337 321
338 321
339 321
340 321
341 321
342 321
343 321
353 321
354 321
355 321
356 321
357 321
358 321
334 322
335 322
336 322
337 322
338 322
339 322
340 322
341 322
342 322
353 322
354 322
355 322
356 322
357 322
358 322
332 323
333 323
334 323
335 323
336 323
337 323
338 323
339 323
340 323
341 323
342 323
353 323
354 323
355 323
356 323
357 323
358 323
330 324
331 324
332 324
333 324
334 324
335 324
336 324
337 324
338 324
339 324
340 324
352 324
353 324
354 324
355 324
356 324
357 324
358 324
327 325
328 325
329 325
330 325
331 325
332 325
333 325
334 325
335 325
336 325
337 325
338 325
352 325
353 325
354 325
355 325
356 325
357 325
326 326
327 326
328 326
329 326
330 326
331 326
332 326
333 326
334 326
335 326
336 326
352 326
353 326
354 326
355 326
356 326
357 326
324 327
325 327
326 327
327 327
328 327
329 327
330 327
331 327
332 327
333 327
334 327
351 327
352 327
353 327
354 327
355 327
356 327
357 327
323 328
324 328
325 328
326 328
327 328
328 328
329 328
330 328
331 328
351 328
352 328
353 328
354 328
355 328
356 328
322 329
323 329
324 329
325 329
326 329
327 329
328 329
329 329
351 329
352 329
353 329
354 329
355 329
356 329
321 330
322 330
323 330
324 330
325 330
326 330
327 330
350 330
351 330
352 330
353 330
354 330
355 330
321 331
322 331
323 331
324 331
325 331
326 331
350 331
351 331
352 331
353 331
354 331
355 331
321 332
322 332
323 332
324 332
325 332
350 332
351 332
352 332
353 332
354 332
321 333
322 333
323 333
324 333
325 333
350 333
351 333
352 333
353 333
354 333
320 334
321 334
322 334
323 334
324 334
350 334
351 334
352 334
353 334
354 334
320 335
321 335
322 335
323 335
324 335
349 335
350 335
351 335
352 335
353 335
354 335
320 336
321 336
322 336
323 336
324 336
349 336
350 336
351 336
352 336
353 336
354 336
355 336
321 337
322 337
323 337
349 337
350 337
351 337
352 337
353 337
354 337
355 337
356 337
357 337
321 338
322 338
348 338
349 338
350 338
351 338
352 338
353 338
354 338
355 338
356 338
357 338
358 338
348 339
349 339
350 339
351 339
352 339
353 339
354 339
355 339
356 339
357 339
358 339
359 339
348 340
349 340
350 340
351 340
352 340
353 340
354 340
355 340
356 340
357 340
358 340
359 340
348 341
349 341
350 341
351 341
352 341
353 341
354 341
355 341
356 341
357 341
350 342
351 342
352 342
353 342

FRAME 143
247 65
248 65
249 65
250 65
247 66
248 66
249 66
250 66
251 66
247 67
248 67
249 67
250 67
251 67
247 68
248 68
249 68
250 68
251 68
247 69
248 69
249 69
250 69
251 69
246 70
247 70
248 70
249 70
250 70
251 70
252 70
246 71
247 71
248 71
249 71
250 71
251 71
252 71
253 71
245 72
246 72
247 72
248 72
249 72
250 72
251 72
252 72
253 72
254 72
244 73
245 73
246 73
247 73
248 73
249 73
250 73
251 73
252 73
253 73
254 73
243 74
244 74
245 74
246 74
247 74
248 74
249 74
250 74
251 74
252 74
253 74
254 74
255 74
243 75
244 75
245 75
246 75
247 75
248 75
249 75
250 75
251 75
252 75
253 75
254 75
255 75
256 75
242 76
243 76
244 76
245 76
246 76
247 76
248 76
249 76
250 76
251 76
252 76
253 76
254 76
255 76
256 76
257 76
242 77
243 77
244 77
245 77
246 77
247 77
248 77
249 77
250 77
251 77
252 77
253 77
254 77
255 77
256 77
257 77
241 78
242 78
243 78
244 78
245 78
246 78
247 78
248 78
249 78
250 78
251 78
252 78
253 78
254 78
255 78
256 78
257 78
241 79
242 79
243 79
244 79
245 79
246 79
247 79
248 79
249 79
250 79
251 79
252 79
253 79
254 79
255 79
256 79
257 79
258 79
240 80
241 80
242 80
243 80
244 80
245 80
246 80
247 80
248 80
249 80
250 80
251 80
252 80
253 80
254 80
255 80
256 80
257 80
258 80
239 81
240 81
241 81
242 81
243 81
244 81
245 81
246 81
247 81
248 81
249 81
250 81
251 81
252 81
253 81
254 81
255 81
256 81
257 81
238 82
239 82
240 82
241 82
242 82
243 82
244 82
245 82
246 82
247 82
248 82
249 82
250 82
251 82
252 82
253 82
254 82
255 82
256 82
257 82
237 83
238 83
239 83
240 83
241 83
242 83
243 83
244 83
245 83
246 83
247 83
248 83
249 83
250 83
251 83
252 83
253 83
254 83
255 83
256 83
237 84
238 84
239 84
240 84
241 84
242 84
243 84
244 84
245 84
246 84
247 84
248 84
249 84
250 84
251 84
252 84
253 84
254 84
255 84
256 84
236 85
237 85
238 85
239 85
240 85
241 85
242 85
243 85
244 85
245 85
246 85
247 85
248 85
249 85
250 85
251 85
252 85
253 85
254 85
255 85
256 85
235 86
236 86
237 86
238 86
239 86
240 86
241 86
242 86
243 86
244 86
245 86
246 86
247 86
248 86
249 86
250 86
251 86
252 86
253 86
254 86
255 86
234 87
235 87
236 87
237 87
238 87
239 87
240 87
241 87
242 87
243 87
244 87
245 87
246 87
247 87
248 87
249 87
250 87
251 87
252 87
253 87
254 87
233 88
234 88
235 88
236 88
237 88
238 88
239 88
240 88
241 88
242 88
243 88
244 88
245 88
246 88
247 88
248 88
249 88
250 88
251 88
252 88
253 88
233 89
234 89
235 89
236 89
237 89
238 89
239 89
240 89
241 89
242 89
243 89
244 89
245 89
246 89
247 89
248 89
249 89
250 89
251 89
252 89
233 90
234 90
235 90
236 90
237 90
238 90
239 90
240 90
241 90
242 90
245 90
246 90
247 90
248 90
249 90
250 90
251 90
232 91
233 91
234 91
235 91
236 91
237 91
238 91
239 91
240 91
247 91
248 91
249 91
250 91
251 91
232 92
233 92
234 92
235 92
236 92
237 92
247 92
248 92
249 92
250 92
251 92
231 93
232 93
233 93
234 93
235 93
236 93
248 93
249 93
250 93
251 93
231 94
232 94
233 94
234 94
249 94
250 94
251 94
230 95
231 95
232 95
233 95
234 95
249 95
250 95
251 95
252 95
230 96
231 96
232 96
233 96
250 96
251 96
252 96
253 96
230 97
231 97
232 97
250 97
251 97
252 97
253 97
250 98
251 98
252 98
253 98
254 98
251 99
252 99
253 99
254 99

FRAME 144
246 65
247 65
248 65
249 65
246 66
247 66
248 66
249 66
245 67
246 67
247 67
248 67
249 67
250 67
245 68
246 68
247 68
248 68
249 68
250 68
245 69
246 69
247 69
248 69
249 69
250 69
245 70
246 70
247 70
248 70
249 70
250 70
244 71
245 71
246 71
247 71
248 71
249 71
250 71
251 71
243 72
244 72
245 72
246 72
247 72
248 72
249 72
250 72
251 72
252 72
242 73
243 73
244 73
245 73
246 73
247 73
248 73
249 73
250 73
251 73
252 73
253 73
241 74
242 74
243 74
244 74
245 74
246 74
247 74
248 74
249 74
250 74
251 74
252 74
253 74
241 75
242 75
243 75
244 75
245 75
246 75
247 75
248 75
249 75
250 75
251 75
252 75
253 75
254 75
240 76
241 76
242 76
243 76
244 76
245 76
246 76
247 76
248 76
249 76
250 76
251 76
252 76
253 76
254 76
255 76
240 77
241 77
242 77
243 77
244 77
245 77
246 77
247 77
248 77
249 77
250 77
251 77
252 77
253 77
254 77
255 77
238 78
239 78
240 78
241 78
242 78
243 78
244 78
245 78
246 78
247 78
248 78
249 78
250 78
251 78
252 78
253 78
254 78
255 78
256 78
237 79
238 79
239 79
240 79
241 79
242 79
243 79
244 79
245 79
246 79
247 79
248 79
249 79
250 79
251 79
252 79
253 79
254 79
255 79
256 79
236 80
237 80
238 80
239 80
240 80
241 80
242 80
243 80
244 80
245 80
246 80
247 80
248 80
249 80
250 80
251 80
252 80
253 80
254 80
255 80
256 80
235 81
236 81
237 81
238 81
239 81
240 81
241 81
242 81
243 81
244 81
245 81
246 81
247 81
248 81
249 81
250 81
251 81
252 81
253 81
254 81
255 81
256 81
235 82
236 82
237 82
238 82
239 82
240 82
241 82
242 82
243 82
244 82
245 82
246 82
247 82
248 82
249 82
250 82
251 82
252 82
253 82
254 82
255 82
256 82
234 83
235 83
236 83
237 83
238 83
240 83
241 83
242 83
243 83
244 83
245 83
246 83
247 83
248 83
249 83
250 83
251 83
252 83
253 83
254 83
255 83
256 83
233 84
234 84
235 84
236 84
237 84
239 84
240 84
241 84
242 84
243 84
244 84
245 84
246 84
247 84
248 84
249 84
250 84
251 84
252 84
253 84
254 84
255 84
256 84
232 85
233 85
234 85
235 85
236 85
237 85
238 85
239 85
240 85
241 85
242 85
243 85
244 85
245 85
246 85
247 85
248 85
249 85
250 85
251 85
252 85
253 85
254 85
255 85
231 86
232 86
233 86
234 86
235 86
236 86
237 86
238 86
239 86
240 86
241 86
242 86
243 86
244 86
245 86
246 86
247 86
248 86
249 86
250 86
251 86
252 86
253 86
254 86
255 86
231 87
232 87
233 87
234 87
235 87
236 87
237 87
238 87
239 87
240 87
241 87
242 87
243 87
244 87
245 87
246 87
247 87
248 87
249 87
250 87
251 87
252 87
253 87
254 87
230 88
231 88
232 88
233 88
234 88
235 88
236 88
237 88
238 88
239 88
240 88
241 88
242 88
243 88
244 88
245 88
246 88
247 88
248 88
249 88
250 88
251 88
252 88
230 89
231 89
232 89
233 89
234 89
235 89
236 89
237 89
238 89
239 89
240 89
241 89
242 89
243 89
244 89
245 89
246 89
247 89
248 89
249 89
250 89
230 90
231 90
232 90
233 90
234 90
235 90
236 90
237 90
238 90
239 90
245 90
246 90
247 90
248 90
249 90
230 91
231 91
232 91
233 91
234 91
235 91
236 91
237 91
246 91
247 91
248 91
249 91
231 92
232 92
233 92
234 92
235 92
236 92
246 92
247 92
248 92
249 92
231 93
232 93
233 93
234 93
247 93
248 93
249 93
250 93
230 94
231 94
232 94
233 94
247 94
248 94
249 94
250 94
229 95
230 95
231 95
232 95
233 95
248 95
249 95
250 95
251 95
228 96
229 96
230 96
231 96
232 96
248 96
249 96
250 96
251 96
228 97
229 97
230 97
231 97
232 97
249 97
250 97
251 97
252 97
249 98
250 98
251 98
252 98
253 98
250 99
251 99
252 99
253 99

FRAME 145
246 65
247 65
248 65
245 66
246 66
247 66
248 66
249 66
245 67
246 67
247 67
248 67
249 67
245 68
246 68
247 68
248 68
249 68
244 69
245 69
246 69
247 69
248 69
249 69
244 70
245 70
246 70
247 70
248 70
249 70
243 71
244 71
245 71
246 71
247 71
248 71
249 71
250 71
242 72
243 72
244 72
245 72
246 72
247 72
248 72
249 72
250 72
251 72
241 73
242 73
243 73
244 73
245 73
246 73
247 73
248 73
249 73
250 73
251 73
252 73
241 74
242 74
243 74
244 74
245 74
246 74
247 74
248 74
249 74
250 74
251 74
252 74
253 74
240 75
241 75
242 75
243 75
244 75
245 75
246 75
247 75
248 75
249 75
250 75
251 75
252 75
253 75
239 76
240 76
241 76
242 76
243 76
244 76
245 76
246 76
247 76
248 76
249 76
250 76
251 76
252 76
253 76
254 76
238 77
239 77
240 77
241 77
242 77
243 77
244 77
245 77
246 77
247 77
248 77
249 77
250 77
251 77
252 77
253 77
254 77
237 78
238 78
239 78
240 78
241 78
242 78
243 78
244 78
245 78
246 78
247 78
248 78
249 78
250 78
251 78
252 78
253 78
254 78
255 78
236 79
237 79
238 79
239 79
240 79
241 79
242 79
243 79
244 79
245 79
246 79
247 79
248 79
249 79
250 79
251 79
252 79
253 79
254 79
255 79
235 80
236 80
237 80
238 80
239 80
242 80
243 80
244 80
245 80
246 80
247 80
248 80
249 80
250 80
251 80
252 80
253 80
254 80
255 80
234 81
235 81
236 81
237 81
242 81
243 81
244 81
245 81
246 81
247 81
248 81
249 81
250 81
251 81
252 81
253 81
254 81
255 81
233 82
234 82
235 82
236 82
241 82
242 82
243 82
244 82
245 82
246 82
247 82
248 82
249 82
250 82
251 82
252 82
253 82
254 82
255 82
233 83
234 83
235 83
236 83
240 83
241 83
242 83
243 83
244 83
245 83
246 83
247 83
248 83
249 83
250 83
251 83
252 83
253 83
254 83
255 83
232 84
233 84
234 84
235 84
240 84
241 84
242 84
243 84
244 84
245 84
246 84
247 84
248 84
249 84
250 84
251 84
252 84
253 84
254 84
255 84
231 85
232 85
233 85
234 85
239 85
240 85
241 85
242 85
243 85
244 85
245 85
246 85
247 85
248 85
249 85
250 85
251 85
252 85
253 85
254 85
255 85
230 86
231 86
232 86
233 86
234 86
237 86
238 86
239 86
240 86
241 86
242 86
243 86
244 86
245 86
246 86
247 86
248 86
249 86
250 86
251 86
252 86
253 86
254 86
255 86
229 87
230 87
231 87
232 87
233 87
234 87
235 87
236 87
237 87
238 87
239 87
240 87
241 87
242 87
243 87
244 87
245 87
246 87
247 87
248 87
249 87
250 87
251 87
252 87
253 87
254 87
255 87
228 88
229 88
230 88
231 88
232 88
233 88
234 88
235 88
236 88
237 88
238 88
239 88
240 88
241 88
242 88
243 88
244 88
245 88
246 88
247 88
248 88
249 88
250 88
228 89
229 89
230 89
231 89
232 89
233 89
234 89
235 89
236 89
237 89
238 89
239 89
240 89
241 89
242 89
243 89
244 89
245 89
246 89
247 89
248 89
249 89
231 90
232 90
233 90
234 90
235 90
236 90
237 90
238 90
239 90
244 90
245 90
246 90
247 90
248 90
249 90
231 91
232 91
233 91
234 91
235 91
236 91
237 91
245 91
246 91
247 91
248 91
249 91
231 92
232 92
233 92
234 92
235 92
246 92
247 92
248 92
249 92
231 93
232 93
233 93
234 93
246 93
247 93
248 93
249 93
229 94
230 94
231 94
232 94
233 94
247 94
248 94
249 94
250 94
228 95
229 95
230 95
231 95
232 95
248 95
249 95
250 95
251 95
228 96
229 96
230 96
231 96
232 96
248 96
249 96
250 96
251 96
228 97
229 97
230 97
231 97
249 97
250 97
251 97
252 97
249 98
250 98
251 98
252 98
250 99
251 99
252 99
253 99

FRAME 146
246 65
244 66
245 66
246 66
247 66
248 66
244 67
245 67
246 67
247 67
248 67
244 68
245 68
246 68
247 68
248 68
244 69
245 69
246 69
247 69
248 69
243 70
244 70
245 70
246 70
247 70
248 70
242 71
243 71
244 71
245 71
246 71
247 71
248 71
249 71
241 72
242 72
243 72
244 72
245 72
246 72
247 72
248 72
249 72
250 72
240 73
241 73
242 73
243 73
244 73
245 73
246 73
247 73
248 73
249 73
250 73
251 73
239 74
240 74
241 74
242 74
243 74
244 74
245 74
246 74
247 74
248 74
249 74
250 74
251 74
252 74
238 75
239 75
240 75
241 75
242 75
243 75
244 75
245 75
246 75
247 75
248 75
249 75
250 75
251 75
252 75
237 76
238 76
239 76
240 76
241 76
242 76
243 76
244 76
245 76
246 76
247 76
248 76
249 76
250 76
251 76
252 76
235 77
236 77
237 77
238 77
239 77
240 77
241 77
242 77
243 77
244 77
245 77
246 77
247 77
248 77
249 77
250 77
251 77
252 77
253 77
234 78
235 78
236 78
237 78
238 78
239 78
240 78
241 78
242 78
243 78
244 78
245 78
246 78
247 78
248 78
249 78
250 78
251 78
252 78
253 78
233 79
234 79
235 79
236 79
237 79
241 79
242 79
243 79
244 79
245 79
246 79
247 79
248 79
249 79
250 79
251 79
252 79
253 79
232 80
233 80
234 80
235 80
236 80
241 80
242 80
243 80
244 80
245 80
246 80
247 80
248 80
249 80
250 80
251 80
252 80
253 80
254 80
231 81
232 81
233 81
234 81
241 81
242 81
243 81
244 81
245 81
246 81
247 81
248 81
249 81
250 81
251 81
252 81
253 81
254 81
230 82
231 82
232 82
233 82
241 82
242 82
243 82
244 82
245 82
246 82
247 82
248 82
249 82
250 82
251 82
252 82
253 82
254 82
229 83
230 83
231 83
232 83
240 83
241 83
242 83
243 83
244 83
245 83
246 83
247 83
248 83
249 83
250 83
251 83
252 83
253 83
254 83
228 84
229 84
230 84
231 84
240 84
241 84
242 84
243 84
244 84
245 84
246 84
247 84
248 84
249 84
250 84
251 84
252 84
253 84
254 84
227 85
228 85
229 85
230 85
231 85
239 85
240 85
241 85
242 85
243 85
244 85
245 85
246 85
247 85
248 85
249 85
250 85
251 85
252 85
253 85
254 85
226 86
227 86
228 86
229 86
238 86
239 86
240 86
241 86
242 86
243 86
244 86
245 86
246 86
247 86
248 86
249 86
250 86
252 86
253 86
254 86
255 86
225 87
226 87
227 87
228 87
236 87
237 87
238 87
239 87
240 87
241 87
242 87
243 87
244 87
245 87
246 87
247 87
248 87
249 87
252 87
253 87
254 87
255 87
225 88
226 88
235 88
236 88
237 88
238 88
239 88
240 88
241 88
242 88
243 88
244 88
245 88
246 88
247 88
248 88
249 88
253 88
254 88
255 88
225 89
226 89
233 89
234 89
235 89
236 89
237 89
238 89
239 89
240 89
241 89
242 89
243 89
244 89
245 89
246 89
247 89
248 89
249 89
253 89
254 89
255 89
233 90
234 90
235 90
236 90
237 90
238 90
239 90
244 90
245 90
246 90
247 90
248 90
249 90
253 90
254 90
232 91
233 91
234 91
235 91
236 91
245 91
246 91
247 91
248 91
249 91
232 92
233 92
234 92
235 92
246 92
247 92
248 92
249 92
231 93
232 93
233 93
234 93
246 93
247 93
248 93
249 93
229 94
230 94
231 94
232 94
233 94
247 94
248 94
249 94
250 94
228 95
229 95
230 95
231 95
232 95
248 95
249 95
250 95
251 95
227 96
228 96
229 96
230 96
231 96
232 96
248 96
249 96
250 96
251 96
227 97
228 97
229 97
230 97
231 97
249 97
250 97
251 97
252 97
249 98
250 98
251 98
252 98
250 99
251 99
252 99

FRAME 147
244 66
245 66
246 66
247 66
244 67
245 67
246 67
247 67
243 68
244 68
245 68
246 68
247 68
248 68
243 69
244 69
245 69
246 69
247 69
248 69
242 70
243 70
244 70
245 70
246 70
247 70
248 70
241 71
242 71
243 71
244 71
245 71
246 71
247 71
248 71
240 72
241 72
242 72
243 72
244 72
245 72
246 72
247 72
248 72
249 72
239 73
240 73
241 73
242 73
243 73
244 73
245 73
246 73
247 73
248 73
249 73
250 73
251 73
237 74
238 74
239 74
240 74
241 74
242 74
243 74
244 74
245 74
246 74
247 74
248 74
249 74
250 74
251 74
236 75
237 75
238 75
239 75
240 75
241 75
242 75
243 75
244 75
245 75
246 75
247 75
248 75
249 75
250 75
251 75
252 75
234 76
235 76
236 76
237 76
238 76
239 76
240 76
241 76
242 76
243 76
244 76
245 76
246 76
247 76
248 76
249 76
250 76
251 76
252 76
233 77
234 77
235 77
236 77
237 77
238 77
239 77
240 77
241 77
242 77
243 77
244 77
245 77
246 77
247 77
248 77
249 77
250 77
251 77
252 77
232 78
233 78
234 78
235 78
240 78
241 78
242 78
243 78
244 78
245 78
246 78
247 78
248 78
249 78
250 78
251 78
252 78
253 78
231 79
232 79
233 79
234 79
240 79
241 79
242 79
243 79
244 79
245 79
246 79
247 79
248 79
249 79
250 79
251 79
252 79
253 79
230 80
231 80
232 80
233 80
240 80
241 80
242 80
243 80
244 80
245 80
246 80
247 80
248 80
249 80
250 80
251 80
252 80
253 80
229 81
230 81
231 81
240 81
241 81
242 81
243 81
244 81
245 81
246 81
247 81
248 81
249 81
250 81
251 81
252 81
253 81
228 82
229 82
230 82
231 82
240 82
241 82
242 82
243 82
244 82
245 82
246 82
247 82
248 82
249 82
250 82
251 82
252 82
253 82
254 82
226 83
227 83
228 83
229 83
240 83
241 83
242 83
243 83
244 83
245 83
246 83
247 83
248 83
249 83
250 83
251 83
252 83
253 83
254 83
225 84
226 84
227 84
228 84
229 84
239 84
240 84
241 84
242 84
243 84
244 84
245 84
246 84
247 84
248 84
249 84
250 84
251 84
252 84
253 84
254 84
225 85
226 85
227 85
238 85
239 85
240 85
241 85
242 85
243 85
244 85
245 85
246 85
247 85
248 85
249 85
250 85
252 85
253 85
254 85
224 86
225 86
226 86
237 86
238 86
239 86
240 86
241 86
242 86
243 86
244 86
245 86
246 86
247 86
248 86
249 86
252 86
253 86
254 86
255 86
223 87
224 87
225 87
236 87
237 87
238 87
239 87
240 87
241 87
242 87
243 87
244 87
245 87
246 87
247 87
248 87
249 87
253 87
254 87
223 88
224 88
235 88
236 88
237 88
238 88
239 88
240 88
241 88
242 88
243 88
244 88
245 88
246 88
247 88
248 88
249 88
253 88
254 88
223 89
234 89
235 89
236 89
237 89
238 89
239 89
240 89
243 89
244 89
245 89
246 89
247 89
248 89
249 89
221 90
233 90
234 90
235 90
236 90
237 90
238 90
245 90
246 90
247 90
248 90
249 90
232 91
233 91
234 91
235 91
236 91
245 91
246 91
247 91
248 91
249 91
231 92
232 92
233 92
234 92
235 92
246 92
247 92
248 92
249 92
250 92
231 93
232 93
233 93
247 93
248 93
249 93
250 93
229 94
230 94
231 94
232 94
247 94
248 94
249 94
250 94
228 95
229 95
230 95
231 95
232 95
248 95
249 95
250 95
251 95
227 96
228 96
229 96
230 96
231 96
232 96
248 96
249 96
250 96
251 96
227 97
228 97
229 97
230 97
231 97
248 97
249 97
250 97
251 97
252 97
249 98
250 98
251 98
252 98
250 99
251 99
252 99

FRAME 148
244 66
245 66
246 66
247 66
244 67
245 67
246 67
247 67
243 68
244 68
245 68
246 68
247 68
248 68
243 69
244 69
245 69
246 69
247 69
248 69
242 70
243 70
244 70
245 70
246 70
247 70
248 70
241 71
242 71
243 71
244 71
245 71
246 71
247 71
248 71
240 72
241 72
242 72
243 72
244 72
245 72
246 72
247 72
248 72
249 72
238 73
239 73
240 73
241 73
242 73
243 73
244 73
245 73
246 73
247 73
248 73
249 73
250 73
251 73
236 74
237 74
238 74
239 74
240 74
241 74
242 74
243 74
244 74
245 74
246 74
247 74
248 74
249 74
250 74
251 74
235 75
236 75
237 75
238 75
239 75
240 75
241 75
242 75
243 75
244 75
245 75
246 75
247 75
248 75
249 75
250 75
251 75
233 76
234 76
235 76
236 76
237 76
238 76
239 76
240 76
241 76
242 76
243 76
244 76
245 76
246 76
247 76
248 76
249 76
250 76
251 76
252 76
232 77
233 77
234 77
235 77
236 77
237 77
239 77
240 77
241 77
242 77
243 77
244 77
245 77
246 77
247 77
248 77
249 77
250 77
251 77
252 77
231 78
232 78
233 78
234 78
240 78
241 78
242 78
243 78
244 78
245 78
246 78
247 78
248 78
249 78
250 78
251 78
252 78
253 78
230 79
231 79
232 79
233 79
240 79
241 79
242 79
243 79
244 79
245 79
246 79
247 79
248 79
249 79
250 79
251 79
252 79
253 79
229 80
230 80
231 80
232 80
240 80
241 80
242 80
243 80
244 80
245 80
246 80
247 80
248 80
249 80
250 80
251 80
252 80
253 80
228 81
229 81
230 81
231 81
240 81
241 81
242 81
243 81
244 81
245 81
246 81
247 81
248 81
249 81
250 81
251 81
252 81
253 81
254 81
227 82
228 82
229 82
230 82
240 82
241 82
242 82
243 82
244 82
245 82
246 82
247 82
248 82
249 82
250 82
251 82
252 82
253 82
254 82
225 83
226 83
227 83
228 83
229 83
239 83
240 83
241 83
242 83
243 83
244 83
245 83
246 83
247 83
248 83
249 83
250 83
251 83
252 83
253 83
254 83
225 84
226 84
227 84
228 84
239 84
240 84
241 84
242 84
243 84
244 84
245 84
246 84
247 84
248 84
249 84
250 84
252 84
253 84
254 84
255 84
223 85
224 85
225 85
226 85
238 85
239 85
240 85
241 85
242 85
243 85
244 85
245 85
246 85
247 85
248 85
249 85
253 85
254 85
255 85
223 86
224 86
225 86
237 86
238 86
239 86
240 86
241 86
242 86
243 86
244 86
245 86
246 86
247 86
248 86
249 86
253 86
254 86
255 86
222 87
223 87
224 87
236 87
237 87
238 87
239 87
240 87
241 87
242 87
243 87
244 87
245 87
246 87
247 87
248 87
249 87
255 87
222 88
223 88
235 88
236 88
237 88
238 88
239 88
240 88
241 88
242 88
243 88
244 88
245 88
246 88
247 88
248 88
249 88
219 89
220 89
234 89
235 89
236 89
237 89
238 89
239 89
245 89
246 89
247 89
248 89
249 89
219 90
220 90
221 90
233 90
234 90
235 90
236 90
237 90
238 90
245 90
246 90
247 90
248 90
249 90
232 91
233 91
234 91
235 91
236 91
246 91
247 91
248 91
249 91
250 91
231 92
232 92
233 92
234 92
235 92
246 92
247 92
248 92
249 92
250 92
231 93
232 93
233 93
234 93
247 93
248 93
249 93
250 93
229 94
230 94
231 94
232 94
247 94
248 94
249 94
250 94
228 95
229 95
230 95
231 95
232 95
248 95
249 95
250 95
251 95
227 96
228 96
229 96
230 96
231 96
232 96
248 96
249 96
250 96
251 96
227 97
228 97
229 97
230 97
231 97
248 97
249 97
250 97
251 97
252 97
249 98
250 98
251 98
252 98
249 99
250 99
251 99
252 99

FRAME 149
245 65
246 65
244 66
245 66
246 66
247 66
248 66
244 67
245 67
246 67
247 67
248 67
243 68
244 68
245 68
246 68
247 68
248 68
243 69
244 69
245 69
246 69
247 69
248 69
242 70
243 70
244 70
245 70
246 70
247 70
248 70
240 71
241 71
242 71
243 71
244 71
245 71
246 71
247 71
248 71
249 71
239 72
240 72
241 72
242 72
243 72
244 72
245 72
246 72
247 72
248 72
249 72
250 72
236 73
237 73
238 73
239 73
240 73
241 73
242 73
243 73
244 73
245 73
246 73
247 73
248 73
249 73
250 73
251 73
235 74
236 74
237 74
238 74
239 74
240 74
241 74
242 74
243 74
244 74
245 74
246 74
247 74
248 74
249 74
250 74
251 74
233 75
234 75
235 75
236 75
237 75
238 75
239 75
240 75
241 75
242 75
243 75
244 75
245 75
246 75
247 75
248 75
249 75
250 75
251 75
252 75
232 76
233 76
234 76
235 76
236 76
239 76
240 76
241 76
242 76
243 76
244 76
245 76
246 76
247 76
248 76
249 76
250 76
251 76
252 76
230 77
231 77
232 77
233 77
234 77
239 77
240 77
241 77
242 77
243 77
244 77
245 77
246 77
247 77
248 77
249 77
250 77
251 77
252 77
253 77
229 78
230 78
231 78
232 78
233 78
240 78
241 78
242 78
243 78
244 78
245 78
246 78
247 78
248 78
249 78
250 78
251 78
252 78
253 78
228 79
229 79
230 79
231 79
232 79
240 79
241 79
242 79
243 79
244 79
245 79
246 79
247 79
248 79
249 79
250 79
251 79
252 79
253 79
254 79
227 80
228 80
229 80
230 80
231 80
240 80
241 80
242 80
243 80
244 80
245 80
246 80
247 80
248 80
249 80
250 80
251 80
252 80
253 80
254 80
226 81
227 81
228 81
229 81
240 81
241 81
242 81
243 81
244 81
245 81
246 81
247 81
248 81
249 81
250 81
251 81
252 81
253 81
254 81
255 81
225 82
226 82
227 82
228 82
240 82
241 82
242 82
243 82
244 82
245 82
246 82
247 82
248 82
249 82
250 82
252 82
253 82
254 82
255 82
256 82
224 83
225 83
226 83
239 83
240 83
241 83
242 83
243 83
244 83
245 83
246 83
247 83
248 83
249 83
250 83
254 83
255 83
256 83
223 84
224 84
225 84
238 84
239 84
240 84
241 84
242 84
243 84
244 84
245 84
246 84
247 84
248 84
249 84
250 84
255 84
256 84
222 85
223 85
224 85
238 85
239 85
240 85
241 85
242 85
243 85
244 85
245 85
246 85
247 85
248 85
249 85
250 85
255 85
256 85
257 85
223 86
237 86
238 86
239 86
240 86
241 86
242 86
243 86
244 86
245 86
246 86
247 86
248 86
249 86
250 86
235 87
236 87
237 87
238 87
239 87
240 87
241 87
242 87
243 87
244 87
245 87
246 87
247 87
248 87
249 87
250 87
219 88
235 88
236 88
237 88
238 88
239 88
240 88
241 88
245 88
246 88
247 88
248 88
249 88
250 88
219 89
233 89
234 89
235 89
236 89
237 89
238 89
239 89
246 89
247 89
248 89
249 89
250 89
233 90
234 90
235 90
236 90
237 90
238 90
247 90
248 90
249 90
250 90
232 91
233 91
234 91
235 91
236 91
247 91
248 91
249 91
250 91
231 92
232 92
233 92
234 92
235 92
247 92
248 92
249 92
250 92
231 93
232 93
233 93
234 93
248 93
249 93
250 93
251 93
229 94
230 94
231 94
232 94
248 94
249 94
250 94
251 94
228 95
229 95
230 95
231 95
232 95
248 95
249 95
250 95
251 95
227 96
228 96
229 96
230 96
231 96
232 96
248 96
249 96
250 96
251 96
227 97
228 97
229 97
230 97
231 97
249 97
250 97
251 97
252 97
249 98
250 98
251 98
252 98
250 99
251 99
252 99

FRAME 150
246 64
245 65
246 65
247 65
248 65
245 66
246 66
247 66
248 66
249 66
244 67
245 67
246 67
247 67
248 67
249 67
244 68
245 68
246 68
247 68
248 68
249 68
244 69
245 69
246 69
247 69
248 69
249 69
242 70
243 70
244 70
245 70
246 70
247 70
248 70
249 70
250 70
240 71
241 71
242 71
243 71
244 71
245 71
246 71
247 71
248 71
249 71
250 71
251 71
237 72
238 72
239 72
240 72
241 72
242 72
243 72
244 72
245 72
246 72
247 72
248 72
249 72
250 72
251 72
236 73
237 73
238 73
239 73
240 73
241 73
242 73
243 73
244 73
245 73
246 73
247 73
248 73
249 73
250 73
251 73
252 73
234 74
235 74
236 74
237 74
238 74
239 74
240 74
241 74
242 74
243 74
244 74
245 74
246 74
247 74
248 74
249 74
250 74
251 74
252 74
233 75
234 75
235 75
236 75
237 75
239 75
240 75
241 75
242 75
243 75
244 75
245 75
246 75
247 75
248 75
249 75
250 75
251 75
252 75
253 75
231 76
232 76
233 76
234 76
235 76
240 76
241 76
242 76
243 76
244 76
245 76
246 76
247 76
248 76
249 76
250 76
251 76
252 76
253 76
230 77
231 77
232 77
233 77
240 77
241 77
242 77
243 77
244 77
245 77
246 77
247 77
248 77
249 77
250 77
251 77
252 77
253 77
254 77
229 78
230 78
231 78
232 78
240 78
241 78
242 78
243 78
244 78
245 78
246 78
247 78
248 78
249 78
250 78
251 78
252 78
253 78
254 78
255 78
228 79
229 79
230 79
231 79
240 79
241 79
242 79
243 79
244 79
245 79
246 79
247 79
248 79
249 79
250 79
251 79
252 79
253 79
254 79
255 79
256 79
227 80
228 80
229 80
230 80
240 80
241 80
242 80
243 80
244 80
245 80
246 80
247 80
248 80
249 80
250 80
251 80
255 80
256 80
226 81
227 81
228 81
229 81
240 81
241 81
242 81
243 81
244 81
245 81
246 81
247 81
248 81
249 81
250 81
251 81
255 81
256 81
257 81
224 82
225 82
226 82
227 82
239 82
240 82
241 82
242 82
243 82
244 82
245 82
246 82
247 82
248 82
249 82
250 82
251 82
257 82
258 82
223 83
224 83
225 83
226 83
239 83
240 83
241 83
242 83
243 83
244 83
245 83
246 83
247 83
248 83
249 83
250 83
251 83
258 83
222 84
223 84
224 84
238 84
239 84
240 84
241 84
242 84
243 84
244 84
245 84
246 84
247 84
248 84
249 84
250 84
251 84
221 85
222 85
223 85
238 85
239 85
240 85
241 85
242 85
243 85
244 85
245 85
246 85
247 85
248 85
249 85
250 85
251 85
237 86
238 86
239 86
240 86
241 86
242 86
243 86
244 86
245 86
246 86
247 86
248 86
249 86
250 86
251 86
236 87
237 87
238 87
239 87
240 87
241 87
242 87
243 87
247 87
248 87
249 87
250 87
251 87
235 88
236 88
237 88
238 88
239 88
240 88
241 88
248 88
249 88
250 88
251 88
234 89
235 89
236 89
237 89
238 89
239 89
248 89
249 89
250 89
251 89
233 90
234 90
235 90
236 90
237 90
238 90
248 90
249 90
250 90
251 90
232 91
233 91
234 91
235 91
236 91
248 91
249 91
250 91
251 91
231 92
232 92
233 92
234 92
235 92
248 92
249 92
250 92
251 92
230 93
231 93
232 93
233 93
234 93
249 93
250 93
229 94
230 94
231 94
232 94
249 94
250 94
251 94
228 95
229 95
230 95
231 95
232 95
249 95
250 95
251 95
227 96
228 96
229 96
230 96
231 96
232 96
249 96
250 96
251 96
227 97
228 97
229 97
230 97
231 97
249 97
250 97
251 97
252 97
249 98
250 98
251 98
252 98
250 99
251 99

FRAME 151
378 266
379 266
380 266
381 266
377 267
378 267
379 267
380 267
381 267
382 267
377 268
378 268
379 268
380 268
381 268
382 268
376 269
377 269
378 269
379 269
380 269
381 269
382 269
383 269
376 270
377 270
378 270
379 270
380 270
381 270
382 270
383 270
376 271
377 271
378 271
379 271
380 271
381 271
382 271
383 271
376 272
377 272
378 272
379 272
380 272
381 272
382 272
383 272
376 273
377 273
378 273
379 273
380 273
381 273
382 273
383 273
376 274
377 274
378 274
379 274
380 274
381 274
382 274
376 275
377 275
378 275
379 275
380 275
381 275
382 275
376 276
377 276
378 276
379 276
380 276
381 276
382 276
374 277
375 277
376 277
377 277
378 277
379 277
380 277
381 277
382 277
373 278
374 278
375 278
376 278
377 278
378 278
379 278
380 278
381 278
382 278
383 278
372 279
373 279
374 279
375 279
376 279
377 279
378 279
379 279
380 279
381 279
382 279
383 279
384 279
371 280
372 280
373 280
374 280
375 280
376 280
377 280
378 280
379 280
380 280
381 280
382 280
383 280
384 280
385 280
371 281
372 281
373 281
374 281
375 281
376 281
377 281
378 281
379 281
380 281
381 281
382 281
383 281
384 281
385 281
386 281
371 282
372 282
373 282
374 282
375 282
376 282
377 282
378 282
379 282
380 282
381 282
382 282
383 282
384 282
385 282
386 282
387 282
371 283
372 283
373 283
374 283
375 283
376 283
377 283
378 283
379 283
380 283
381 283
382 283
383 283
384 283
385 283
386 283
387 283
371 284
372 284
373 284
374 284
375 284
376 284
377 284
378 284
379 284
380 284
381 284
382 284
383 284
384 284
385 284
386 284
387 284
388 284
371 285
372 285
373 285
374 285
375 285
376 285
377 285
378 285
379 285
380 285
381 285
382 285
383 285
384 285
385 285
386 285
387 285
388 285
371 286
372 286
373 286
374 286
375 286
376 286
377 286
378 286
379 286
380 286
381 286
382 286
383 286
384 286
385 286
386 286
387 286
388 286
371 287
372 287
373 287
374 287
375 287
376 287
377 287
378 287
379 287
380 287
381 287
382 287
383 287
384 287
385 287
386 287
387 287
388 287
371 288
372 288
373 288
374 288
375 288
376 288
377 288
378 288
379 288
380 288
381 288
382 288
383 288
384 288
385 288
386 288
387 288
388 288
371 289
372 289
373 289
374 289
375 289
376 289
377 289
378 289
379 289
380 289
381 289
382 289
383 289
384 289
385 289
386 289
387 289
388 289
371 290
372 290
373 290
374 290
375 290
376 290
377 290
378 290
379 290
380 290
381 290
382 290
383 290
384 290
385 290
386 290
387 290
388 290
370 291
371 291
372 291
373 291
374 291
375 291
376 291
377 291
378 291
379 291
380 291
381 291
382 291
383 291
384 291
385 291
386 291
387 291
388 291
370 292
371 292
372 292
373 292
374 292
375 292
376 292
377 292
378 292
379 292
380 292
381 292
382 292
383 292
384 292
385 292
386 292
387 292
388 292
370 293
371 293
372 293
373 293
374 293
375 293
376 293
377 293
378 293
379 293
380 293
381 293
382 293
383 293
384 293
385 293
386 293
387 293
388 293
389 293
370 294
371 294
372 294
373 294
374 294
375 294
376 294
377 294
378 294
379 294
380 294
381 294
382 294
383 294
384 294
385 294
386 294
387 294
388 294
389 294
370 295
371 295
372 295
373 295
374 295
375 295
376 295
377 295
378 295
379 295
380 295
381 295
382 295
383 295
384 295
385 295
386 295
387 295
388 295
389 295
370 296
371 296
372 296
373 296
374 296
375 296
376 296
377 296
378 296
379 296
380 296
381 296
382 296
383 296
384 296
385 296
386 296
387 296
388 296
389 296
370 297
371 297
372 297
373 297
374 297
375 297
376 297
377 297
378 297
379 297
380 297
381 297
382 297
383 297
384 297
385 297
386 297
387 297
388 297
389 297
370 298
371 298
372 298
373 298
374 298
375 298
376 298
377 298
378 298
379 298
380 298
381 298
382 298
385 298
386 298
387 298
388 298
389 298
370 299
371 299
372 299
373 299
374 299
375 299
376 299
377 299
378 299
379 299
380 299
381 299
382 299
383 299
384 299
385 299
386 299
387 299
388 299
369 300
370 300
371 300
372 300
373 300
374 300
375 300
376 300
377 300
378 300
379 300
380 300
381 300
382 300
383 300
384 300
385 300
369 301
370 301
371 301
372 301
373 301
374 301
375 301
376 301
377 301
378 301
379 301
380 301
381 301
382 301
383 301
384 301
385 301
369 302
370 302
371 302
372 302
373 302
374 302
375 302
376 302
377 302
378 302
379 302
380 302
381 302
382 302
383 302
384 302
385 302
386 302
369 303
370 303
371 303
372 303
373 303
374 303
375 303
376 303
377 303
378 303
379 303
380 303
381 303
382 303
383 303
384 303
385 303
386 303
387 303
370 304
371 304
372 304
373 304
374 304
375 304
376 304
377 304
378 304
379 304
380 304
381 304
382 304
383 304
384 304
385 304
386 304
387 304
388 304
370 305
371 305
372 305
373 305
374 305
375 305
376 305
377 305
378 305
379 305
380 305
381 305
382 305
383 305
384 305
385 305
386 305
387 305
388 305
389 305
371 306
372 306
373 306
374 306
375 306
376 306
377 306
378 306
379 306
380 306
381 306
382 306
383 306
384 306
385 306
386 306
387 306
388 306
389 306
390 306
391 306
371 307
372 307
373 307
374 307
375 307
376 307
377 307
378 307
379 307
380 307
381 307
382 307
383 307
384 307
385 307
386 307
387 307
388 307
389 307
390 307
391 307
392 307
393 307
371 308
372 308
373 308
374 308
375 308
376 308
377 308
378 308
379 308
380 308
381 308
382 308
383 308
384 308
385 308
386 308
387 308
388 308
389 308
390 308
391 308
392 308
393 308
372 309
373 309
374 309
375 309
376 309
377 309
378 309
379 309
380 309
381 309
382 309
383 309
384 309
385 309
386 309
387 309
388 309
389 309
390 309
391 309
392 309
393 309
394 309
371 310
372 310
373 310
374 310
375 310
376 310
377 310
378 310
379 310
380 310
381 310
382 310
383 310
384 310
385 310
386 310
387 310
388 310
389 310
390 310
391 310
392 310
393 310
394 310
371 311
372 311
373 311
374 311
375 311
376 311
377 311
378 311
379 311
380 311
387 311
388 311
389 311
390 311
391 311
392 311
393 311
394 311
395 311
370 312
371 312
372 312
373 312
374 312
375 312
376 312
377 312
378 312
379 312
389 312
390 312
391 312
392 312
393 312
394 312
395 312
369 313
370 313
371 313
372 313
373 313
374 313
375 313
376 313
377 313
390 313
391 313
392 313
393 313
394 313
395 313
368 314
369 314
370 314
371 314
372 314
373 314
374 314
375 314
376 314
390 314
391 314
392 314
393 314
394 314
395 314
367 315
368 315
369 315
370 315
371 315
372 315
373 315
374 315
375 315
390 315
391 315
392 315
393 315
394 315
395 315
367 316
368 316
369 316
370 316
371 316
372 316
373 316
374 316
390 316
391 316
392 316
393 316
394 316
395 316
365 317
366 317
367 317
368 317
369 317
370 317
371 317
372 317
373 317
390 317
391 317
392 317
393 317
394 317
361 318
362 318
363 318
364 318
365 318
366 318
367 318
368 318
369 318
370 318
371 318
390 318
391 318
392 318
393 318
394 318
361 319
362 319
363 319
364 319
365 319
366 319
367 319
368 319
369 319
370 319
390 319
391 319
392 319
393 319
394 319
360 320
361 320
362 320
363 320
364 320
365 320
366 320
367 320
368 320
390 320
391 320
392 320
393 320
394 320
360 321
361 321
362 321
363 321
364 321
365 321
366 321
367 321
368 321
390 321
391 321
392 321
393 321
360 322
361 322
362 322
363 322
364 322
365 322
366 322
367 322
368 322
390 322
391 322
392 322
393 322
360 323
361 323
362 323
363 323
364 323
365 323
366 323
367 323
368 323
389 323
390 323
391 323
392 323
393 323
361 324
362 324
363 324
364 324
365 324
366 324
367 324
368 324
389 324
390 324
391 324
392 324
393 324
361 325
362 325
363 325
364 325
365 325
366 325
367 325
368 325
369 325
389 325
390 325
391 325
392 325
393 325
363 326
364 326
365 326
366 326
367 326
368 326
389 326
390 326
391 326
392 326
393 326
365 327
366 327
389 327
390 327
391 327
392 327
393 327
389 328
390 328
391 328
392 328
393 328
394 328
389 329
390 329
391 329
392 329
393 329
394 329
389 330
390 330
391 330
392 330
393 330
394 330
395 330
396 330
389 331
390 331
391 331
392 331
393 331
394 331
395 331
396 331
397 331
398 331
389 332
390 332
391 332
392 332
393 332
394 332
395 332
396 332
397 332
398 332
399 332
390 333
391 333
392 333
393 333
394 333
395 333
396 333
397 333
398 333
399 333
400 333
392 334
393 334
394 334
395 334
396 334
397 334
398 334
399 334
400 334
396 335
397 335
398 335

FRAME 152
248 63
249 63
250 63
251 63
248 64
249 64
250 64
251 64
247 65
248 65
249 65
250 65
251 65
247 66
248 66
249 66
250 66
251 66
246 67
247 67
248 67
249 67
250 67
251 67
252 67
245 68
246 68
247 68
248 68
249 68
250 68
251 68
252 68
243 69
244 69
245 69
246 69
247 69
248 69
249 69
250 69
251 69
252 69
253 69
241 70
242 70
243 70
244 70
245 70
246 70
247 70
248 70
249 70
250 70
251 70
252 70
253 70
240 71
241 71
242 71
243 71
244 71
245 71
246 71
247 71
248 71
249 71
250 71
251 71
252 71
253 71
254 71
238 72
239 72
240 72
241 72
242 72
243 72
244 72
245 72
246 72
247 72
248 72
249 72
250 72
251 72
252 72
253 72
254 72
255 72
236 73
237 73
238 73
239 73
240 73
241 73
242 73
243 73
244 73
245 73
246 73
247 73
248 73
249 73
250 73
251 73
252 73
253 73
254 73
255 73
235 74
236 74
237 74
238 74
239 74
240 74
241 74
242 74
243 74
244 74
245 74
246 74
247 74
248 74
249 74
250 74
251 74
252 74
253 74
254 74
255 74
256 74
234 75
235 75
236 75
237 75
241 75
242 75
243 75
244 75
245 75
246 75
247 75
248 75
249 75
250 75
251 75
252 75
253 75
254 75
255 75
256 75
257 75
258 75
233 76
234 76
235 76
236 76
241 76
242 76
243 76
244 76
245 76
246 76
247 76
248 76
249 76
250 76
251 76
252 76
253 76
254 76
255 76
256 76
257 76
258 76
259 76
232 77
233 77
234 77
241 77
242 77
243 77
244 77
245 77
246 77
247 77
248 77
249 77
250 77
251 77
252 77
257 77
258 77
259 77
260 77
230 78
231 78
232 78
233 78
234 78
241 78
242 78
243 78
244 78
245 78
246 78
247 78
248 78
249 78
250 78
251 78
252 78
258 78
259 78
260 78
261 78
229 79
230 79
231 79
232 79
233 79
241 79
242 79
243 79
244 79
245 79
246 79
247 79
248 79
249 79
250 79
251 79
252 79
260 79
261 79
262 79
228 80
229 80
230 80
231 80
241 80
242 80
243 80
244 80
245 80
246 80
247 80
248 80
249 80
250 80
251 80
252 80
261 80
262 80
263 80
227 81
228 81
229 81
230 81
240 81
241 81
242 81
243 81
244 81
245 81
246 81
247 81
248 81
249 81
250 81
251 81
252 81
262 81
263 81
226 82
227 82
228 82
240 82
241 82
242 82
243 82
244 82
245 82
246 82
247 82
248 82
249 82
250 82
251 82
252 82
253 82
263 82
239 83
240 83
241 83
242 83
243 83
244 83
245 83
246 83
247 83
248 83
249 83
250 83
251 83
252 83
253 83
238 84
239 84
240 84
241 84
242 84
243 84
244 84
245 84
246 84
247 84
248 84
249 84
250 84
251 84
252 84
253 84
254 84
238 85
239 85
240 85
241 85
242 85
243 85
244 85
245 85
247 85
248 85
249 85
250 85
251 85
252 85
253 85
254 85
237 86
238 86
239 86
240 86
241 86
242 86
243 86
249 86
250 86
251 86
252 86
253 86
254 86
236 87
237 87
238 87
239 87
240 87
241 87
250 87
251 87
252 87
253 87
254 87
235 88
236 88
237 88
238 88
239 88
240 88
250 88
251 88
252 88
253 88
254 88
234 89
235 89
236 89
237 89
238 89
239 89
250 89
251 89
252 89
253 89
254 89
232 90
233 90
234 90
235 90
236 90
237 90
250 90
251 90
252 90
253 90
254 90
232 91
233 91
234 91
235 91
236 91
250 91
251 91
252 91
253 91
231 92
232 92
233 92
234 92
248 92
249 92
250 92
251 92
230 93
231 93
232 93
233 93
248 93
249 93
250 93
251 93
228 94
229 94
230 94
231 94
232 94
248 94
249 94
250 94
251 94
228 95
229 95
230 95
231 95
232 95
248 95
249 95
250 95
251 95
252 95
227 96
228 96
229 96
230 96
231 96
249 96
250 96
251 96
252 96
227 97
228 97
229 97
230 97
250 97
251 97
252 97
251 98
252 98

FRAME 153
251 61
252 61
253 61
250 62
251 62
252 62
253 62
254 62
250 63
251 63
252 63
253 63
254 63
249 64
250 64
251 64
252 64
253 64
254 64
249 65
250 65
251 65
252 65
253 65
254 65
248 66
249 66
250 66
251 66
252 66
253 66
254 66
246 67
247 67
248 67
249 67
250 67
251 67
252 67
253 67
254 67
244 68
245 68
246 68
247 68
248 68
249 68
250 68
251 68
252 68
253 68
254 68
242 69
243 69
244 69
245 69
246 69
247 69
248 69
249 69
250 69
251 69
252 69
253 69
254 69
255 69
241 70
242 70
243 70
244 70
245 70
246 70
247 70
248 70
249 70
250 70
251 70
252 70
253 70
254 70
255 70
256 70
240 71
241 71
242 71
243 71
244 71
245 71
246 71
247 71
248 71
249 71
250 71
251 71
252 71
253 71
254 71
255 71
256 71
257 71
239 72
240 72
241 72
242 72
243 72
244 72
245 72
246 72
247 72
248 72
249 72
250 72
251 72
252 72
253 72
254 72
255 72
256 72
257 72
258 72
238 73
239 73
240 73
241 73
242 73
243 73
244 73
245 73
246 73
247 73
248 73
249 73
250 73
251 73
252 73
253 73
254 73
255 73
256 73
257 73
258 73
237 74
238 74
239 74
240 74
241 74
242 74
243 74
244 74
245 74
246 74
247 74
248 74
249 74
250 74
251 74
252 74
253 74
254 74
255 74
256 74
257 74
258 74
259 74
260 74
236 75
237 75
238 75
239 75
240 75
241 75
242 75
243 75
244 75
245 75
246 75
247 75
248 75
249 75
250 75
251 75
252 75
253 75
254 75
255 75
257 75
258 75
259 75
260 75
261 75
235 76
236 76
237 76
238 76
242 76
243 76
244 76
245 76
246 76
247 76
248 76
249 76
250 76
251 76
252 76
253 76
258 76
259 76
260 76
261 76
262 76
233 77
234 77
235 77
236 77
237 77
242 77
243 77
244 77
245 77
246 77
247 77
248 77
249 77
250 77
251 77
252 77
253 77
260 77
261 77
262 77
263 77
233 78
234 78
235 78
236 78
242 78
243 78
244 78
245 78
246 78
247 78
248 78
249 78
250 78
251 78
252 78
253 78
261 78
262 78
263 78
264 78
231 79
232 79
233 79
234 79
241 79
242 79
243 79
244 79
245 79
246 79
247 79
248 79
249 79
250 79
251 79
252 79
253 79
262 79
263 79
264 79
265 79
266 79
230 80
231 80
232 80
233 80
241 80
242 80
243 80
244 80
245 80
246 80
247 80
248 80
249 80
250 80
251 80
252 80
253 80
254 80
264 80
265 80
266 80
229 81
230 81
231 81
241 81
242 81
243 81
244 81
245 81
246 81
247 81
248 81
249 81
250 81
251 81
252 81
253 81
254 81
265 81
266 81
226 82
227 82
228 82
229 82
240 82
241 82
242 82
243 82
244 82
245 82
246 82
247 82
248 82
249 82
250 82
251 82
252 82
253 82
254 82
227 83
228 83
239 83
240 83
241 83
242 83
243 83
244 83
245 83
246 83
247 83
248 83
249 83
250 83
251 83
252 83
253 83
254 83
255 83
225 84
226 84
239 84
240 84
241 84
242 84
243 84
244 84
245 84
246 84
247 84
248 84
249 84
250 84
251 84
252 84
253 84
254 84
255 84
238 85
239 85
240 85
241 85
242 85
243 85
244 85
250 85
251 85
252 85
253 85
254 85
255 85
256 85
236 86
237 86
238 86
239 86
240 86
241 86
242 86
251 86
252 86
253 86
254 86
255 86
256 86
235 87
236 87
237 87
238 87
239 87
240 87
241 87
251 87
252 87
253 87
254 87
255 87
256 87
234 88
235 88
236 88
237 88
238 88
239 88
251 88
252 88
253 88
254 88
255 88
256 88
233 89
234 89
235 89
236 89
237 89
238 89
251 89
252 89
253 89
254 89
255 89
256 89
232 90
233 90
234 90
235 90
236 90
237 90
250 90
251 90
252 90
253 90
254 90
255 90
231 91
232 91
233 91
234 91
235 91
249 91
250 91
251 91
252 91
253 91
254 91
230 92
231 92
232 92
233 92
248 92
249 92
250 92
251 92
252 92
229 93
230 93
231 93
232 93
248 93
249 93
250 93
251 93
228 94
229 94
230 94
231 94
232 94
248 94
249 94
250 94
251 94
227 95
228 95
229 95
230 95
231 95
248 95
249 95
250 95
251 95
252 95
227 96
228 96
229 96
230 96
249 96
250 96
251 96
252 96
227 97
228 97
229 97
250 97
251 97
252 97
251 98

FRAME 154
252 61
253 61
254 61
255 61
251 62
252 62
253 62
254 62
255 62
251 63
252 63
253 63
254 63
255 63
251 64
252 64
253 64
254 64
255 64
250 65
251 65
252 65
253 65
254 65
255 65
248 66
249 66
250 66
251 66
252 66
253 66
254 66
255 66
246 67
247 67
248 67
249 67
250 67
251 67
252 67
253 67
254 67
255 67
245 68
246 68
247 68
248 68
249 68
250 68
251 68
252 68
253 68
254 68
255 68
256 68
243 69
244 69
245 69
246 69
247 69
248 69
249 69
250 69
251 69
252 69
253 69
254 69
255 69
256 69
257 69
242 70
243 70
244 70
245 70
246 70
247 70
248 70
249 70
250 70
251 70
252 70
253 70
254 70
255 70
256 70
257 70
258 70
241 71
242 71
243 71
244 71
245 71
246 71
247 71
248 71
249 71
250 71
251 71
252 71
253 71
254 71
255 71
256 71
257 71
258 71
240 72
241 72
242 72
243 72
244 72
245 72
246 72
247 72
248 72
249 72
250 72
251 72
252 72
253 72
254 72
255 72
256 72
257 72
258 72
259 72
239 73
240 73
241 73
242 73
243 73
244 73
245 73
246 73
247 73
248 73
249 73
250 73
251 73
252 73
253 73
254 73
255 73
256 73
257 73
258 73
259 73
260 73
238 74
239 74
240 74
241 74
242 74
243 74
244 74
245 74
246 74
247 74
248 74
249 74
250 74
251 74
252 74
253 74
254 74
255 74
256 74
257 74
258 74
259 74
260 74
261 74
237 75
238 75
239 75
240 75
241 75
242 75
243 75
244 75
245 75
246 75
247 75
248 75
249 75
250 75
251 75
252 75
253 75
254 75
258 75
259 75
260 75
261 75
262 75
236 76
237 76
238 76
239 76
242 76
243 76
244 76
245 76
246 76
247 76
248 76
249 76
250 76
251 76
252 76
253 76
254 76
260 76
261 76
262 76
263 76
235 77
236 77
237 77
238 77
243 77
244 77
245 77
246 77
247 77
248 77
249 77
250 77
251 77
252 77
253 77
254 77
261 77
262 77
263 77
264 77
265 77
233 78
234 78
235 78
236 78
242 78
243 78
244 78
245 78
246 78
247 78
248 78
249 78
250 78
251 78
252 78
253 78
254 78
262 78
263 78
264 78
265 78
266 78
232 79
233 79
234 79
235 79
242 79
243 79
244 79
245 79
246 79
247 79
248 79
249 79
250 79
251 79
252 79
253 79
254 79
264 79
265 79
266 79
267 79
231 80
232 80
233 80
234 80
242 80
243 80
244 80
245 80
246 80
247 80
248 80
249 80
250 80
251 80
252 80
253 80
254 80
265 80
266 80
267 80
230 81
231 81
232 81
233 81
241 81
242 81
243 81
244 81
245 81
246 81
247 81
248 81
249 81
250 81
251 81
252 81
253 81
254 81
266 81
267 81
228 82
229 82
230 82
231 82
241 82
242 82
243 82
244 82
245 82
246 82
247 82
248 82
249 82
250 82
251 82
252 82
253 82
254 82
255 82
226 83
227 83
228 83
229 83
240 83
241 83
242 83
243 83
244 83
245 83
246 83
247 83
248 83
249 83
250 83
251 83
252 83
253 83
254 83
255 83
226 84
227 84
228 84
239 84
240 84
241 84
242 84
243 84
244 84
245 84
246 84
247 84
249 84
250 84
251 84
252 84
253 84
254 84
255 84
256 84
226 85
227 85
238 85
239 85
240 85
241 85
242 85
243 85
244 85
251 85
252 85
253 85
254 85
255 85
256 85
237 86
238 86
239 86
240 86
241 86
242 86
243 86
252 86
253 86
254 86
255 86
256 86
236 87
237 87
238 87
239 87
240 87
241 87
252 87
253 87
254 87
255 87
256 87
257 87
234 88
235 88
236 88
237 88
238 88
239 88
240 88
252 88
253 88
254 88
255 88
256 88
257 88
233 89
234 89
235 89
236 89
237 89
238 89
252 89
253 89
254 89
255 89
256 89
257 89
232 90
233 90
234 90
235 90
236 90
237 90
251 90
252 90
253 90
254 90
255 90
256 90
231 91
232 91
233 91
234 91
235 91
249 91
250 91
251 91
252 91
253 91
254 91
230 92
231 92
232 92
233 92
248 92
249 92
250 92
251 92
252 92
229 93
230 93
231 93
232 93
248 93
249 93
250 93
251 93
228 94
229 94
230 94
231 94
232 94
248 94
249 94
250 94
251 94
228 95
229 95
230 95
231 95
248 95
249 95
250 95
251 95
252 95
227 96
228 96
229 96
230 96
249 96
250 96
251 96
252 96
228 97
229 97
250 97
251 97
252 97
251 98

FRAME 155
255 60
256 60
257 60
254 61
255 61
256 61
257 61
258 61
254 62
255 62
256 62
257 62
258 62
254 63
255 63
256 63
257 63
258 63
253 64
254 64
255 64
256 64
257 64
258 64
252 65
253 65
254 65
255 65
256 65
257 65
258 65
250 66
251 66
252 66
253 66
254 66
255 66
256 66
257 66
258 66
248 67
249 67
250 67
251 67
252 67
253 67
254 67
255 67
256 67
257 67
258 67
247 68
248 68
249 68
250 68
251 68
252 68
253 68
254 68
255 68
256 68
257 68
258 68
259 68
245 69
246 69
247 69
248 69
249 69
250 69
251 69
252 69
253 69
254 69
255 69
256 69
257 69
258 69
259 69
260 69
244 70
245 70
246 70
247 70
248 70
249 70
250 70
251 70
252 70
253 70
254 70
255 70
256 70
257 70
258 70
259 70
260 70
261 70
243 71
244 71
245 71
246 71
247 71
248 71
249 71
250 71
251 71
252 71
253 71
254 71
255 71
256 71
257 71
258 71
259 71
260 71
261 71
242 72
243 72
244 72
245 72
246 72
247 72
248 72
249 72
250 72
251 72
252 72
253 72
254 72
255 72
256 72
257 72
258 72
259 72
260 72
261 72
241 73
242 73
243 73
244 73
245 73
246 73
247 73
248 73
249 73
250 73
251 73
252 73
253 73
254 73
255 73
256 73
257 73
258 73
259 73
260 73
261 73
262 73
240 74
241 74
242 74
243 74
244 74
245 74
246 74
247 74
248 74
249 74
250 74
251 74
252 74
253 74
254 74
255 74
256 74
260 74
261 74
262 74
263 74
240 75
241 75
242 75
243 75
244 75
245 75
246 75
247 75
248 75
249 75
250 75
251 75
252 75
253 75
254 75
255 75
261 75
262 75
263 75
264 75
238 76
239 76
240 76
241 76
242 76
244 76
245 76
246 76
247 76
248 76
249 76
250 76
251 76
252 76
253 76
254 76
255 76
262 76
263 76
264 76
265 76
266 76
238 77
239 77
240 77
244 77
245 77
246 77
247 77
248 77
249 77
250 77
251 77
252 77
253 77
254 77
255 77
263 77
264 77
265 77
266 77
267 77
236 78
237 78
238 78
239 78
244 78
245 78
246 78
247 78
248 78
249 78
250 78
251 78
252 78
253 78
254 78
255 78
265 78
266 78
267 78
268 78
235 79
236 79
237 79
238 79
243 79
244 79
245 79
246 79
247 79
248 79
249 79
250 79
251 79
252 79
253 79
254 79
255 79
266 79
267 79
268 79
269 79
234 80
235 80
236 80
237 80
243 80
244 80
245 80
246 80
247 80
248 80
249 80
250 80
251 80
252 80
253 80
254 80
255 80
267 80
268 80
269 80
233 81
234 81
235 81
236 81
242 81
243 81
244 81
245 81
246 81
247 81
248 81
249 81
250 81
251 81
252 81
253 81
254 81
255 81
256 81
232 82
233 82
234 82
242 82
243 82
244 82
245 82
246 82
247 82
248 82
249 82
250 82
251 82
252 82
253 82
254 82
255 82
256 82
231 83
232 83
233 83
241 83
242 83
243 83
244 83
245 83
246 83
247 83
248 83
249 83
250 83
251 83
252 83
253 83
254 83
255 83
256 83
230 84
231 84
241 84
242 84
243 84
244 84
245 84
246 84
251 84
252 84
253 84
254 84
255 84
256 84
240 85
241 85
242 85
243 85
244 85
245 85
252 85
253 85
254 85
255 85
256 85
257 85
238 86
239 86
240 86
241 86
242 86
243 86
244 86
252 86
253 86
254 86
255 86
256 86
257 86
237 87
238 87
239 87
240 87
241 87
242 87
243 87
253 87
254 87
255 87
256 87
257 87
236 88
237 88
238 88
239 88
240 88
241 88
253 88
254 88
255 88
256 88
257 88
234 89
235 89
236 89
237 89
238 89
239 89
240 89
252 89
253 89
254 89
255 89
256 89
257 89
233 90
234 90
235 90
236 90
237 90
251 90
252 90
253 90
254 90
255 90
256 90
257 90
232 91
233 91
234 91
235 91
250 91
251 91
252 91
253 91
254 91
255 91
256 91
231 92
232 92
233 92
234 92
248 92
249 92
250 92
251 92
252 92
253 92
254 92
230 93
231 93
232 93
233 93
247 93
248 93
249 93
250 93
251 93
229 94
230 94
231 94
232 94
233 94
247 94
248 94
249 94
250 94
251 94
229 95
230 95
231 95
232 95
247 95
248 95
249 95
250 95
251 95
229 96
230 96
231 96
248 96
249 96
250 96
251 96
229 97
230 97
231 97
248 97
249 97
250 97
251 97
249 98
250 98
251 98

FRAME 156
257 60
258 60
259 60
260 60
257 61
258 61
259 61
260 61
261 61
257 62
258 62
259 62
260 62
261 62
256 63
257 63
258 63
259 63
260 63
261 63
256 64
257 64
258 64
259 64
260 64
254 65
255 65
256 65
257 65
258 65
259 65
260 65
252 66
253 66
254 66
255 66
256 66
257 66
258 66
259 66
260 66
250 67
251 67
252 67
253 67
254 67
255 67
256 67
257 67
258 67
259 67
260 67
261 67
249 68
250 68
251 68
252 68
253 68
254 68
255 68
256 68
257 68
258 68
259 68
260 68
261 68
248 69
249 69
250 69
251 69
252 69
253 69
254 69
255 69
256 69
257 69
258 69
259 69
260 69
261 69
262 69
247 70
248 70
249 70
250 70
251 70
252 70
253 70
254 70
255 70
256 70
257 70
258 70
259 70
260 70
261 70
262 70
246 71
247 71
248 71
249 71
250 71
251 71
252 71
253 71
254 71
255 71
256 71
257 71
258 71
259 71
260 71
261 71
262 71
263 71
245 72
246 72
247 72
248 72
249 72
250 72
251 72
252 72
253 72
254 72
255 72
256 72
257 72
258 72
259 72
260 72
261 72
262 72
263 72
244 73
245 73
246 73
247 73
248 73
249 73
250 73
251 73
252 73
253 73
254 73
255 73
256 73
257 73
258 73
259 73
260 73
261 73
262 73
263 73
264 73
243 74
244 74
245 74
246 74
247 74
248 74
249 74
250 74
251 74
252 74
253 74
254 74
255 74
256 74
257 74
258 74
262 74
263 74
264 74
265 74
243 75
244 75
245 75
246 75
247 75
248 75
249 75
250 75
251 75
252 75
253 75
254 75
255 75
256 75
257 75
263 75
264 75
265 75
266 75
242 76
243 76
244 76
245 76
246 76
247 76
248 76
249 76
250 76
251 76
252 76
253 76
254 76
255 76
256 76
257 76
263 76
264 76
265 76
266 76
267 76
241 77
242 77
243 77
244 77
245 77
246 77
247 77
248 77
249 77
250 77
251 77
252 77
253 77
254 77
255 77
256 77
264 77
265 77
266 77
267 77
268 77
240 78
241 78
242 78
244 78
245 78
246 78
247 78
248 78
249 78
250 78
251 78
252 78
253 78
254 78
255 78
256 78
265 78
266 78
267 78
268 78
269 78
239 79
240 79
241 79
242 79
245 79
246 79
247 79
248 79
249 79
250 79
251 79
252 79
253 79
254 79
255 79
256 79
267 79
268 79
269 79
238 80
239 80
240 80
241 80
245 80
246 80
247 80
248 80
249 80
250 80
251 80
252 80
253 80
254 80
255 80
256 80
236 81
237 81
238 81
239 81
244 81
245 81
246 81
247 81
248 81
249 81
250 81
251 81
252 81
253 81
254 81
255 81
256 81
257 81
236 82
237 82
238 82
244 82
245 82
246 82
247 82
248 82
249 82
250 82
251 82
252 82
253 82
254 82
255 82
256 82
257 82
235 83
236 83
244 83
245 83
246 83
247 83
248 83
249 83
250 83
251 83
252 83
253 83
254 83
255 83
256 83
257 83
233 84
234 84
235 84
236 84
243 84
244 84
245 84
246 84
247 84
248 84
252 84
253 84
254 84
255 84
256 84
257 84
233 85
234 85
235 85
242 85
243 85
244 85
245 85
246 85
247 85
252 85
253 85
254 85
255 85
256 85
257 85
232 86
233 86
234 86
241 86
242 86
243 86
244 86
245 86
246 86
253 86
254 86
255 86
256 86
257 86
240 87
241 87
242 87
243 87
244 87
245 87
246 87
253 87
254 87
255 87
256 87
257 87
238 88
239 88
240 88
241 88
242 88
243 88
244 88
245 88
253 88
254 88
255 88
256 88
257 88
236 89
237 89
238 89
239 89
240 89
241 89
242 89
243 89
244 89
252 89
253 89
254 89
255 89
256 89
257 89
234 90
235 90
236 90
237 90
238 90
239 90
240 90
241 90
251 90
252 90
253 90
254 90
255 90
256 90
257 90
233 91
234 91
235 91
236 91
237 91
238 91
249 91
250 91
251 91
252 91
253 91
254 91
255 91
256 91
233 92
234 92
235 92
236 92
248 92
249 92
250 92
251 92
252 92
253 92
254 92
233 93
234 93
235 93
246 93
247 93
248 93
249 93
250 93
251 93
252 93
232 94
233 94
234 94
235 94
246 94
247 94
248 94
249 94
250 94
232 95
233 95
234 95
246 95
247 95
248 95
249 95
250 95
232 96
233 96
234 96
246 96
247 96
248 96
249 96
250 96
233 97
247 97
248 97
249 97
250 97
248 98
249 98
250 98

FRAME 157
259 60
260 60
261 60
258 61
259 61
260 61
261 61
262 61
258 62
259 62
260 62
261 62
262 62
258 63
259 63
260 63
261 63
262 63
257 64
258 64
259 64
260 64
261 64
262 64
256 65
257 65
258 65
259 65
260 65
261 65
253 66
254 66
255 66
256 66
257 66
258 66
259 66
260 66
261 66
251 67
252 67
253 67
254 67
255 67
256 67
257 67
258 67
259 67
260 67
261 67
262 67
250 68
251 68
252 68
253 68
254 68
255 68
256 68
257 68
258 68
259 68
260 68
261 68
262 68
249 69
250 69
251 69
252 69
253 69
254 69
255 69
256 69
257 69
258 69
259 69
260 69
261 69
262 69
263 69
248 70
249 70
250 70
251 70
252 70
253 70
254 70
255 70
256 70
257 70
258 70
259 70
260 70
261 70
262 70
263 70
247 71
248 71
249 71
250 71
251 71
252 71
253 71
254 71
255 71
256 71
257 71
258 71
259 71
260 71
261 71
262 71
263 71
264 71
246 72
247 72
248 72
249 72
250 72
251 72
252 72
253 72
254 72
255 72
256 72
257 72
258 72
259 72
260 72
261 72
262 72
263 72
264 72
246 73
247 73
248 73
249 73
250 73
251 73
252 73
253 73
254 73
255 73
256 73
257 73
258 73
259 73
260 73
261 73
262 73
263 73
264 73
265 73
245 74
246 74
247 74
248 74
249 74
250 74
251 74
252 74
253 74
254 74
255 74
256 74
257 74
258 74
259 74
262 74
263 74
264 74
265 74
266 74
245 75
246 75
247 75
248 75
249 75
250 75
251 75
252 75
253 75
254 75
255 75
256 75
257 75
258 75
263 75
264 75
265 75
266 75
267 75
244 76
245 76
246 76
247 76
248 76
249 76
250 76
251 76
252 76
253 76
254 76
255 76
256 76
257 76
258 76
264 76
265 76
266 76
267 76
268 76
243 77
244 77
245 77
246 77
247 77
248 77
249 77
250 77
251 77
252 77
253 77
254 77
255 77
256 77
257 77
265 77
266 77
267 77
268 77
269 77
243 78
244 78
245 78
246 78
247 78
248 78
249 78
250 78
251 78
252 78
253 78
254 78
255 78
256 78
257 78
266 78
267 78
268 78
269 78
241 79
242 79
243 79
244 79
245 79
246 79
247 79
248 79
249 79
250 79
251 79
252 79
253 79
254 79
255 79
256 79
257 79
240 80
241 80
242 80
243 80
244 80
245 80
246 80
247 80
248 80
249 80
250 80
251 80
252 80
253 80
254 80
255 80
256 80
257 80
239 81
240 81
241 81
242 81
245 81
246 81
247 81
248 81
249 81
250 81
251 81
252 81
253 81
254 81
255 81
256 81
257 81
238 82
239 82
240 82
241 82
245 82
246 82
247 82
248 82
249 82
250 82
251 82
252 82
253 82
254 82
255 82
256 82
257 82
237 83
238 83
239 83
240 83
245 83
246 83
247 83
248 83
249 83
250 83
251 83
252 83
253 83
254 83
255 83
256 83
257 83
237 84
238 84
239 84
244 84
245 84
246 84
247 84
248 84
249 84
250 84
251 84
252 84
253 84
254 84
255 84
256 84
257 84
236 85
243 85
244 85
245 85
246 85
247 85
248 85
249 85
252 85
253 85
254 85
255 85
256 85
257 85
242 86
243 86
244 86
245 86
246 86
247 86
248 86
253 86
254 86
255 86
256 86
257 86
240 87
241 87
242 87
243 87
244 87
245 87
246 87
247 87
253 87
254 87
255 87
256 87
257 87
239 88
240 88
241 88
242 88
243 88
244 88
245 88
246 88
253 88
254 88
255 88
256 88
257 88
236 89
237 89
238 89
239 89
240 89
241 89
242 89
243 89
244 89
245 89
252 89
253 89
254 89
255 89
256 89
257 89
236 90
237 90
238 90
239 90
240 90
241 90
242 90
243 90
251 90
252 90
253 90
254 90
255 90
256 90
235 91
236 91
237 91
238 91
239 91
250 91
251 91
252 91
253 91
254 91
255 91
256 91
235 92
236 92
237 92
238 92
248 92
249 92
250 92
251 92
252 92
253 92
254 92
234 93
235 93
236 93
237 93
246 93
247 93
248 93
249 93
250 93
251 93
252 93
234 94
235 94
236 94
246 94
247 94
248 94
249 94
250 94
234 95
235 95
236 95
246 95
247 95
248 95
249 95
250 95
234 96
235 96
246 96
247 96
248 96
249 96
250 96
247 97
248 97
249 97
250 97
248 98
249 98
250 98

FRAME 158
402 262
403 262
404 262
405 262
401 263
402 263
403 263
404 263
405 263
406 263
400 264
401 264
402 264
403 264
404 264
405 264
406 264
407 264
400 265
401 265
402 265
403 265
404 265
405 265
406 265
407 265
414 265
415 265
416 265
417 265
400 266
401 266
402 266
403 266
404 266
405 266
406 266
407 266
412 266
413 266
414 266
415 266
416 266
417 266
418 266
400 267
401 267
402 267
403 267
404 267
405 267
406 267
407 267
412 267
413 267
414 267
415 267
416 267
417 267
418 267
419 267
400 268
401 268
402 268
403 268
404 268
405 268
406 268
407 268
411 268
412 268
413 268
414 268
415 268
416 268
417 268
418 268
419 268
400 269
401 269
402 269
403 269
404 269
405 269
406 269
407 269
411 269
412 269
413 269
414 269
415 269
416 269
417 269
418 269
419 269
420 269
401 270
402 270
403 270
404 270
405 270
406 270
407 270
411 270
412 270
413 270
414 270
415 270
416 270
417 270
418 270
419 270
420 270
400 271
401 271
402 271
403 271
404 271
405 271
406 271
407 271
410 271
411 271
412 271
413 271
414 271
415 271
416 271
417 271
418 271
419 271
420 271
399 272
400 272
401 272
402 272
403 272
404 272
405 272
406 272
407 272
410 272
411 272
412 272
413 272
414 272
415 272
416 272
417 272
418 272
419 272
420 272
398 273
399 273
400 273
401 273
402 273
403 273
404 273
405 273
406 273
407 273
410 273
411 273
412 273
413 273
414 273
415 273
416 273
417 273
418 273
419 273
397 274
398 274
399 274
400 274
401 274
402 274
403 274
404 274
405 274
406 274
407 274
408 274
409 274
410 274
411 274
412 274
413 274
414 274
415 274
416 274
417 274
418 274
419 274
397 275
398 275
399 275
400 275
401 275
402 275
403 275
404 275
405 275
406 275
407 275
408 275
409 275
410 275
411 275
412 275
413 275
414 275
415 275
416 275
417 275
418 275
419 275
396 276
397 276
398 276
399 276
400 276
401 276
402 276
403 276
404 276
405 276
406 276
407 276
408 276
409 276
410 276
411 276
412 276
413 276
414 276
415 276
416 276
417 276
418 276
419 276
396 277
397 277
398 277
399 277
400 277
401 277
402 277
403 277
404 277
405 277
406 277
407 277
408 277
409 277
410 277
411 277
412 277
413 277
414 277
415 277
416 277
417 277
418 277
419 277
396 278
397 278
398 278
399 278
400 278
401 278
402 278
403 278
404 278
405 278
406 278
407 278
408 278
409 278
410 278
411 278
412 278
413 278
414 278
415 278
416 278
417 278
418 278
396 279
397 279
398 279
399 279
400 279
401 279
402 279
403 279
404 279
405 279
406 279
407 279
408 279
409 279
410 279
411 279
412 279
413 279
414 279
415 279
416 279
417 279
418 279
396 280
397 280
398 280
399 280
400 280
401 280
402 280
403 280
404 280
405 280
406 280
407 280
408 280
409 280
410 280
411 280
412 280
413 280
414 280
415 280
416 280
417 280
418 280
396 281
397 281
398 281
399 281
400 281
401 281
402 281
403 281
404 281
405 281
406 281
407 281
408 281
409 281
410 281
411 281
412 281
413 281
414 281
415 281
416 281
417 281
418 281
396 282
397 282
398 282
399 282
400 282
401 282
402 282
403 282
404 282
405 282
406 282
407 282
408 282
409 282
410 282
411 282
412 282
413 282
414 282
415 282
416 282
417 282
418 282
396 283
397 283
398 283
399 283
400 283
401 283
402 283
403 283
404 283
405 283
406 283
407 283
408 283
409 283
410 283
411 283
412 283
413 283
414 283
415 283
416 283
417 283
418 283
396 284
397 284
398 284
399 284
400 284
401 284
402 284
403 284
404 284
405 284
406 284
407 284
408 284
409 284
410 284
411 284
412 284
413 284
414 284
415 284
416 284
417 284
418 284
396 285
397 285
398 285
399 285
400 285
401 285
402 285
403 285
404 285
405 285
406 285
407 285
408 285
409 285
410 285
411 285
412 285
413 285
414 285
415 285
416 285
417 285
418 285
396 286
397 286
398 286
399 286
400 286
401 286
402 286
403 286
404 286
405 286
406 286
407 286
408 286
409 286
410 286
411 286
412 286
413 286
414 286
415 286
416 286
417 286
418 286
396 287
397 287
398 287
399 287
400 287
401 287
402 287
403 287
404 287
405 287
406 287
407 287
408 287
409 287
410 287
411 287
412 287
413 287
414 287
415 287
416 287
417 287
418 287
395 288
396 288
397 288
398 288
399 288
400 288
401 288
402 288
403 288
404 288
405 288
406 288
407 288
408 288
409 288
410 288
411 288
412 288
413 288
414 288
415 288
416 288
417 288
395 289
396 289
397 289
398 289
399 289
400 289
401 289
402 289
403 289
404 289
405 289
406 289
407 289
408 289
409 289
410 289
411 289
412 289
413 289
414 289
415 289
416 289
417 289
395 290
396 290
397 290
398 290
399 290
400 290
401 290
402 290
403 290
404 290
405 290
406 290
407 290
408 290
409 290
410 290
411 290
412 290
413 290
414 290
415 290
416 290
417 290
395 291
396 291
397 291
398 291
399 291
400 291
401 291
402 291
403 291
404 291
405 291
406 291
407 291
408 291
409 291
410 291
411 291
412 291
413 291
414 291
415 291
416 291
395 292
396 292
397 292
398 292
399 292
400 292
401 292
402 292
403 292
404 292
405 292
406 292
407 292
394 293
395 293
396 293
397 293
398 293
399 293
400 293
401 293
402 293
403 293
404 293
405 293
406 293
394 294
395 294
396 294
397 294
398 294
399 294
400 294
401 294
402 294
403 294
404 294
405 294
406 294
394 295
395 295
396 295
397 295
398 295
399 295
400 295
401 295
402 295
403 295
404 295
405 295
406 295
394 296
395 296
396 296
397 296
398 296
399 296
400 296
401 296
402 296
403 296
404 296
405 296
406 296
394 297
395 297
396 297
397 297
398 297
399 297
400 297
401 297
402 297
403 297
404 297
405 297
406 297
407 297
394 298
395 298
396 298
397 298
398 298
399 298
400 298
401 298
402 298
403 298
404 298
405 298
406 298
407 298
408 298
394 299
395 299
396 299
397 299
398 299
399 299
400 299
401 299
402 299
403 299
404 299
405 299
406 299
407 299
408 299
394 300
395 300
396 300
397 300
398 300
399 300
400 300
401 300
402 300
403 300
404 300
405 300
406 300
407 300
408 300
409 300
395 301
396 301
397 301
398 301
399 301
400 301
401 301
402 301
403 301
404 301
405 301
406 301
407 301
408 301
409 301
410 301
396 302
397 302
398 302
399 302
400 302
401 302
402 302
403 302
404 302
405 302
406 302
407 302
408 302
409 302
410 302
411 302
397 303
398 303
399 303
400 303
401 303
402 303
403 303
404 303
405 303
406 303
407 303
408 303
409 303
410 303
411 303
399 304
400 304
401 304
402 304
403 304
404 304
405 304
406 304
407 304
408 304
409 304
410 304
411 304
412 304
400 305
401 305
402 305
403 305
404 305
405 305
406 305
407 305
408 305
409 305
410 305
411 305
412 305
413 305
401 306
402 306
403 306
404 306
405 306
406 306
407 306
408 306
409 306
410 306
411 306
412 306
413 306
402 307
403 307
404 307
405 307
406 307
407 307
408 307
409 307
410 307
411 307
412 307
413 307
414 307
403 308
404 308
405 308
406 308
407 308
408 308
409 308
410 308
411 308
412 308
413 308
414 308
415 308
403 309
404 309
405 309
406 309
407 309
408 309
409 309
410 309
411 309
412 309
413 309
414 309
415 309
403 310
404 310
405 310
406 310
407 310
408 310
409 310
410 310
411 310
412 310
413 310
414 310
415 310
416 310
403 311
404 311
405 311
406 311
407 311
408 311
409 311
410 311
411 311
412 311
413 311
414 311
415 311
416 311
403 312
404 312
405 312
406 312
407 312
408 312
409 312
410 312
411 312
412 312
413 312
414 312
415 312
403 313
404 313
405 313
406 313
407 313
408 313
409 313
410 313
411 313
412 313
413 313
414 313
415 313
403 314
404 314
405 314
406 314
407 314
408 314
409 314
410 314
411 314
412 314
413 314
414 314
415 314
403 315
404 315
405 315
406 315
407 315
408 315
409 315
410 315
411 315
412 315
413 315
414 315
415 315
403 316
404 316
405 316
406 316
407 316
408 316
409 316
410 316
411 316
412 316
413 316
414 316
403 317
404 317
405 317
406 317
407 317
408 317
409 317
410 317
411 317
412 317
413 317
414 317
403 318
404 318
405 318
406 318
407 318
408 318
409 318
410 318
411 318
412 318
413 318
414 318
403 319
404 319
405 319
406 319
407 319
408 319
409 319
410 319
411 319
412 319
413 319
402 320
403 320
404 320
405 320
406 320
407 320
408 320
409 320
410 320
411 320
412 320
402 321
403 321
404 321
405 321
406 321
407 321
408 321
409 321
410 321
411 321
412 321
402 322
403 322
404 322
405 322
406 322
407 322
408 322
409 322
410 322
411 322
412 322
403 323
404 323
405 323
406 323
407 323
408 323
409 323
410 323
411 323
404 324
405 324
406 324
407 324
408 324
409 324
410 324
411 324
404 325
405 325
406 325
407 325
408 325
409 325
410 325
411 325
404 326
405 326
406 326
407 326
408 326
409 326
410 326
411 326
404 327
405 327
406 327
407 327
408 327
409 327
410 327
411 327
404 328
405 328
406 328
407 328
408 328
409 328
410 328
411 328
404 329
405 329
406 329
407 329
408 329
409 329
410 329
411 329
404 330
405 330
406 330
407 330
408 330
409 330
410 330
411 330
412 330
413 330
404 331
405 331
406 331
407 331
408 331
409 331
410 331
411 331
412 331
413 331
414 331
404 332
405 332
406 332
407 332
408 332
409 332
410 332
411 332
412 332
413 332
414 332
406 333
407 333
408 333
409 333
410 333
411 333
412 333
413 333

FRAME 159
263 60
264 60
265 60
262 61
263 61
264 61
265 61
266 61
262 62
263 62
264 62
265 62
266 62
262 63
263 63
264 63
265 63
266 63
261 64
262 64
263 64
264 64
265 64
266 64
259 65
260 65
261 65
262 65
263 65
264 65
265 65
266 65
256 66
257 66
258 66
259 66
260 66
261 66
262 66
263 66
264 66
265 66
266 66
255 67
256 67
257 67
258 67
259 67
260 67
261 67
262 67
263 67
264 67
265 67
266 67
253 68
254 68
255 68
256 68
257 68
258 68
259 68
260 68
261 68
262 68
263 68
264 68
265 68
266 68
267 68
252 69
253 69
254 69
255 69
256 69
257 69
258 69
259 69
260 69
261 69
262 69
263 69
264 69
265 69
266 69
267 69
252 70
253 70
254 70
255 70
256 70
257 70
258 70
259 70
260 70
261 70
262 70
263 70
264 70
265 70
266 70
267 70
268 70
251 71
252 71
253 71
254 71
255 71
256 71
257 71
258 71
259 71
260 71
261 71
262 71
263 71
264 71
265 71
266 71
267 71
268 71
251 72
252 72
253 72
254 72
255 72
256 72
257 72
258 72
259 72
260 72
261 72
262 72
263 72
264 72
265 72
266 72
267 72
268 72
250 73
251 73
252 73
253 73
254 73
255 73
256 73
257 73
258 73
259 73
260 73
261 73
262 73
263 73
264 73
265 73
266 73
267 73
268 73
250 74
251 74
252 74
253 74
254 74
255 74
256 74
257 74
258 74
259 74
260 74
261 74
262 74
263 74
264 74
267 74
268 74
269 74
250 75
251 75
252 75
253 75
254 75
255 75
256 75
257 75
258 75
259 75
260 75
261 75
262 75
268 75
269 75
250 76
251 76
252 76
253 76
254 76
255 76
256 76
257 76
258 76
259 76
260 76
261 76
268 76
269 76
249 77
250 77
251 77
252 77
253 77
254 77
255 77
256 77
257 77
258 77
259 77
260 77
261 77
249 78
250 78
251 78
252 78
253 78
254 78
255 78
256 78
257 78
258 78
259 78
260 78
261 78
248 79
249 79
250 79
251 79
252 79
253 79
254 79
255 79
256 79
257 79
258 79
259 79
260 79
261 79
248 80
249 80
250 80
251 80
252 80
253 80
254 80
255 80
256 80
257 80
258 80
259 80
260 80
248 81
249 81
250 81
251 81
252 81
253 81
254 81
255 81
256 81
257 81
258 81
259 81
260 81
248 82
249 82
250 82
251 82
252 82
253 82
254 82
255 82
256 82
257 82
258 82
259 82
260 82
247 83
248 83
249 83
250 83
251 83
252 83
253 83
254 83
255 83
256 83
257 83
258 83
259 83
260 83
249 84
250 84
251 84
252 84
253 84
254 84
255 84
256 84
257 84
258 84
259 84
260 84
249 85
250 85
251 85
252 85
253 85
254 85
255 85
256 85
257 85
258 85
259 85
260 85
249 86
250 86
251 86
252 86
253 86
254 86
255 86
256 86
257 86
258 86
259 86
249 87
250 87
251 87
252 87
253 87
254 87
255 87
256 87
257 87
258 87
247 88
248 88
249 88
250 88
251 88
252 88
253 88
254 88
255 88
256 88
257 88
258 88
246 89
247 89
248 89
249 89
250 89
251 89
252 89
253 89
254 89
255 89
256 89
257 89
246 90
247 90
248 90
249 90
250 90
251 90
252 90
253 90
254 90
255 90
256 90
245 91
246 91
247 91
248 91
249 91
250 91
251 91
252 91
253 91
254 91
255 91
245 92
246 92
247 92
248 92
249 92
250 92
251 92
252 92
253 92
245 93
246 93
247 93
248 93
249 93
250 93
251 93
252 93
244 94
245 94
246 94
247 94
248 94
249 94
250 94
244 95
245 95
246 95
247 95
248 95
249 95
245 96
246 96
247 96
248 96
249 96
245 97
246 97
247 97
248 97
249 97
250 97
247 98
248 98
249 98
250 98

FRAME 160
264 60
265 60
266 60
263 61
264 61
265 61
266 61
267 61
263 62
264 62
265 62
266 62
267 62
263 63
264 63
265 63
266 63
267 63
262 64
263 64
264 64
265 64
266 64
267 64
259 65
260 65
261 65
262 65
263 65
264 65
265 65
266 65
267 65
257 66
258 66
259 66
260 66
261 66
262 66
263 66
264 66
265 66
266 66
267 66
255 67
256 67
257 67
258 67
259 67
260 67
261 67
262 67
263 67
264 67
265 67
266 67
267 67
254 68
255 68
256 68
257 68
258 68
259 68
260 68
261 68
262 68
263 68
264 68
265 68
266 68
267 68
268 68
253 69
254 69
255 69
256 69
257 69
258 69
259 69
260 69
261 69
262 69
263 69
264 69
265 69
266 69
267 69
268 69
269 69
252 70
253 70
254 70
255 70
256 70
257 70
258 70
259 70
260 70
261 70
262 70
263 70
264 70
265 70
266 70
267 70
268 70
269 70
252 71
253 71
254 71
255 71
256 71
257 71
258 71
259 71
260 71
261 71
262 71
263 71
264 71
265 71
266 71
267 71
268 71
269 71
251 72
252 72
253 72
254 72
255 72
256 72
257 72
258 72
259 72
260 72
261 72
262 72
263 72
264 72
265 72
266 72
267 72
268 72
269 72
251 73
252 73
253 73
254 73
255 73
256 73
257 73
258 73
259 73
260 73
261 73
262 73
263 73
264 73
265 73
266 73
267 73
268 73
269 73
251 74
252 74
253 74
254 74
255 74
256 74
257 74
258 74
259 74
260 74
261 74
262 74
263 74
264 74
268 74
269 74
270 74
251 75
252 75
253 75
254 75
255 75
256 75
257 75
258 75
259 75
260 75
261 75
262 75
263 75
269 75
270 75
251 76
252 76
253 76
254 76
255 76
256 76
257 76
258 76
259 76
260 76
261 76
262 76
251 77
252 77
253 77
254 77
255 77
256 77
257 77
258 77
259 77
260 77
261 77
262 77
251 78
252 78
253 78
254 78
255 78
256 78
257 78
258 78
259 78
260 78
261 78
262 78
250 79
251 79
252 79
253 79
254 79
255 79
256 79
257 79
258 79
259 79
260 79
261 79
250 80
251 80
252 80
253 80
254 80
255 80
256 80
257 80
258 80
259 80
260 80
261 80
249 81
250 81
251 81
252 81
253 81
254 81
255 81
256 81
257 81
258 81
259 81
260 81
261 81
249 82
250 82
251 82
252 82
253 82
254 82
255 82
256 82
257 82
258 82
259 82
260 82
261 82
249 83
250 83
251 83
252 83
253 83
254 83
255 83
256 83
257 83
258 83
259 83
260 83
261 83
249 84
250 84
251 84
252 84
253 84
254 84
255 84
256 84
257 84
258 84
259 84
260 84
261 84
249 85
250 85
251 85
252 85
253 85
254 85
255 85
256 85
257 85
258 85
259 85
260 85
251 86
252 86
253 86
254 86
255 86
256 86
257 86
258 86
259 86
260 86
250 87
251 87
252 87
253 87
254 87
255 87
256 87
257 87
258 87
259 87
249 88
250 88
251 88
252 88
253 88
254 88
255 88
256 88
257 88
258 88
249 89
250 89
251 89
252 89
253 89
254 89
255 89
256 89
257 89
258 89
248 90
249 90
250 90
251 90
252 90
253 90
254 90
255 90
256 90
257 90
248 91
249 91
250 91
251 91
252 91
253 91
254 91
255 91
256 91
248 92
249 92
250 92
251 92
252 92
253 92
247 93
248 93
249 93
250 93
251 93
247 94
248 94
249 94
250 94
247 95
248 95
249 95
250 95
247 96
248 96
249 96
250 96
247 97
248 97
249 97
250 97
247 98
248 98
249 98
250 98

FRAME 161
265 59
266 59
267 59
268 59
264 60
265 60
266 60
267 60
268 60
264 61
265 61
266 61
267 61
268 61
264 62
265 62
266 62
267 62
268 62
264 63
265 63
266 63
267 63
268 63
262 64
263 64
264 64
265 64
266 64
267 64
268 64
260 65
261 65
262 65
263 65
264 65
265 65
266 65
267 65
268 65
269 65
259 66
260 66
261 66
262 66
263 66
264 66
265 66
266 66
267 66
268 66
269 66
270 66
258 67
259 67
260 67
261 67
262 67
263 67
264 67
265 67
266 67
267 67
268 67
269 67
270 67
256 68
257 68
258 68
259 68
260 68
261 68
262 68
263 68
264 68
265 68
266 68
267 68
268 68
269 68
270 68
271 68
255 69
256 69
257 69
258 69
259 69
260 69
261 69
262 69
263 69
264 69
265 69
266 69
267 69
268 69
269 69
270 69
271 69
255 70
256 70
257 70
258 70
259 70
260 70
261 70
262 70
263 70
264 70
265 70
266 70
267 70
268 70
269 70
270 70
271 70
254 71
255 71
256 71
257 71
258 71
259 71
260 71
261 71
262 71
263 71
264 71
265 71
266 71
267 71
268 71
269 71
270 71
271 71
254 72
255 72
256 72
257 72
258 72
259 72
260 72
261 72
262 72
263 72
264 72
265 72
266 72
267 72
268 72
269 72
270 72
271 72
272 72
254 73
255 73
256 73
257 73
258 73
259 73
260 73
261 73
262 73
263 73
264 73
265 73
266 73
267 73
268 73
269 73
270 73
271 73
272 73
254 74
255 74
256 74
257 74
258 74
259 74
260 74
261 74
262 74
263 74
264 74
265 74
266 74
267 74
269 74
270 74
271 74
272 74
254 75
255 75
256 75
257 75
258 75
259 75
260 75
261 75
262 75
263 75
264 75
265 75
266 75
254 76
255 76
256 76
257 76
258 76
259 76
260 76
261 76
262 76
263 76
264 76
265 76
253 77
254 77
255 77
256 77
257 77
258 77
259 77
260 77
261 77
262 77
263 77
264 77
265 77
253 78
254 78
255 78
256 78
257 78
258 78
259 78
260 78
261 78
262 78
263 78
264 78
265 78
253 79
254 79
255 79
256 79
257 79
258 79
259 79
260 79
261 79
262 79
263 79
264 79
253 80
254 80
255 80
256 80
257 80
258 80
259 80
260 80
261 80
262 80
263 80
264 80
253 81
254 81
255 81
256 81
257 81
258 81
259 81
260 81
261 81
262 81
263 81
264 81
254 82
255 82
256 82
257 82
258 82
259 82
260 82
261 82
262 82
263 82
254 83
255 83
256 83
257 83
258 83
259 83
260 83
261 83
262 83
263 83
254 84
255 84
256 84
257 84
258 84
259 84
260 84
261 84
262 84
263 84
254 85
255 85
256 85
257 85
258 85
259 85
260 85
261 85
262 85
263 85
254 86
255 86
256 86
257 86
258 86
259 86
260 86
261 86
262 86
253 87
254 87
255 87
256 87
257 87
258 87
259 87
260 87
261 87
262 87
253 88
254 88
255 88
256 88
257 88
258 88
259 88
260 88
261 88
252 89
253 89
254 89
255 89
256 89
257 89
258 89
259 89
260 89
251 90
252 90
253 90
254 90
255 90
256 90
257 90
258 90
259 90
250 91
251 91
252 91
253 91
254 91
255 91
256 91
257 91
258 91
248 92
249 92
250 92
251 92
252 92
253 92
254 92
255 92
256 92
257 92
248 93
249 93
250 93
251 93
252 93
253 93
254 93
255 93
256 93
247 94
248 94
249 94
250 94
251 94
252 94
253 94
254 94
255 94
256 94
247 95
248 95
249 95
250 95
251 95
252 95
254 95
255 95
256 95
248 96
249 96
250 96
251 96
254 96
255 96
256 96
248 97
249 97
250 97
251 97
255 97
256 97
248 98
249 98
250 98
255 98
256 98

FRAME 162
267 58
268 58
269 58
266 59
267 59
268 59
269 59
270 59
266 60
267 60
268 60
269 60
270 60
266 61
267 61
268 61
269 61
270 61
265 62
266 62
267 62
268 62
269 62
270 62
265 63
266 63
267 63
268 63
269 63
270 63
263 64
264 64
265 64
266 64
267 64
268 64
269 64
270 64
271 64
262 65
263 65
264 65
265 65
266 65
267 65
268 65
269 65
270 65
271 65
260 66
261 66
262 66
263 66
264 66
265 66
266 66
267 66
268 66
269 66
270 66
271 66
272 66
259 67
260 67
261 67
262 67
263 67
264 67
265 67
266 67
267 67
268 67
269 67
270 67
271 67
272 67
273 67
258 68
259 68
260 68
261 68
262 68
263 68
264 68
265 68
266 68
267 68
268 68
269 68
270 68
271 68
272 68
273 68
258 69
259 69
260 69
261 69
262 69
263 69
264 69
265 69
266 69
267 69
268 69
269 69
270 69
271 69
272 69
273 69
257 70
258 70
259 70
260 70
261 70
262 70
263 70
264 70
265 70
266 70
267 70
268 70
269 70
270 70
271 70
272 70
273 70
274 70
257 71
258 71
259 71
260 71
261 71
262 71
263 71
264 71
265 71
266 71
267 71
268 71
269 71
270 71
271 71
272 71
273 71
274 71
256 72
257 72
258 72
259 72
260 72
261 72
262 72
263 72
264 72
265 72
266 72
267 72
268 72
269 72
270 72
271 72
272 72
273 72
274 72
256 73
257 73
258 73
259 73
260 73
261 73
262 73
263 73
264 73
265 73
266 73
267 73
268 73
269 73
270 73
271 73
272 73
273 73
274 73
256 74
257 74
258 74
259 74
260 74
261 74
262 74
263 74
264 74
265 74
266 74
267 74
268 74
269 74
270 74
271 74
272 74
273 74
274 74
256 75
257 75
258 75
259 75
260 75
261 75
262 75
263 75
264 75
265 75
266 75
267 75
268 75
269 75
256 76
257 76
258 76
259 76
260 76
261 76
262 76
263 76
264 76
265 76
266 76
267 76
268 76
256 77
257 77
258 77
259 77
260 77
261 77
262 77
263 77
264 77
265 77
266 77
267 77
268 77
256 78
257 78
258 78
259 78
260 78
261 78
262 78
263 78
264 78
265 78
266 78
267 78
268 78
256 79
257 79
258 79
259 79
260 79
261 79
262 79
263 79
264 79
265 79
266 79
267 79
268 79
256 80
257 80
258 80
259 80
260 80
261 80
262 80
263 80
264 80
265 80
266 80
267 80
257 81
258 81
259 81
260 81
261 81
262 81
263 81
264 81
265 81
266 81
267 81
257 82
258 82
259 82
260 82
261 82
262 82
263 82
264 82
265 82
266 82
258 83
259 83
260 83
261 83
262 83
263 83
264 83
265 83
266 83
257 84
258 84
259 84
260 84
261 84
262 84
263 84
264 84
265 84
266 84
257 85
258 85
259 85
260 85
261 85
262 85
263 85
264 85
265 85
266 85
256 86
257 86
258 86
259 86
260 86
261 86
262 86
263 86
264 86
265 86
255 87
256 87
257 87
258 87
259 87
260 87
261 87
262 87
263 87
264 87
265 87
254 88
255 88
256 88
257 88
258 88
259 88
260 88
261 88
262 88
263 88
264 88
265 88
253 89
254 89
255 89
256 89
257 89
258 89
259 89
261 89
262 89
263 89
264 89
265 89
252 90
253 90
254 90
255 90
256 90
257 90
261 90
262 90
263 90
264 90
251 91
252 91
253 91
254 91
255 91
261 91
262 91
263 91
264 91
250 92
251 92
252 92
253 92
254 92
262 92
263 92
264 92
250 93
251 93
252 93
253 93
262 93
263 93
249 94
250 94
251 94
252 94
262 94
263 94
249 95
250 95
251 95
252 95
262 95
263 95
249 96
250 96
251 96
261 96
262 96
263 96
264 96
249 97
250 97
251 97
262 97
263 97
264 97
250 98
251 98
262 98
263 98
264 98
262 99
263 99
264 99
263 100
264 100

FRAME 163
267 58
268 58
269 58
270 58
267 59
268 59
269 59
270 59
271 59
267 60
268 60
269 60
270 60
271 60
267 61
268 61
269 61
270 61
271 61
266 62
267 62
268 62
269 62
270 62
271 62
266 63
267 63
268 63
269 63
270 63
271 63
265 64
266 64
267 64
268 64
269 64
270 64
271 64
272 64
263 65
264 65
265 65
266 65
267 65
268 65
269 65
270 65
271 65
272 65
273 65
262 66
263 66
264 66
265 66
266 66
267 66
268 66
269 66
270 66
271 66
272 66
273 66
261 67
262 67
263 67
264 67
265 67
266 67
267 67
268 67
269 67
270 67
271 67
272 67
273 67
274 67
260 68
261 68
262 68
263 68
264 68
265 68
266 68
267 68
268 68
269 68
270 68
271 68
272 68
273 68
274 68
259 69
260 69
261 69
262 69
263 69
264 69
265 69
266 69
267 69
268 69
269 69
270 69
271 69
272 69
273 69
274 69
275 69
259 70
260 70
261 70
262 70
263 70
264 70
265 70
266 70
267 70
268 70
269 70
270 70
271 70
272 70
273 70
274 70
275 70
258 71
259 71
260 71
261 71
262 71
263 71
264 71
265 71
266 71
267 71
268 71
269 71
270 71
271 71
272 71
273 71
274 71
275 71
258 72
259 72
260 72
261 72
262 72
263 72
264 72
265 72
266 72
267 72
268 72
269 72
270 72
271 72
272 72
273 72
274 72
275 72
276 72
258 73
259 73
260 73
261 73
262 73
263 73
264 73
265 73
266 73
267 73
268 73
269 73
270 73
271 73
272 73
273 73
274 73
275 73
276 73
258 74
259 74
260 74
261 74
262 74
263 74
264 74
265 74
266 74
267 74
268 74
269 74
270 74
271 74
272 74
273 74
274 74
275 74
258 75
259 75
260 75
261 75
262 75
263 75
264 75
265 75
266 75
267 75
268 75
269 75
270 75
271 75
258 76
259 76
260 76
261 76
262 76
263 76
264 76
265 76
266 76
267 76
268 76
269 76
270 76
258 77
259 77
260 77
261 77
262 77
263 77
264 77
265 77
266 77
267 77
268 77
269 77
270 77
258 78
259 78
260 78
261 78
262 78
263 78
264 78
265 78
266 78
267 78
268 78
269 78
258 79
259 79
260 79
261 79
262 79
263 79
264 79
265 79
266 79
267 79
268 79
269 79
259 80
260 80
261 80
262 80
263 80
264 80
265 80
266 80
267 80
268 80
269 80
259 81
260 81
261 81
262 81
263 81
264 81
265 81
266 81
267 81
268 81
260 82
261 82
262 82
263 82
264 82
265 82
266 82
267 82
268 82
260 83
261 83
262 83
263 83
264 83
265 83
266 83
267 83
268 83
259 84
260 84
261 84
262 84
263 84
264 84
265 84
266 84
267 84
268 84
259 85
260 85
261 85
262 85
263 85
264 85
265 85
266 85
267 85
268 85
258 86
259 86
260 86
261 86
262 86
263 86
264 86
265 86
266 86
267 86
257 87
258 87
259 87
260 87
261 87
262 87
263 87
264 87
265 87
266 87
267 87
256 88
257 88
258 88
259 88
260 88
261 88
262 88
263 88
264 88
265 88
266 88
267 88
255 89
256 89
257 89
258 89
259 89
264 89
265 89
266 89
267 89
253 90
254 90
255 90
256 90
257 90
264 90
265 90
266 90
267 90
252 91
253 91
254 91
255 91
256 91
264 91
265 91
266 91
251 92
252 92
253 92
254 92
255 92
264 92
265 92
266 92
251 93
252 93
253 93
254 93
264 93
265 93
266 93
251 94
252 94
253 94
264 94
265 94
266 94
250 95
251 95
252 95
253 95
264 95
265 95
266 95
250 96
251 96
252 96
264 96
265 96
266 96
250 97
251 97
252 97
264 97
265 97
266 97
267 97
250 98
251 98
265 98
266 98
267 98
265 99
266 99
267 99
265 100
266 100
267 100
268 100

FRAME 164
420 258
421 258
418 259
419 259
420 259
421 259
422 259
423 259
417 260
418 260
419 260
420 260
421 260
422 260
423 260
424 260
417 261
418 261
419 261
420 261
421 261
422 261
423 261
424 261
434 261
435 261
436 261
417 262
418 262
419 262
420 262
421 262
422 262
423 262
424 262
434 262
435 262
436 262
417 263
418 263
419 263
420 263
421 263
422 263
423 263
424 263
434 263
435 263
436 263
417 264
418 264
419 264
420 264
421 264
422 264
423 264
424 264
433 264
434 264
435 264
436 264
417 265
418 265
419 265
420 265
421 265
422 265
423 265
424 265
433 265
434 265
435 265
436 265
417 266
418 266
419 266
420 266
421 266
422 266
423 266
433 266
434 266
435 266
436 266
417 267
418 267
419 267
420 267
421 267
422 267
423 267
434 267
435 267
436 267
416 268
417 268
418 268
419 268
420 268
421 268
422 268
423 268
433 268
434 268
435 268
436 268
416 269
417 269
418 269
419 269
420 269
421 269
422 269
423 269
433 269
434 269
435 269
436 269
415 270
416 270
417 270
418 270
419 270
420 270
421 270
422 270
423 270
424 270
433 270
434 270
435 270
436 270
414 271
415 271
416 271
417 271
418 271
419 271
420 271
421 271
422 271
423 271
424 271
433 271
434 271
435 271
436 271
414 272
415 272
416 272
417 272
418 272
419 272
420 272
421 272
422 272
423 272
424 272
425 272
433 272
434 272
435 272
436 272
413 273
414 273
415 273
416 273
417 273
418 273
419 273
420 273
421 273
422 273
423 273
424 273
425 273
426 273
433 273
434 273
435 273
436 273
413 274
414 274
415 274
416 274
417 274
418 274
419 274
420 274
421 274
422 274
423 274
424 274
425 274
426 274
427 274
432 274
433 274
434 274
435 274
436 274
413 275
414 275
415 275
416 275
417 275
418 275
419 275
420 275
421 275
422 275
423 275
424 275
425 275
426 275
427 275
428 275
429 275
430 275
431 275
432 275
433 275
434 275
435 275
436 275
413 276
414 276
415 276
416 276
417 276
418 276
419 276
420 276
421 276
422 276
423 276
424 276
425 276
426 276
427 276
428 276
429 276
430 276
431 276
432 276
433 276
434 276
435 276
436 276
412 277
413 277
414 277
415 277
416 277
417 277
418 277
419 277
420 277
421 277
422 277
423 277
424 277
425 277
426 277
427 277
428 277
429 277
430 277
431 277
432 277
433 277
434 277
435 277
436 277
412 278
413 278
414 278
415 278
416 278
417 278
418 278
419 278
420 278
421 278
422 278
423 278
424 278
425 278
426 278
427 278
428 278
429 278
430 278
431 278
432 278
433 278
434 278
435 278
436 278
412 279
413 279
414 279
415 279
416 279
417 279
418 279
419 279
420 279
421 279
422 279
423 279
424 279
425 279
426 279
427 279
428 279
429 279
430 279
431 279
432 279
433 279
434 279
435 279
412 280
413 280
414 280
415 280
416 280
417 280
418 280
419 280
420 280
421 280
422 280
423 280
424 280
425 280
426 280
427 280
428 280
429 280
430 280
431 280
432 280
433 280
434 280
411 281
412 281
413 281
414 281
415 281
416 281
417 281
418 281
419 281
420 281
421 281
422 281
423 281
424 281
425 281
426 281
427 281
428 281
429 281
430 281
431 281
432 281
433 281
411 282
412 282
413 282
414 282
415 282
416 282
417 282
418 282
419 282
420 282
421 282
422 282
423 282
424 282
425 282
426 282
427 282
428 282
429 282
430 282
431 282
411 283
412 283
413 283
414 283
415 283
416 283
417 283
418 283
419 283
420 283
421 283
422 283
423 283
424 283
425 283
426 283
427 283
428 283
411 284
412 284
413 284
414 284
415 284
416 284
417 284
418 284
419 284
420 284
421 284
422 284
423 284
424 284
425 284
411 285
412 285
413 285
414 285
415 285
416 285
417 285
418 285
419 285
420 285
421 285
422 285
410 286
411 286
412 286
413 286
414 286
415 286
416 286
417 286
418 286
419 286
420 286
421 286
410 287
411 287
412 287
413 287
414 287
415 287
416 287
417 287
418 287
419 287
420 287
410 288
411 288
412 288
413 288
414 288
415 288
416 288
417 288
418 288
419 288
420 288
410 289
411 289
412 289
413 289
414 289
415 289
416 289
417 289
418 289
419 289
420 289
409 290
410 290
411 290
412 290
413 290
414 290
415 290
416 290
417 290
418 290
419 290
420 290
409 291
410 291
411 291
412 291
413 291
414 291
415 291
416 291
417 291
418 291
419 291
420 291
409 292
410 292
411 292
412 292
413 292
414 292
415 292
416 292
417 292
418 292
419 292
420 292
408 293
409 293
410 293
411 293
412 293
413 293
414 293
415 293
416 293
417 293
418 293
419 293
420 293
421 293
408 294
409 294
410 294
411 294
412 294
413 294
414 294
415 294
416 294
417 294
418 294
419 294
420 294
421 294
409 295
410 295
411 295
412 295
413 295
414 295
415 295
416 295
417 295
418 295
419 295
420 295
421 295
422 295
409 296
410 296
411 296
412 296
413 296
414 296
415 296
416 296
417 296
418 296
419 296
420 296
421 296
422 296
423 296
410 297
411 297
412 297
413 297
414 297
415 297
416 297
417 297
418 297
419 297
420 297
421 297
422 297
423 297
424 297
411 298
412 298
413 298
414 298
415 298
416 298
417 298
418 298
419 298
420 298
421 298
422 298
423 298
424 298
425 298
412 299
413 299
414 299
415 299
416 299
417 299
418 299
419 299
420 299
421 299
422 299
423 299
424 299
425 299
426 299
412 300
413 300
414 300
415 300
416 300
417 300
418 300
419 300
420 300
421 300
422 300
423 300
424 300
425 300
426 300
427 300
413 301
414 301
415 301
416 301
417 301
418 301
419 301
420 301
421 301
422 301
423 301
424 301
425 301
426 301
427 301
428 301
414 302
415 302
416 302
417 302
418 302
419 302
420 302
421 302
422 302
423 302
424 302
425 302
426 302
427 302
428 302
429 302
415 303
416 303
417 303
418 303
419 303
420 303
421 303
422 303
423 303
424 303
425 303
426 303
427 303
428 303
429 303
430 303
417 304
418 304
419 304
420 304
421 304
422 304
423 304
424 304
425 304
426 304
427 304
428 304
429 304
430 304
419 305
420 305
421 305
422 305
423 305
424 305
425 305
426 305
427 305
428 305
429 305
430 305
431 305
420 306
421 306
422 306
423 306
424 306
425 306
426 306
427 306
428 306
429 306
430 306
431 306
420 307
421 307
422 307
423 307
424 307
425 307
426 307
427 307
428 307
429 307
430 307
431 307
419 308
420 308
421 308
422 308
423 308
424 308
425 308
426 308
427 308
428 308
429 308
430 308
431 308
419 309
420 309
421 309
422 309
423 309
424 309
425 309
426 309
427 309
428 309
429 309
430 309
431 309
418 310
419 310
420 310
421 310
422 310
423 310
424 310
425 310
426 310
427 310
428 310
429 310
430 310
431 310
418 311
419 311
420 311
421 311
422 311
423 311
424 311
425 311
426 311
427 311
428 311
429 311
430 311
431 311
417 312
418 312
419 312
420 312
421 312
422 312
423 312
427 312
428 312
429 312
430 312
431 312
416 313
417 313
418 313
419 313
420 313
421 313
422 313
427 313
428 313
429 313
430 313
431 313
416 314
417 314
418 314
419 314
420 314
421 314
427 314
428 314
429 314
430 314
431 314
416 315
417 315
418 315
419 315
420 315
421 315
427 315
428 315
429 315
430 315
431 315
415 316
416 316
417 316
418 316
419 316
420 316
426 316
427 316
428 316
429 316
430 316
431 316
414 317
415 317
416 317
417 317
418 317
419 317
426 317
427 317
428 317
429 317
430 317
431 317
413 318
414 318
415 318
416 318
417 318
418 318
427 318
428 318
429 318
430 318
431 318
413 319
414 319
415 319
416 319
417 319
418 319
427 319
428 319
429 319
430 319
431 319
412 320
413 320
414 320
415 320
416 320
417 320
418 320
427 320
428 320
429 320
430 320
431 320
411 321
412 321
413 321
414 321
415 321
416 321
417 321
418 321
419 321
427 321
428 321
429 321
430 321
431 321
411 322
412 322
413 322
414 322
415 322
416 322
417 322
418 322
419 322
420 322
421 322
427 322
428 322
429 322
430 322
431 322
410 323
411 323
412 323
413 323
414 323
415 323
416 323
417 323
418 323
419 323
420 323
421 323
427 323
428 323
429 323
430 323
431 323
410 324
411 324
412 324
413 324
414 324
415 324
416 324
417 324
418 324
419 324
420 324
421 324
427 324
428 324
429 324
430 324
431 324
432 324
410 325
411 325
412 325
413 325
414 325
415 325
416 325
417 325
418 325
419 325
420 325
421 325
427 325
428 325
429 325
430 325
431 325
432 325
433 325
434 325
435 325
411 326
412 326
413 326
414 326
415 326
416 326
417 326
418 326
427 326
428 326
429 326
430 326
431 326
432 326
433 326
434 326
435 326
436 326
437 326
438 326
439 326
427 327
428 327
429 327
430 327
431 327
432 327
433 327
434 327
435 327
436 327
437 327
438 327
439 327
427 328
428 328
429 328
430 328
431 328
432 328
433 328
434 328
435 328
436 328
437 328
438 328
439 328
427 329
428 329
429 329
430 329
431 329
432 329
433 329
434 329
435 329
436 329
437 329
438 329

FRAME 165
271 57
272 57
273 57
270 58
271 58
272 58
273 58
274 58
270 59
271 59
272 59
273 59
274 59
270 60
271 60
272 60
273 60
274 60
270 61
271 61
272 61
273 61
274 61
270 62
271 62
272 62
273 62
274 62
270 63
271 63
272 63
273 63
274 63
275 63
269 64
270 64
271 64
272 64
273 64
274 64
275 64
276 64
268 65
269 65
270 65
271 65
272 65
273 65
274 65
275 65
276 65
277 65
278 65
267 66
268 66
269 66
270 66
271 66
272 66
273 66
274 66
275 66
276 66
277 66
278 66
266 67
267 67
268 67
269 67
270 67
271 67
272 67
273 67
274 67
275 67
276 67
277 67
278 67
279 67
266 68
267 68
268 68
269 68
270 68
271 68
272 68
273 68
274 68
275 68
276 68
277 68
278 68
279 68
265 69
266 69
267 69
268 69
269 69
270 69
271 69
272 69
273 69
274 69
275 69
276 69
277 69
278 69
279 69
280 69
264 70
265 70
266 70
267 70
268 70
269 70
270 70
271 70
272 70
273 70
274 70
275 70
276 70
277 70
278 70
279 70
280 70
264 71
265 71
266 71
267 71
268 71
269 71
270 71
271 71
272 71
273 71
274 71
275 71
276 71
277 71
278 71
279 71
280 71
281 71
263 72
264 72
265 72
266 72
267 72
268 72
269 72
270 72
271 72
272 72
273 72
274 72
275 72
276 72
277 72
278 72
279 72
280 72
281 72
263 73
264 73
265 73
266 73
267 73
268 73
269 73
270 73
271 73
272 73
273 73
274 73
275 73
276 73
277 73
278 73
279 73
280 73
281 73
264 74
265 74
266 74
267 74
268 74
269 74
270 74
271 74
272 74
273 74
274 74
275 74
276 74
277 74
278 74
279 74
280 74
264 75
265 75
266 75
267 75
268 75
269 75
270 75
271 75
272 75
273 75
274 75
275 75
276 75
277 75
278 75
279 75
264 76
265 76
266 76
267 76
268 76
269 76
270 76
271 76
272 76
273 76
274 76
275 76
276 76
277 76
264 77
265 77
266 77
267 77
268 77
269 77
270 77
271 77
272 77
273 77
274 77
275 77
276 77
265 78
266 78
267 78
268 78
269 78
270 78
271 78
272 78
273 78
274 78
275 78
265 79
266 79
267 79
268 79
269 79
270 79
271 79
272 79
273 79
274 79
275 79
266 80
267 80
268 80
269 80
270 80
271 80
272 80
273 80
274 80
275 80
266 81
267 81
268 81
269 81
270 81
271 81
272 81
273 81
274 81
267 82
268 82
269 82
270 82
271 82
272 82
273 82
274 82
268 83
269 83
270 83
271 83
272 83
273 83
274 83
268 84
269 84
270 84
271 84
272 84
273 84
268 85
269 85
270 85
271 85
272 85
273 85
268 86
269 86
270 86
271 86
272 86
273 86
267 87
268 87
269 87
270 87
271 87
272 87
273 87
265 88
266 88
267 88
268 88
269 88
270 88
271 88
272 88
273 88
261 89
262 89
263 89
264 89
265 89
266 89
267 89
268 89
269 89
270 89
271 89
272 89
260 90
261 90
262 90
263 90
264 90
265 90
266 90
267 90
268 90
269 90
270 90
271 90
272 90
260 91
261 91
262 91
263 91
264 91
268 91
269 91
270 91
271 91
272 91
259 92
260 92
261 92
262 92
269 92
270 92
271 92
272 92
258 93
259 93
260 93
261 93
269 93
270 93
271 93
272 93
258 94
259 94
260 94
261 94
269 94
270 94
271 94
258 95
269 95
270 95
271 95
269 96
270 96
271 96
269 97
270 97
271 97
269 98
270 98
271 98
269 99
270 99
271 99
272 99
269 100
270 100
271 100
272 100
270 101
271 101

FRAME 166
272 57
273 57
274 57
271 58
272 58
273 58
274 58
275 58
271 59
272 59
273 59
274 59
275 59
271 60
272 60
273 60
274 60
275 60
271 61
272 61
273 61
274 61
275 61
271 62
272 62
273 62
274 62
275 62
271 63
272 63
273 63
274 63
275 63
276 63
270 64
271 64
272 64
273 64
274 64
275 64
276 64
277 64
278 64
269 65
270 65
271 65
272 65
273 65
274 65
275 65
276 65
277 65
278 65
279 65
268 66
269 66
270 66
271 66
272 66
273 66
274 66
275 66
276 66
277 66
278 66
279 66
268 67
269 67
270 67
271 67
272 67
273 67
274 67
275 67
276 67
277 67
278 67
279 67
280 67
267 68
268 68
269 68
270 68
271 68
272 68
273 68
274 68
275 68
276 68
277 68
278 68
279 68
280 68
281 68
266 69
267 69
268 69
269 69
270 69
271 69
272 69
273 69
274 69
275 69
276 69
277 69
278 69
279 69
280 69
281 69
266 70
267 70
268 70
269 70
270 70
271 70
272 70
273 70
274 70
275 70
276 70
277 70
278 70
279 70
280 70
281 70
282 70
266 71
267 71
268 71
269 71
270 71
271 71
272 71
273 71
274 71
275 71
276 71
277 71
278 71
279 71
280 71
281 71
282 71
265 72
266 72
267 72
268 72
269 72
270 72
271 72
272 72
273 72
274 72
275 72
276 72
277 72
278 72
279 72
280 72
281 72
282 72
265 73
266 73
267 73
268 73
269 73
270 73
271 73
272 73
273 73
274 73
275 73
276 73
277 73
278 73
279 73
280 73
281 73
282 73
265 74
266 74
267 74
268 74
269 74
270 74
271 74
272 74
273 74
274 74
275 74
276 74
277 74
278 74
279 74
280 74
281 74
266 75
267 75
268 75
269 75
270 75
271 75
272 75
273 75
274 75
275 75
276 75
277 75
278 75
279 75
280 75
266 76
267 76
268 76
269 76
270 76
271 76
272 76
273 76
274 76
275 76
276 76
277 76
278 76
266 77
267 77
268 77
269 77
270 77
271 77
272 77
273 77
274 77
275 77
276 77
277 77
278 77
266 78
267 78
268 78
269 78
270 78
271 78
272 78
273 78
274 78
275 78
276 78
277 78
267 79
268 79
269 79
270 79
271 79
272 79
273 79
274 79
275 79
276 79
277 79
268 80
269 80
270 80
271 80
272 80
273 80
274 80
275 80
276 80
277 80
268 81
269 81
270 81
271 81
272 81
273 81
274 81
275 81
276 81
269 82
270 82
271 82
272 82
273 82
274 82
275 82
276 82
270 83
271 83
272 83
273 83
274 83
275 83
276 83
270 84
271 84
272 84
273 84
274 84
275 84
276 84
270 85
271 85
272 85
273 85
274 85
275 85
276 85
270 86
271 86
272 86
273 86
274 86
275 86
269 87
270 87
271 87
272 87
273 87
274 87
275 87
268 88
269 88
270 88
271 88
272 88
273 88
274 88
275 88
264 89
265 89
266 89
267 89
268 89
269 89
270 89
271 89
272 89
273 89
274 89
263 90
264 90
265 90
266 90
267 90
268 90
269 90
270 90
271 90
272 90
273 90
274 90
262 91
263 91
264 91
265 91
266 91
267 91
268 91
269 91
270 91
271 91
272 91
273 91
262 92
263 92
264 92
265 92
266 92
269 92
270 92
271 92
272 92
273 92
262 93
263 93
264 93
265 93
270 93
271 93
272 93
262 94
263 94
264 94
270 94
271 94
272 94
263 95
270 95
271 95
272 95
269 96
270 96
271 96
272 96
269 97
270 97
271 97
272 97
269 98
270 98
271 98
272 98
269 99
270 99
271 99
272 99
269 100
270 100
271 100
272 100
270 101
271 101

FRAME 167
275 57
276 57
277 57
274 58
275 58
276 58
277 58
273 59
274 59
275 59
276 59
277 59
273 60
274 60
275 60
276 60
277 60
273 61
274 61
275 61
276 61
277 61
278 61
273 62
274 62
275 62
276 62
277 62
278 62
273 63
274 63
275 63
276 63
277 63
278 63
279 63
272 64
273 64
274 64
275 64
276 64
277 64
278 64
279 64
280 64
281 64
271 65
272 65
273 65
274 65
275 65
276 65
277 65
278 65
279 65
280 65
281 65
282 65
271 66
272 66
273 66
274 66
275 66
276 66
277 66
278 66
279 66
280 66
281 66
282 66
283 66
270 67
271 67
272 67
273 67
274 67
275 67
276 67
277 67
278 67
279 67
280 67
281 67
282 67
283 67
269 68
270 68
271 68
272 68
273 68
274 68
275 68
276 68
277 68
278 68
279 68
280 68
281 68
282 68
283 68
284 68
269 69
270 69
271 69
272 69
273 69
274 69
275 69
276 69
277 69
278 69
279 69
280 69
281 69
282 69
283 69
284 69
268 70
269 70
270 70
271 70
272 70
273 70
274 70
275 70
276 70
277 70
278 70
279 70
280 70
281 70
282 70
283 70
284 70
268 71
269 71
270 71
271 71
272 71
273 71
274 71
275 71
276 71
277 71
278 71
279 71
280 71
281 71
282 71
283 71
284 71
268 72
269 72
270 72
271 72
272 72
273 72
274 72
275 72
276 72
277 72
278 72
279 72
280 72
281 72
282 72
283 72
284 72
268 73
269 73
270 73
271 73
272 73
273 73
274 73
275 73
276 73
277 73
278 73
279 73
280 73
281 73
282 73
283 73
284 73
268 74
269 74
270 74
271 74
272 74
273 74
274 74
275 74
276 74
277 74
278 74
279 74
280 74
281 74
282 74
283 74
268 75
269 75
270 75
271 75
272 75
273 75
274 75
275 75
276 75
277 75
278 75
279 75
280 75
281 75
282 75
283 75
268 76
269 76
270 76
271 76
272 76
273 76
274 76
275 76
276 76
277 76
278 76
279 76
280 76
281 76
282 76
269 77
270 77
271 77
272 77
273 77
274 77
275 77
276 77
277 77
278 77
279 77
280 77
281 77
270 78
271 78
272 78
273 78
274 78
275 78
276 78
277 78
278 78
279 78
280 78
281 78
270 79
271 79
272 79
273 79
274 79
275 79
276 79
277 79
278 79
279 79
280 79
281 79
271 80
272 80
273 80
274 80
275 80
276 80
277 80
278 80
279 80
280 80
281 80
271 81
272 81
273 81
274 81
275 81
276 81
277 81
278 81
279 81
280 81
281 81
272 82
273 82
274 82
275 82
276 82
277 82
278 82
279 82
280 82
281 82
272 83
273 83
274 83
275 83
276 83
277 83
278 83
279 83
280 83
281 83
272 84
273 84
274 84
275 84
276 84
277 84
278 84
279 84
280 84
281 84
272 85
273 85
274 85
275 85
276 85
277 85
278 85
279 85
280 85
281 85
272 86
273 86
274 86
275 86
276 86
277 86
278 86
279 86
280 86
272 87
273 87
274 87
275 87
276 87
277 87
278 87
279 87
280 87
272 88
273 88
274 88
275 88
276 88
277 88
278 88
279 88
280 88
271 89
272 89
273 89
274 89
275 89
276 89
277 89
278 89
279 89
280 89
270 90
271 90
272 90
273 90
274 90
275 90
276 90
277 90
278 90
279 90
269 91
270 91
271 91
272 91
273 91
274 91
275 91
276 91
269 92
270 92
271 92
272 92
273 92
274 92
269 93
270 93
271 93
272 93
273 93
269 94
270 94
271 94
272 94
273 94
269 95
270 95
271 95
272 95
269 96
270 96
271 96
272 96
269 97
270 97
271 97
272 97
269 98
270 98
271 98
272 98
269 99
270 99
271 99
272 99
270 100
271 100
272 100
271 101

FRAME 168
277 57
278 57
279 57
276 58
277 58
278 58
279 58
280 58
276 59
277 59
278 59
279 59
280 59
276 60
277 60
278 60
279 60
280 60
276 61
277 61
278 61
279 61
280 61
281 61
276 62
277 62
278 62
279 62
280 62
281 62
276 63
277 63
278 63
279 63
280 63
281 63
282 63
275 64
276 64
277 64
278 64
279 64
280 64
281 64
282 64
283 64
273 65
274 65
275 65
276 65
277 65
278 65
279 65
280 65
281 65
282 65
283 65
284 65
273 66
274 66
275 66
276 66
277 66
278 66
279 66
280 66
281 66
282 66
283 66
284 66
285 66
272 67
273 67
274 67
275 67
276 67
277 67
278 67
279 67
280 67
281 67
282 67
283 67
284 67
285 67
286 67
272 68
273 68
274 68
275 68
276 68
277 68
278 68
279 68
280 68
281 68
282 68
283 68
284 68
285 68
286 68
271 69
272 69
273 69
274 69
275 69
276 69
277 69
278 69
279 69
280 69
281 69
282 69
283 69
284 69
285 69
286 69
287 69
271 70
272 70
273 70
274 70
275 70
276 70
277 70
278 70
279 70
280 70
281 70
282 70
283 70
284 70
285 70
286 70
287 70
271 71
272 71
273 71
274 71
275 71
276 71
277 71
278 71
279 71
280 71
281 71
282 71
283 71
284 71
285 71
286 71
287 71
271 72
272 72
273 72
274 72
275 72
276 72
277 72
278 72
279 72
280 72
281 72
282 72
283 72
284 72
285 72
286 72
271 73
272 73
273 73
274 73
275 73
276 73
277 73
278 73
279 73
280 73
281 73
282 73
283 73
284 73
285 73
286 73
271 74
272 74
273 74
274 74
275 74
276 74
277 74
278 74
279 74
280 74
281 74
282 74
283 74
284 74
285 74
271 75
272 75
273 75
274 75
275 75
276 75
277 75
278 75
279 75
280 75
281 75
282 75
283 75
284 75
285 75
271 76
272 76
273 76
274 76
275 76
276 76
277 76
278 76
279 76
280 76
281 76
282 76
283 76
284 76
272 77
273 77
274 77
275 77
276 77
277 77
278 77
279 77
280 77
281 77
282 77
283 77
284 77
273 78
274 78
275 78
276 78
277 78
278 78
279 78
280 78
281 78
282 78
283 78
284 78
273 79
274 79
275 79
276 79
277 79
278 79
279 79
280 79
281 79
282 79
283 79
284 79
274 80
275 80
276 80
277 80
278 80
279 80
280 80
281 80
282 80
283 80
284 80
285 80
274 81
275 81
276 81
277 81
278 81
279 81
280 81
281 81
282 81
283 81
284 81
285 81
274 82
275 82
276 82
277 82
278 82
279 82
280 82
281 82
282 82
283 82
284 82
285 82
274 83
275 83
276 83
277 83
278 83
279 83
280 83
281 83
282 83
283 83
284 83
285 83
275 84
276 84
277 84
278 84
279 84
280 84
281 84
282 84
283 84
284 84
285 84
275 85
276 85
277 85
278 85
279 85
280 85
281 85
282 85
283 85
284 85
285 85
275 86
276 86
277 86
278 86
279 86
280 86
281 86
282 86
283 86
284 86
285 86
274 87
275 87
276 87
277 87
278 87
279 87
280 87
281 87
282 87
283 87
284 87
285 87
274 88
275 88
276 88
277 88
278 88
279 88
280 88
281 88
282 88
283 88
284 88
285 88
274 89
275 89
276 89
277 89
278 89
279 89
280 89
281 89
282 89
283 89
284 89
273 90
274 90
275 90
276 90
277 90
278 90
279 90
280 90
281 90
282 90
283 90
273 91
274 91
275 91
276 91
277 91
278 91
279 91
280 91
281 91
272 92
273 92
274 92
275 92
276 92
277 92
278 92
279 92
272 93
273 93
274 93
275 93
276 93
277 93
278 93
279 93
272 94
273 94
274 94
275 94
276 94
277 94
278 94
279 94
271 95
272 95
273 95
274 95
275 95
277 95
278 95
279 95
271 96
272 96
273 96
274 96
277 96
278 96
279 96
270 97
271 97
272 97
273 97
278 97
270 98
271 98
272 98
273 98
270 99
271 99
272 99
273 99
270 100
271 100
272 100
271 101

FRAME 169
278 57
279 57
280 57
281 57
278 58
279 58
280 58
281 58
278 59
279 59
280 59
281 59
278 60
279 60
280 60
281 60
282 60
278 61
279 61
280 61
281 61
282 61
277 62
278 62
279 62
280 62
281 62
282 62
277 63
278 63
279 63
280 63
281 63
282 63
283 63
276 64
277 64
278 64
279 64
280 64
281 64
282 64
283 64
284 64
275 65
276 65
277 65
278 65
279 65
280 65
281 65
282 65
283 65
284 65
285 65
286 65
274 66
275 66
276 66
277 66
278 66
279 66
280 66
281 66
282 66
283 66
284 66
285 66
286 66
274 67
275 67
276 67
277 67
278 67
279 67
280 67
281 67
282 67
283 67
284 67
285 67
286 67
287 67
273 68
274 68
275 68
276 68
277 68
278 68
279 68
280 68
281 68
282 68
283 68
284 68
285 68
286 68
287 68
273 69
274 69
275 69
276 69
277 69
278 69
279 69
280 69
281 69
282 69
283 69
284 69
285 69
286 69
287 69
288 69
273 70
274 70
275 70
276 70
277 70
278 70
279 70
280 70
281 70
282 70
283 70
284 70
285 70
286 70
287 70
288 70
272 71
273 71
274 71
275 71
276 71
277 71
278 71
279 71
280 71
281 71
282 71
283 71
284 71
285 71
286 71
287 71
288 71
272 72
273 72
274 72
275 72
276 72
277 72
278 72
279 72
280 72
281 72
282 72
283 72
284 72
285 72
286 72
287 72
272 73
273 73
274 73
275 73
276 73
277 73
278 73
279 73
280 73
281 73
282 73
283 73
284 73
285 73
286 73
287 73
272 74
273 74
274 74
275 74
276 74
277 74
278 74
279 74
280 74
281 74
282 74
283 74
284 74
285 74
286 74
287 74
272 75
273 75
274 75
275 75
276 75
277 75
278 75
279 75
280 75
281 75
282 75
283 75
284 75
285 75
286 75
287 75
273 76
274 76
275 76
276 76
277 76
278 76
279 76
280 76
281 76
282 76
283 76
284 76
285 76
286 76
273 77
274 77
275 77
276 77
277 77
278 77
279 77
280 77
281 77
282 77
283 77
284 77
285 77
286 77
274 78
275 78
276 78
277 78
278 78
279 78
280 78
281 78
282 78
283 78
284 78
285 78
286 78
275 79
276 79
277 79
278 79
279 79
280 79
281 79
282 79
283 79
284 79
285 79
286 79
287 79
275 80
276 80
277 80
278 80
279 80
280 80
281 80
282 80
283 80
284 80
285 80
286 80
287 80
275 81
276 81
277 81
278 81
279 81
280 81
281 81
282 81
283 81
284 81
285 81
286 81
287 81
276 82
277 82
278 82
279 82
280 82
281 82
282 82
283 82
284 82
285 82
286 82
287 82
276 83
277 83
278 83
279 83
280 83
281 83
282 83
283 83
284 83
285 83
286 83
287 83
276 84
277 84
278 84
279 84
280 84
281 84
282 84
283 84
284 84
285 84
286 84
287 84
276 85
277 85
278 85
279 85
280 85
281 85
282 85
283 85
284 85
285 85
286 85
287 85
276 86
277 86
278 86
279 86
280 86
282 86
283 86
284 86
285 86
286 86
287 86
276 87
277 87
278 87
279 87
280 87
282 87
283 87
284 87
285 87
286 87
287 87
276 88
277 88
278 88
279 88
280 88
282 88
283 88
284 88
285 88
286 88
287 88
275 89
276 89
277 89
278 89
279 89
280 89
281 89
282 89
283 89
284 89
285 89
286 89
274 90
275 90
276 90
277 90
278 90
279 90
280 90
281 90
282 90
283 90
284 90
285 90
286 90
274 91
275 91
276 91
277 91
278 91
279 91
280 91
281 91
282 91
283 91
284 91
273 92
274 92
275 92
276 92
277 92
279 92
280 92
281 92
282 92
283 92
273 93
274 93
275 93
276 93
277 93
279 93
280 93
281 93
282 93
283 93
272 94
273 94
274 94
275 94
279 94
280 94
281 94
282 94
283 94
272 95
273 95
274 95
280 95
281 95
282 95
283 95
271 96
272 96
273 96
274 96
280 96
281 96
282 96
283 96
271 97
272 97
273 97
274 97
281 97
282 97
283 97
271 98
272 98
273 98
274 98
271 99
272 99
273 99
271 100
272 100
273 100
271 101
272 101

FRAME 170
281 57
282 57
283 57
281 58
282 58
283 58
284 58
280 59
281 59
282 59
283 59
284 59
280 60
281 60
282 60
283 60
284 60
280 61
281 61
282 61
283 61
284 61
285 61
280 62
281 62
282 62
283 62
284 62
285 62
280 63
281 63
282 63
283 63
284 63
285 63
286 63
279 64
280 64
281 64
282 64
283 64
284 64
285 64
286 64
287 64
278 65
279 65
280 65
281 65
282 65
283 65
284 65
285 65
286 65
287 65
288 65
277 66
278 66
279 66
280 66
281 66
282 66
283 66
284 66
285 66
286 66
287 66
288 66
289 66
276 67
277 67
278 67
279 67
280 67
281 67
282 67
283 67
284 67
285 67
286 67
287 67
288 67
289 67
276 68
277 68
278 68
279 68
280 68
281 68
282 68
283 68
284 68
285 68
286 68
287 68
288 68
289 68
276 69
277 69
278 69
279 69
280 69
281 69
282 69
283 69
284 69
285 69
286 69
287 69
288 69
289 69
290 69
276 70
277 70
278 70
279 70
280 70
281 70
282 70
283 70
284 70
285 70
286 70
287 70
288 70
289 70
290 70
275 71
276 71
277 71
278 71
279 71
280 71
281 71
282 71
283 71
284 71
285 71
286 71
287 71
288 71
289 71
290 71
275 72
276 72
277 72
278 72
279 72
280 72
281 72
282 72
283 72
284 72
285 72
286 72
287 72
288 72
289 72
290 72
275 73
276 73
277 73
278 73
279 73
280 73
281 73
282 73
283 73
284 73
285 73
286 73
287 73
288 73
289 73
275 74
276 74
277 74
278 74
279 74
280 74
281 74
282 74
283 74
284 74
285 74
286 74
287 74
288 74
289 74
275 75
276 75
277 75
278 75
279 75
280 75
281 75
282 75
283 75
284 75
285 75
286 75
287 75
288 75
289 75
276 76
277 76
278 76
279 76
280 76
281 76
282 76
283 76
284 76
285 76
286 76
287 76
288 76
289 76
276 77
277 77
278 77
279 77
280 77
281 77
282 77
283 77
284 77
285 77
286 77
287 77
288 77
289 77
277 78
278 78
279 78
280 78
281 78
282 78
283 78
284 78
285 78
286 78
287 78
288 78
289 78
278 79
279 79
280 79
281 79
282 79
283 79
284 79
285 79
286 79
287 79
288 79
289 79
290 79
278 80
279 80
280 80
281 80
282 80
283 80
284 80
285 80
286 80
287 80
288 80
289 80
290 80
278 81
279 81
280 81
281 81
282 81
283 81
284 81
285 81
286 81
287 81
288 81
289 81
290 81
278 82
279 82
280 82
281 82
282 82
283 82
284 82
285 82
286 82
287 82
288 82
289 82
290 82
279 83
280 83
281 83
282 83
283 83
284 83
285 83
286 83
287 83
288 83
289 83
290 83
291 83
279 84
280 84
281 84
282 84
283 84
287 84
288 84
289 84
290 84
291 84
279 85
280 85
281 85
282 85
287 85
288 85
289 85
290 85
291 85
279 86
280 86
281 86
282 86
283 86
288 86
289 86
290 86
291 86
278 87
279 87
280 87
281 87
282 87
288 87
289 87
290 87
291 87
278 88
279 88
280 88
281 88
282 88
288 88
289 88
290 88
291 88
278 89
279 89
280 89
281 89
282 89
288 89
289 89
290 89
291 89
277 90
278 90
279 90
280 90
281 90
288 90
289 90
290 90
291 90
277 91
278 91
279 91
280 91
281 91
288 91
289 91
290 91
291 91
276 92
277 92
278 92
279 92
280 92
288 92
289 92
290 92
276 93
277 93
278 93
279 93
288 93
289 93
275 94
276 94
277 94
278 94
287 94
288 94
289 94
290 94
275 95
276 95
277 95
278 95
287 95
288 95
289 95
290 95
274 96
275 96
276 96
277 96
287 96
288 96
289 96
290 96
274 97
275 97
276 97
277 97
287 97
288 97
289 97
290 97
291 97
274 98
275 98
276 98
288 98
289 98
290 98
291 98
274 99
275 99
276 99
288 99
289 99
290 99
291 99
274 100
275 100
276 100
275 101
276 101

FRAME 171
286 57
284 58
285 58
286 58
287 58
284 59
285 59
286 59
287 59
283 60
284 60
285 60
286 60
287 60
283 61
284 61
285 61
286 61
287 61
283 62
284 62
285 62
286 62
287 62
288 62
283 63
284 63
285 63
286 63
287 63
288 63
282 64
283 64
284 64
285 64
286 64
287 64
288 64
289 64
281 65
282 65
283 65
284 65
285 65
286 65
287 65
288 65
289 65
290 65
280 66
281 66
282 66
283 66
284 66
285 66
286 66
287 66
288 66
289 66
290 66
291 66
280 67
281 67
282 67
283 67
284 67
285 67
286 67
287 67
288 67
289 67
290 67
291 67
279 68
280 68
281 68
282 68
283 68
284 68
285 68
286 68
287 68
288 68
289 68
290 68
291 68
279 69
280 69
281 69
282 69
283 69
284 69
285 69
286 69
287 69
288 69
289 69
290 69
291 69
292 69
278 70
279 70
280 70
281 70
282 70
283 70
284 70
285 70
286 70
287 70
288 70
289 70
290 70
291 70
292 70
278 71
279 71
280 71
281 71
282 71
283 71
284 71
285 71
286 71
287 71
288 71
289 71
290 71
291 71
292 71
278 72
279 72
280 72
281 72
282 72
283 72
284 72
285 72
286 72
287 72
288 72
289 72
290 72
291 72
292 72
278 73
279 73
280 73
281 73
282 73
283 73
284 73
285 73
286 73
287 73
288 73
289 73
290 73
291 73
292 73
278 74
279 74
280 74
281 74
282 74
283 74
284 74
285 74
286 74
287 74
288 74
289 74
290 74
291 74
292 74
278 75
279 75
280 75
281 75
282 75
283 75
284 75
285 75
286 75
287 75
288 75
289 75
290 75
291 75
292 75
279 76
280 76
281 76
282 76
283 76
284 76
285 76
286 76
287 76
288 76
289 76
290 76
291 76
292 76
279 77
280 77
281 77
282 77
283 77
284 77
285 77
286 77
287 77
288 77
289 77
290 77
291 77
292 77
280 78
281 78
282 78
283 78
284 78
285 78
286 78
287 78
288 78
289 78
290 78
291 78
292 78
280 79
281 79
282 79
283 79
284 79
285 79
286 79
287 79
288 79
289 79
290 79
291 79
292 79
293 79
281 80
282 80
283 80
284 80
285 80
286 80
287 80
288 80
289 80
290 80
291 80
292 80
293 80
281 81
282 81
283 81
284 81
285 81
286 81
287 81
288 81
289 81
290 81
291 81
292 81
293 81
281 82
282 82
283 82
284 82
285 82
286 82
287 82
288 82
289 82
290 82
291 82
292 82
293 82
281 83
282 83
283 83
284 83
285 83
286 83
287 83
288 83
289 83
290 83
291 83
292 83
293 83
294 83
281 84
282 84
283 84
284 84
285 84
286 84
290 84
291 84
292 84
293 84
294 84
281 85
282 85
283 85
284 85
285 85
286 85
291 85
292 85
293 85
294 85
281 86
282 86
283 86
284 86
285 86
291 86
292 86
293 86
294 86
295 86
281 87
282 87
283 87
284 87
285 87
292 87
293 87
294 87
295 87
281 88
282 88
283 88
284 88
285 88
292 88
293 88
294 88
295 88
296 88
281 89
282 89
283 89
284 89
285 89
293 89
294 89
295 89
296 89
281 90
282 90
283 90
284 90
293 90
294 90
295 90
296 90
280 91
281 91
282 91
283 91
284 91
293 91
294 91
295 91
296 91
280 92
281 92
282 92
283 92
293 92
294 92
295 92
296 92
280 93
281 93
282 93
294 93
295 93
296 93
280 94
281 94
282 94
294 94
295 94
296 94
279 95
280 95
281 95
282 95
294 95
295 95
296 95
279 96
280 96
281 96
282 96
294 96
295 96
296 96
297 96
279 97
280 97
281 97
282 97
294 97
295 97
296 97
297 97
298 97
279 98
280 98
281 98
282 98
295 98
296 98
297 98
298 98
279 99
280 99
281 99
282 99
295 99
296 99
297 99
298 99
299 99
280 100
281 100
282 100
296 100
297 100
298 100
299 100
280 101
281 101
282 101

FRAME 172
286 58
287 58
288 58
285 59
286 59
287 59
288 59
289 59
285 60
286 60
287 60
288 60
289 60
285 61
286 61
287 61
288 61
289 61
285 62
286 62
287 62
288 62
289 62
285 63
286 63
287 63
288 63
289 63
284 64
285 64
286 64
287 64
288 64
289 64
290 64
283 65
284 65
285 65
286 65
287 65
288 65
289 65
290 65
291 65
282 66
283 66
284 66
285 66
286 66
287 66
288 66
289 66
290 66
291 66
292 66
281 67
282 67
283 67
284 67
285 67
286 67
287 67
288 67
289 67
290 67
291 67
292 67
281 68
282 68
283 68
284 68
285 68
286 68
287 68
288 68
289 68
290 68
291 68
292 68
293 68
280 69
281 69
282 69
283 69
284 69
285 69
286 69
287 69
288 69
289 69
290 69
291 69
292 69
293 69
280 70
281 70
282 70
283 70
284 70
285 70
286 70
287 70
288 70
289 70
290 70
291 70
292 70
293 70
280 71
281 71
282 71
283 71
284 71
285 71
286 71
287 71
288 71
289 71
290 71
291 71
292 71
293 71
280 72
281 72
282 72
283 72
284 72
285 72
286 72
287 72
288 72
289 72
290 72
291 72
292 72
293 72
280 73
281 73
282 73
283 73
284 73
285 73
286 73
287 73
288 73
289 73
290 73
291 73
292 73
293 73
280 74
281 74
282 74
283 74
284 74
285 74
286 74
287 74
288 74
289 74
290 74
291 74
292 74
293 74
280 75
281 75
282 75
283 75
284 75
285 75
286 75
287 75
288 75
289 75
290 75
291 75
292 75
293 75
280 76
281 76
282 76
283 76
284 76
285 76
286 76
287 76
288 76
289 76
290 76
291 76
292 76
293 76
281 77
282 77
283 77
284 77
285 77
286 77
287 77
288 77
289 77
290 77
291 77
292 77
293 77
281 78
282 78
283 78
284 78
285 78
286 78
287 78
288 78
289 78
290 78
291 78
292 78
293 78
282 79
283 79
284 79
285 79
286 79
287 79
288 79
289 79
290 79
291 79
292 79
293 79
282 80
283 80
284 80
285 80
286 80
287 80
288 80
289 80
290 80
291 80
292 80
293 80
294 80
282 81
283 81
284 81
285 81
286 81
287 81
288 81
289 81
290 81
291 81
292 81
293 81
294 81
282 82
283 82
284 82
285 82
286 82
287 82
288 82
289 82
290 82
291 82
292 82
293 82
294 82
282 83
283 83
284 83
285 83
286 83
287 83
288 83
289 83
290 83
291 83
292 83
293 83
294 83
295 83
283 84
284 84
285 84
286 84
287 84
291 84
292 84
293 84
294 84
295 84
283 85
284 85
285 85
286 85
287 85
292 85
293 85
294 85
295 85
296 85
283 86
284 86
285 86
286 86
293 86
294 86
295 86
296 86
282 87
283 87
284 87
285 87
286 87
293 87
294 87
295 87
296 87
297 87
282 88
283 88
284 88
285 88
286 88
294 88
295 88
296 88
297 88
282 89
283 89
284 89
285 89
286 89
294 89
295 89
296 89
297 89
298 89
282 90
283 90
284 90
285 90
295 90
296 90
297 90
298 90
282 91
283 91
284 91
285 91
295 91
296 91
297 91
298 91
282 92
283 92
284 92
285 92
296 92
297 92
298 92
282 93
283 93
284 93
296 93
297 93
298 93
299 93
282 94
283 94
284 94
297 94
298 94
299 94
282 95
283 95
284 95
297 95
298 95
299 95
300 95
282 96
283 96
284 96
297 96
298 96
299 96
300 96
282 97
283 97
284 97
298 97
299 97
300 97
301 97
282 98
283 98
284 98
298 98
299 98
300 98
301 98
282 99
283 99
284 99
298 99
299 99
300 99
301 99
302 99
282 100
283 100
284 100
299 100
300 100
301 100
302 100
282 101
283 101
284 101
300 101
301 101
302 101
283 102
284 102

FRAME 173
288 59
289 59
290 59
291 59
288 60
289 60
290 60
291 60
292 60
288 61
289 61
290 61
291 61
292 61
288 62
289 62
290 62
291 62
292 62
288 63
289 63
290 63
291 63
292 63
287 64
288 64
289 64
290 64
291 64
292 64
286 65
287 65
288 65
289 65
290 65
291 65
292 65
293 65
285 66
286 66
287 66
288 66
289 66
290 66
291 66
292 66
293 66
294 66
285 67
286 67
287 67
288 67
289 67
290 67
291 67
292 67
293 67
294 67
284 68
285 68
286 68
287 68
288 68
289 68
290 68
291 68
292 68
293 68
294 68
295 68
283 69
284 69
285 69
286 69
287 69
288 69
289 69
290 69
291 69
292 69
293 69
294 69
295 69
283 70
284 70
285 70
286 70
287 70
288 70
289 70
290 70
291 70
292 70
293 70
294 70
295 70
296 70
283 71
284 71
285 71
286 71
287 71
288 71
289 71
290 71
291 71
292 71
293 71
294 71
295 71
296 71
283 72
284 72
285 72
286 72
287 72
288 72
289 72
290 72
291 72
292 72
293 72
294 72
295 72
296 72
283 73
284 73
285 73
286 73
287 73
288 73
289 73
290 73
291 73
292 73
293 73
294 73
295 73
296 73
283 74
284 74
285 74
286 74
287 74
288 74
289 74
290 74
291 74
292 74
293 74
294 74
295 74
296 74
283 75
284 75
285 75
286 75
287 75
288 75
289 75
290 75
291 75
292 75
293 75
294 75
295 75
296 75
283 76
284 76
285 76
286 76
287 76
288 76
289 76
290 76
291 76
292 76
293 76
294 76
295 76
296 76
283 77
284 77
285 77
286 77
287 77
288 77
289 77
290 77
291 77
292 77
293 77
294 77
295 77
296 77
283 78
284 78
285 78
286 78
287 78
288 78
289 78
290 78
291 78
292 78
293 78
294 78
295 78
296 78
284 79
285 79
286 79
287 79
288 79
289 79
290 79
291 79
292 79
293 79
294 79
295 79
296 79
284 80
285 80
286 80
287 80
288 80
289 80
290 80
291 80
292 80
293 80
294 80
295 80
296 80
284 81
285 81
286 81
287 81
288 81
289 81
290 81
291 81
292 81
293 81
294 81
295 81
296 81
284 82
285 82
286 82
287 82
288 82
289 82
290 82
291 82
292 82
293 82
294 82
295 82
296 82
284 83
285 83
286 83
287 83
288 83
289 83
290 83
291 83
292 83
293 83
294 83
295 83
296 83
297 83
284 84
285 84
286 84
287 84
288 84
289 84
293 84
294 84
295 84
296 84
297 84
285 85
286 85
287 85
288 85
294 85
295 85
296 85
297 85
298 85
285 86
286 86
287 86
288 86
295 86
296 86
297 86
298 86
285 87
286 87
287 87
288 87
295 87
296 87
297 87
298 87
299 87
285 88
286 88
287 88
288 88
296 88
297 88
298 88
299 88
300 88
285 89
286 89
287 89
288 89
297 89
298 89
299 89
300 89
285 90
286 90
287 90
288 90
298 90
299 90
300 90
301 90
285 91
286 91
287 91
288 91
298 91
299 91
300 91
301 91
302 91
285 92
286 92
287 92
299 92
300 92
301 92
302 92
303 92
285 93
286 93
287 93
300 93
301 93
302 93
303 93
285 94
286 94
287 94
301 94
302 94
303 94
304 94
285 95
286 95
287 95
302 95
303 95
304 95
305 95
285 96
286 96
287 96
302 96
303 96
304 96
305 96
285 97
286 97
287 97
303 97
304 97
305 97
306 97
285 98
286 98
287 98
304 98
305 98
306 98
307 98
284 99
285 99
286 99
287 99
304 99
305 99
306 99
307 99
284 100
285 100
286 100
287 100
304 100
305 100
306 100
307 100
308 100
284 101
285 101
286 101
287 101
305 101
306 101
307 101
308 101
284 102
285 102
286 102
285 103

FRAME 174
291 60
292 60
293 60
294 60
291 61
292 61
293 61
294 61
291 62
292 62
293 62
294 62
291 63
292 63
293 63
294 63
291 64
292 64
293 64
294 64
295 64
290 65
291 65
292 65
293 65
294 65
295 65
289 66
290 66
291 66
292 66
293 66
294 66
295 66
296 66
288 67
289 67
290 67
291 67
292 67
293 67
294 67
295 67
296 67
287 68
288 68
289 68
290 68
291 68
292 68
293 68
294 68
295 68
296 68
297 68
287 69
288 69
289 69
290 69
291 69
292 69
293 69
294 69
295 69
296 69
297 69
298 69
286 70
287 70
288 70
289 70
290 70
291 70
292 70
293 70
294 70
295 70
296 70
297 70
298 70
286 71
287 71
288 71
289 71
290 71
291 71
292 71
293 71
294 71
295 71
296 71
297 71
298 71
286 72
287 72
288 72
289 72
290 72
291 72
292 72
293 72
294 72
295 72
296 72
297 72
298 72
286 73
287 73
288 73
289 73
290 73
291 73
292 73
293 73
294 73
295 73
296 73
297 73
298 73
299 73
286 74
287 74
288 74
289 74
290 74
291 74
292 74
293 74
294 74
295 74
296 74
297 74
298 74
299 74
286 75
287 75
288 75
289 75
290 75
291 75
292 75
293 75
294 75
295 75
296 75
297 75
298 75
299 75
286 76
287 76
288 76
289 76
290 76
291 76
292 76
293 76
294 76
295 76
296 76
297 76
298 76
286 77
287 77
288 77
289 77
290 77
291 77
292 77
293 77
294 77
295 77
296 77
297 77
298 77
286 78
287 78
288 78
289 78
290 78
291 78
292 78
293 78
294 78
295 78
296 78
297 78
298 78
286 79
287 79
288 79
289 79
290 79
291 79
292 79
293 79
294 79
295 79
296 79
297 79
298 79
287 80
288 80
289 80
290 80
291 80
292 80
293 80
294 80
295 80
296 80
297 80
298 80
299 80
287 81
288 81
289 81
290 81
291 81
292 81
293 81
294 81
295 81
296 81
297 81
298 81
299 81
287 82
288 82
289 82
290 82
291 82
292 82
293 82
294 82
295 82
296 82
297 82
298 82
299 82
287 83
288 83
289 83
290 83
291 83
292 83
293 83
294 83
295 83
296 83
297 83
298 83
299 83
300 83
287 84
288 84
289 84
290 84
291 84
292 84
293 84
294 84
295 84
296 84
297 84
298 84
299 84
300 84
287 85
288 85
289 85
290 85
291 85
292 85
295 85
296 85
297 85
298 85
299 85
300 85
301 85
287 86
288 86
289 86
290 86
291 86
297 86
298 86
299 86
300 86
301 86
302 86
287 87
288 87
289 87
290 87
291 87
298 87
299 87
300 87
301 87
302 87
287 88
288 88
289 88
290 88
291 88
298 88
299 88
300 88
301 88
302 88
303 88
286 89
287 89
288 89
289 89
290 89
299 89
300 89
301 89
302 89
303 89
286 90
287 90
288 90
289 90
290 90
300 90
301 90
302 90
303 90
304 90
286 91
287 91
288 91
289 91
301 91
302 91
303 91
304 91
305 91
286 92
287 92
288 92
289 92
302 92
303 92
304 92
305 92
306 92
286 93
287 93
288 93
289 93
303 93
304 93
305 93
306 93
286 94
287 94
288 94
304 94
305 94
306 94
307 94
286 95
287 95
288 95
305 95
306 95
307 95
308 95
285 96
286 96
287 96
306 96
307 96
308 96
309 96
285 97
286 97
287 97
307 97
308 97
309 97
285 98
286 98
287 98
307 98
308 98
309 98
310 98
285 99
286 99
287 99
308 99
309 99
310 99
284 100
285 100
286 100
287 100
308 100
309 100
310 100
311 100
284 101
285 101
286 101
287 101
308 101
309 101
310 101
311 101
284 102
285 102
286 102
310 102

FRAME 175
293 60
294 60
295 60
292 61
293 61
294 61
295 61
296 61
292 62
293 62
294 62
295 62
296 62
292 63
293 63
294 63
295 63
296 63
292 64
293 64
294 64
295 64
296 64
292 65
293 65
294 65
295 65
296 65
291 66
292 66
293 66
294 66
295 66
296 66
297 66
290 67
291 67
292 67
293 67
294 67
295 67
296 67
297 67
298 67
289 68
290 68
291 68
292 68
293 68
294 68
295 68
296 68
297 68
298 68
288 69
289 69
290 69
291 69
292 69
293 69
294 69
295 69
296 69
297 69
298 69
299 69
288 70
289 70
290 70
291 70
292 70
293 70
294 70
295 70
296 70
297 70
298 70
299 70
288 71
289 71
290 71
291 71
292 71
293 71
294 71
295 71
296 71
297 71
298 71
299 71
288 72
289 72
290 72
291 72
292 72
293 72
294 72
295 72
296 72
297 72
298 72
299 72
300 72
287 73
288 73
289 73
290 73
291 73
292 73
293 73
294 73
295 73
296 73
297 73
298 73
299 73
300 73
287 74
288 74
289 74
290 74
291 74
292 74
293 74
294 74
295 74
296 74
297 74
298 74
299 74
300 74
287 75
288 75
289 75
290 75
291 75
292 75
293 75
294 75
295 75
296 75
297 75
298 75
299 75
300 75
287 76
288 76
289 76
290 76
291 76
292 76
293 76
294 76
295 76
296 76
297 76
298 76
299 76
300 76
288 77
289 77
290 77
291 77
292 77
293 77
294 77
295 77
296 77
297 77
298 77
299 77
288 78
289 78
290 78
291 78
292 78
293 78
294 78
295 78
296 78
297 78
298 78
299 78
288 79
289 79
290 79
291 79
292 79
293 79
294 79
295 79
296 79
297 79
298 79
299 79
300 79
288 80
289 80
290 80
291 80
292 80
293 80
294 80
295 80
296 80
297 80
298 80
299 80
300 80
288 81
289 81
290 81
291 81
292 81
293 81
294 81
295 81
296 81
297 81
298 81
299 81
300 81
288 82
289 82
290 82
291 82
292 82
293 82
294 82
295 82
296 82
297 82
298 82
299 82
300 82
301 82
288 83
289 83
290 83
291 83
292 83
293 83
294 83
295 83
296 83
297 83
298 83
299 83
300 83
301 83
288 84
289 84
290 84
291 84
292 84
293 84
294 84
295 84
296 84
297 84
298 84
299 84
300 84
301 84
302 84
288 85
289 85
290 85
291 85
292 85
293 85
294 85
297 85
298 85
299 85
300 85
301 85
302 85
288 86
289 86
290 86
291 86
292 86
293 86
298 86
299 86
300 86
301 86
302 86
303 86
288 87
289 87
290 87
291 87
292 87
299 87
300 87
301 87
302 87
303 87
287 88
288 88
289 88
290 88
291 88
292 88
300 88
301 88
302 88
303 88
304 88
287 89
288 89
289 89
290 89
291 89
300 89
301 89
302 89
303 89
304 89
305 89
287 90
288 90
289 90
290 90
291 90
301 90
302 90
303 90
304 90
305 90
286 91
287 91
288 91
289 91
290 91
302 91
303 91
304 91
305 91
306 91
286 92
287 92
288 92
289 92
290 92
303 92
304 92
305 92
306 92
307 92
286 93
287 93
288 93
289 93
304 93
305 93
306 93
307 93
308 93
286 94
287 94
288 94
289 94
305 94
306 94
307 94
308 94
286 95
287 95
288 95
306 95
307 95
308 95
309 95
285 96
286 96
287 96
288 96
307 96
308 96
309 96
310 96
285 97
286 97
287 97
308 97
309 97
310 97
311 97
285 98
286 98
287 98
308 98
309 98
310 98
311 98
284 99
285 99
286 99
287 99
308 99
309 99
310 99
311 99
284 100
285 100
286 100
287 100
309 100
310 100
311 100
284 101
285 101
286 101
287 101
309 101
310 101
311 101
284 102
285 102
286 102
310 102
311 102
285 103

FRAME 176
295 61
296 61
297 61
298 61
294 62
295 62
296 62
297 62
298 62
294 63
295 63
296 63
297 63
298 63
294 64
295 64
296 64
297 64
298 64
294 65
295 65
296 65
297 65
298 65
294 66
295 66
296 66
297 66
298 66
299 66
293 67
294 67
295 67
296 67
297 67
298 67
299 67
292 68
293 68
294 68
295 68
296 68
297 68
298 68
299 68
300 68
301 68
291 69
292 69
293 69
294 69
295 69
296 69
297 69
298 69
299 69
300 69
301 69
291 70
292 70
293 70
294 70
295 70
296 70
297 70
298 70
299 70
300 70
301 70
302 70
291 71
292 71
293 71
294 71
295 71
296 71
297 71
298 71
299 71
300 71
301 71
302 71
291 72
292 72
293 72
294 72
295 72
296 72
297 72
298 72
299 72
300 72
301 72
302 72
291 73
292 73
293 73
294 73
295 73
296 73
297 73
298 73
299 73
300 73
301 73
302 73
303 73
290 74
291 74
292 74
293 74
294 74
295 74
296 74
297 74
298 74
299 74
300 74
301 74
302 74
303 74
290 75
291 75
292 75
293 75
294 75
295 75
296 75
297 75
298 75
299 75
300 75
301 75
302 75
303 75
291 76
292 76
293 76
294 76
295 76
296 76
297 76
298 76
299 76
300 76
301 76
302 76
303 76
291 77
292 77
293 77
294 77
295 77
296 77
297 77
298 77
299 77
300 77
301 77
302 77
303 77
291 78
292 78
293 78
294 78
295 78
296 78
297 78
298 78
299 78
300 78
301 78
302 78
303 78
291 79
292 79
293 79
294 79
295 79
296 79
297 79
298 79
299 79
300 79
301 79
302 79
291 80
292 80
293 80
294 80
295 80
296 80
297 80
298 80
299 80
300 80
301 80
302 80
291 81
292 81
293 81
294 81
295 81
296 81
297 81
298 81
299 81
300 81
301 81
302 81
303 81
291 82
292 82
293 82
294 82
295 82
296 82
297 82
298 82
299 82
300 82
301 82
302 82
303 82
291 83
292 83
293 83
294 83
295 83
296 83
297 83
298 83
299 83
300 83
301 83
302 83
303 83
291 84
292 84
293 84
294 84
295 84
296 84
297 84
298 84
299 84
300 84
301 84
302 84
303 84
304 84
291 85
292 85
293 85
294 85
295 85
296 85
297 85
298 85
299 85
300 85
301 85
302 85
303 85
304 85
290 86
291 86
292 86
293 86
294 86
295 86
296 86
300 86
301 86
302 86
303 86
304 86
305 86
290 87
291 87
292 87
293 87
294 87
295 87
301 87
302 87
303 87
304 87
305 87
290 88
291 88
292 88
293 88
294 88
302 88
303 88
304 88
305 88
306 88
289 89
290 89
291 89
292 89
293 89
303 89
304 89
305 89
306 89
289 90
290 90
291 90
292 90
293 90
303 90
304 90
305 90
306 90
307 90
289 91
290 91
291 91
292 91
304 91
305 91
306 91
307 91
308 91
288 92
289 92
290 92
291 92
292 92
305 92
306 92
307 92
308 92
288 93
289 93
290 93
291 93
305 93
306 93
307 93
308 93
309 93
288 94
289 94
290 94
306 94
307 94
308 94
309 94
287 95
288 95
289 95
290 95
307 95
308 95
309 95
310 95
287 96
288 96
289 96
308 96
309 96
310 96
311 96
286 97
287 97
288 97
309 97
310 97
311 97
286 98
287 98
288 98
309 98
310 98
311 98
286 99
287 99
288 99
309 99
310 99
311 99
312 99
285 100
286 100
287 100
288 100
309 100
310 100
311 100
312 100
284 101
285 101
286 101
287 101
288 101
310 101
311 101
312 101
284 102
285 102
286 102
287 102
310 102
311 102
285 103
286 103

FRAME 177
451 258
452 258
453 258
454 258
450 259
451 259
452 259
453 259
454 259
455 259
449 260
450 260
451 260
452 260
453 260
454 260
455 260
449 261
450 261
451 261
452 261
453 261
454 261
455 261
448 262
449 262
450 262
451 262
452 262
453 262
454 262
455 262
448 263
449 263
450 263
451 263
452 263
453 263
454 263
455 263
448 264
449 264
450 264
451 264
452 264
453 264
454 264
455 264
448 265
449 265
450 265
451 265
452 265
453 265
454 265
447 266
448 266
449 266
450 266
451 266
452 266
453 266
454 266
445 267
446 267
447 267
448 267
449 267
450 267
451 267
452 267
453 267
454 267
444 268
445 268
446 268
447 268
448 268
449 268
450 268
451 268
452 268
453 268
454 268
455 268
443 269
444 269
445 269
446 269
447 269
448 269
449 269
450 269
451 269
452 269
453 269
454 269
455 269
456 269
457 269
458 269
459 269
460 269
461 269
462 269
463 269
464 269
442 270
443 270
444 270
445 270
446 270
447 270
448 270
449 270
450 270
451 270
452 270
453 270
454 270
455 270
456 270
457 270
458 270
459 270
460 270
461 270
462 270
463 270
464 270
442 271
443 271
444 271
445 271
446 271
447 271
448 271
449 271
450 271
451 271
452 271
453 271
454 271
455 271
456 271
457 271
458 271
459 271
460 271
461 271
462 271
463 271
441 272
442 272
443 272
444 272
445 272
446 272
447 272
448 272
449 272
450 272
451 272
452 272
453 272
454 272
455 272
441 273
442 273
443 273
444 273
445 273
446 273
447 273
448 273
449 273
450 273
451 273
452 273
440 274
441 274
442 274
443 274
444 274
445 274
446 274
447 274
448 274
449 274
450 274
451 274
452 274
440 275
441 275
442 275
443 275
444 275
445 275
446 275
447 275
448 275
449 275
450 275
451 275
439 276
440 276
441 276
442 276
443 276
444 276
445 276
446 276
447 276
448 276
449 276
450 276
451 276
439 277
440 277
441 277
442 277
443 277
444 277
445 277
446 277
447 277
448 277
449 277
450 277
451 277
438 278
439 278
440 278
441 278
442 278
443 278
444 278
445 278
446 278
447 278
448 278
449 278
450 278
438 279
439 279
440 279
441 279
442 279
443 279
444 279
445 279
446 279
447 279
448 279
449 279
450 279
437 280
438 280
439 280
440 280
441 280
442 280
443 280
444 280
445 280
446 280
447 280
448 280
449 280
437 281
438 281
439 281
440 281
441 281
442 281
443 281
444 281
445 281
446 281
447 281
448 281
436 282
437 282
438 282
439 282
440 282
441 282
442 282
443 282
444 282
445 282
446 282
447 282
448 282
435 283
436 283
437 283
438 283
439 283
440 283
441 283
442 283
443 283
444 283
445 283
446 283
447 283
448 283
435 284
436 284
437 284
438 284
439 284
440 284
441 284
442 284
443 284
444 284
445 284
446 284
447 284
434 285
435 285
436 285
437 285
438 285
439 285
440 285
441 285
442 285
443 285
444 285
445 285
446 285
447 285
434 286
435 286
436 286
437 286
438 286
439 286
440 286
441 286
442 286
443 286
444 286
445 286
446 286
447 286
434 287
435 287
436 287
437 287
438 287
439 287
440 287
441 287
442 287
443 287
444 287
445 287
446 287
447 287
434 288
435 288
436 288
437 288
438 288
439 288
440 288
441 288
442 288
443 288
444 288
445 288
446 288
447 288
434 289
435 289
436 289
437 289
438 289
439 289
440 289
441 289
442 289
443 289
444 289
445 289
446 289
447 289
434 290
435 290
436 290
437 290
438 290
439 290
440 290
441 290
442 290
443 290
444 290
445 290
446 290
447 290
448 290
434 291
435 291
436 291
437 291
438 291
439 291
440 291
441 291
442 291
443 291
444 291
445 291
446 291
447 291
448 291
449 291
435 292
436 292
437 292
438 292
439 292
440 292
441 292
442 292
443 292
444 292
445 292
446 292
447 292
448 292
449 292
450 292
435 293
436 293
437 293
438 293
439 293
440 293
441 293
442 293
443 293
444 293
445 293
446 293
447 293
448 293
449 293
450 293
451 293
436 294
437 294
438 294
439 294
440 294
441 294
442 294
443 294
444 294
445 294
446 294
447 294
448 294
449 294
450 294
451 294
452 294
436 295
437 295
438 295
439 295
440 295
441 295
442 295
443 295
444 295
445 295
446 295
447 295
448 295
449 295
450 295
451 295
452 295
453 295
437 296
438 296
439 296
440 296
441 296
442 296
443 296
444 296
445 296
446 296
447 296
448 296
449 296
450 296
451 296
452 296
453 296
438 297
439 297
440 297
441 297
442 297
443 297
444 297
445 297
446 297
447 297
448 297
449 297
450 297
451 297
452 297
453 297
438 298
439 298
440 298
441 298
442 298
443 298
444 298
445 298
446 298
447 298
448 298
449 298
450 298
451 298
452 298
453 298
439 299
440 299
441 299
442 299
443 299
444 299
445 299
446 299
447 299
448 299
449 299
450 299
451 299
452 299
453 299
440 300
441 300
442 300
443 300
444 300
445 300
446 300
447 300
448 300
449 300
450 300
451 300
452 300
453 300
441 301
442 301
443 301
444 301
445 301
446 301
447 301
448 301
449 301
450 301
451 301
452 301
453 301
442 302
443 302
444 302
445 302
446 302
447 302
448 302
449 302
450 302
451 302
452 302
453 302
443 303
444 303
445 303
446 303
447 303
448 303
449 303
450 303
451 303
452 303
453 303
443 304
444 304
445 304
446 304
447 304
448 304
449 304
450 304
451 304
452 304
453 304
444 305
445 305
446 305
447 305
448 305
449 305
450 305
451 305
452 305
453 305
444 306
445 306
446 306
447 306
448 306
449 306
450 306
451 306
452 306
453 306
444 307
445 307
446 307
447 307
448 307
449 307
450 307
451 307
452 307
453 307
444 308
445 308
446 308
447 308
448 308
449 308
450 308
451 308
452 308
453 308
454 308
444 309
445 309
446 309
447 309
448 309
449 309
450 309
451 309
452 309
453 309
454 309
443 310
444 310
445 310
446 310
447 310
448 310
449 310
450 310
451 310
452 310
453 310
454 310
443 311
444 311
445 311
446 311
447 311
448 311
449 311
450 311
451 311
452 311
453 311
454 311
455 311
456 311
443 312
444 312
445 312
446 312
447 312
448 312
449 312
450 312
451 312
452 312
453 312
454 312
455 312
456 312
457 312
458 312
459 312
443 313
444 313
445 313
446 313
447 313
448 313
449 313
450 313
451 313
452 313
453 313
454 313
455 313
456 313
457 313
458 313
459 313
443 314
444 314
445 314
446 314
447 314
448 314
449 314
450 314
451 314
452 314
453 314
454 314
455 314
456 314
457 314
458 314
459 314
460 314
443 315
444 315
445 315
446 315
447 315
448 315
449 315
450 315
451 315
452 315
453 315
454 315
455 315
456 315
457 315
458 315
459 315
442 316
443 316
444 316
445 316
446 316
447 316
452 316
453 316
454 316
455 316
456 316
457 316
442 317
443 317
444 317
445 317
446 317
442 318
443 318
444 318
445 318
441 319
442 319
443 319
444 319
445 319
441 320
442 320
443 320
444 320
445 320
441 321
442 321
443 321
444 321
445 321
440 322
441 322
442 322
443 322
444 322
445 322
440 323
441 323
442 323
443 323
444 323
445 323
439 324
440 324
441 324
442 324
443 324
444 324
445 324
446 324
439 325
440 325
441 325
442 325
443 325
444 325
445 325
446 325
447 325
448 325
439 326
440 326
441 326
442 326
443 326
444 326
445 326
446 326
447 326
448 326
449 326
440 327
441 327
442 327
443 327
444 327
445 327
446 327
447 327
448 327
449 327
450 327
442 328
443 328
444 328
445 328
446 328
447 328
448 328
449 328
450 328
451 328
444 329
445 329
446 329
447 329
448 329
449 329
450 329
451 329

FRAME 178
451 257
452 257
453 257
454 257
455 257
450 258
451 258
452 258
453 258
454 258
455 258
456 258
450 259
451 259
452 259
453 259
454 259
455 259
456 259
449 260
450 260
451 260
452 260
453 260
454 260
455 260
456 260
449 261
450 261
451 261
452 261
453 261
454 261
455 261
456 261
449 262
450 262
451 262
452 262
453 262
454 262
455 262
456 262
449 263
450 263
451 263
452 263
453 263
454 263
455 263
448 264
449 264
450 264
451 264
452 264
453 264
454 264
455 264
447 265
448 265
449 265
450 265
451 265
452 265
453 265
454 265
455 265
446 266
447 266
448 266
449 266
450 266
451 266
452 266
453 266
454 266
455 266
444 267
445 267
446 267
447 267
448 267
449 267
450 267
451 267
452 267
453 267
454 267
455 267
456 267
457 267
458 267
443 268
444 268
445 268
446 268
447 268
448 268
449 268
450 268
451 268
452 268
453 268
454 268
455 268
456 268
457 268
458 268
459 268
443 269
444 269
445 269
446 269
447 269
448 269
449 269
450 269
451 269
452 269
453 269
454 269
455 269
456 269
457 269
458 269
459 269
442 270
443 270
444 270
445 270
446 270
447 270
448 270
449 270
450 270
451 270
452 270
453 270
454 270
455 270
456 270
457 270
442 271
443 271
444 271
445 271
446 271
447 271
448 271
449 271
450 271
451 271
452 271
453 271
454 271
442 272
443 272
444 272
445 272
446 272
447 272
448 272
449 272
450 272
451 272
452 272
453 272
441 273
442 273
443 273
444 273
445 273
446 273
447 273
448 273
449 273
450 273
451 273
452 273
453 273
441 274
442 274
443 274
444 274
445 274
446 274
447 274
448 274
449 274
450 274
451 274
452 274
453 274
440 275
441 275
442 275
443 275
444 275
445 275
446 275
447 275
448 275
449 275
450 275
451 275
452 275
440 276
441 276
442 276
443 276
444 276
445 276
446 276
447 276
448 276
449 276
450 276
451 276
452 276
439 277
440 277
441 277
442 277
443 277
444 277
445 277
446 277
447 277
448 277
449 277
450 277
451 277
439 278
440 278
441 278
442 278
443 278
444 278
445 278
446 278
447 278
448 278
449 278
450 278
451 278
438 279
439 279
440 279
441 279
442 279
443 279
444 279
445 279
446 279
447 279
448 279
449 279
450 279
438 280
439 280
440 280
441 280
442 280
443 280
444 280
445 280
446 280
447 280
448 280
449 280
450 280
437 281
438 281
439 281
440 281
441 281
442 281
443 281
444 281
445 281
446 281
447 281
448 281
449 281
437 282
438 282
439 282
440 282
441 282
442 282
443 282
444 282
445 282
446 282
447 282
448 282
449 282
436 283
437 283
438 283
439 283
440 283
441 283
442 283
443 283
444 283
445 283
446 283
447 283
448 283
436 284
437 284
438 284
439 284
440 284
441 284
442 284
443 284
444 284
445 284
446 284
447 284
448 284
435 285
436 285
437 285
438 285
439 285
440 285
441 285
442 285
443 285
444 285
445 285
446 285
447 285
448 285
435 286
436 286
437 286
438 286
439 286
440 286
441 286
442 286
443 286
444 286
445 286
446 286
447 286
448 286
435 287
436 287
437 287
438 287
439 287
440 287
441 287
442 287
443 287
444 287
445 287
446 287
447 287
448 287
435 288
436 288
437 288
438 288
439 288
440 288
441 288
442 288
443 288
444 288
445 288
446 288
447 288
448 288
435 289
436 289
437 289
438 289
439 289
440 289
441 289
442 289
443 289
444 289
445 289
446 289
447 289
448 289
449 289
435 290
436 290
437 290
438 290
439 290
440 290
441 290
442 290
443 290
444 290
445 290
446 290
447 290
448 290
449 290
450 290
435 291
436 291
437 291
438 291
439 291
440 291
441 291
442 291
443 291
444 291
445 291
446 291
447 291
448 291
449 291
450 291
451 291
436 292
437 292
438 292
439 292
440 292
441 292
442 292
443 292
444 292
445 292
446 292
447 292
448 292
449 292
450 292
451 292
437 293
438 293
439 293
440 293
441 293
442 293
443 293
444 293
445 293
446 293
447 293
448 293
449 293
450 293
451 293
452 293
438 294
439 294
440 294
441 294
442 294
443 294
444 294
445 294
446 294
447 294
448 294
449 294
450 294
451 294
452 294
453 294
438 295
439 295
440 295
441 295
442 295
443 295
444 295
445 295
446 295
447 295
448 295
449 295
450 295
451 295
452 295
453 295
439 296
440 296
441 296
442 296
443 296
444 296
445 296
446 296
447 296
448 296
449 296
450 296
451 296
452 296
453 296
440 297
441 297
442 297
443 297
444 297
445 297
446 297
447 297
448 297
449 297
450 297
451 297
452 297
453 297
440 298
441 298
442 298
443 298
444 298
445 298
446 298
447 298
448 298
449 298
450 298
451 298
452 298
453 298
441 299
442 299
443 299
444 299
445 299
446 299
447 299
448 299
449 299
450 299
451 299
452 299
453 299
441 300
442 300
443 300
444 300
445 300
446 300
447 300
448 300
449 300
450 300
451 300
452 300
453 300
442 301
443 301
444 301
445 301
446 301
447 301
448 301
449 301
450 301
451 301
452 301
453 301
443 302
444 302
445 302
446 302
447 302
448 302
449 302
450 302
451 302
452 302
453 302
443 303
444 303
445 303
446 303
447 303
448 303
449 303
450 303
451 303
452 303
453 303
443 304
444 304
445 304
446 304
447 304
448 304
449 304
450 304
451 304
452 304
453 304
444 305
445 305
446 305
447 305
448 305
449 305
450 305
451 305
452 305
453 305
444 306
445 306
446 306
447 306
448 306
449 306
450 306
451 306
452 306
453 306
444 307
445 307
446 307
447 307
448 307
449 307
450 307
451 307
452 307
453 307
444 308
445 308
446 308
447 308
448 308
449 308
450 308
451 308
452 308
453 308
454 308
444 309
445 309
446 309
447 309
448 309
449 309
450 309
451 309
452 309
453 309
454 309
444 310
445 310
446 310
447 310
448 310
449 310
450 310
451 310
452 310
453 310
454 310
443 311
444 311
445 311
446 311
447 311
448 311
449 311
450 311
451 311
452 311
453 311
454 311
455 311
456 311
443 312
444 312
445 312
446 312
447 312
448 312
449 312
450 312
451 312
452 312
453 312
454 312
455 312
456 312
457 312
458 312
459 312
443 313
444 313
445 313
446 313
447 313
448 313
449 313
450 313
451 313
452 313
453 313
454 313
455 313
456 313
457 313
458 313
459 313
460 313
443 314
444 314
445 314
446 314
447 314
448 314
449 314
450 314
451 314
452 314
453 314
454 314
455 314
456 314
457 314
458 314
459 314
460 314
443 315
444 315
445 315
446 315
447 315
448 315
449 315
450 315
451 315
452 315
453 315
454 315
455 315
456 315
457 315
458 315
459 315
443 316
444 316
445 316
446 316
447 316
448 316
450 316
451 316
452 316
453 316
454 316
455 316
456 316
457 316
442 317
443 317
444 317
445 317
446 317
447 317
442 318
443 318
444 318
445 318
446 318
441 319
442 319
443 319
444 319
445 319
446 319
441 320
442 320
443 320
444 320
445 320
446 320
441 321
442 321
443 321
444 321
445 321
440 322
441 322
442 322
443 322
444 322
445 322
440 323
441 323
442 323
443 323
444 323
445 323
446 323
439 324
440 324
441 324
442 324
443 324
444 324
445 324
446 324
439 325
440 325
441 325
442 325
443 325
444 325
445 325
446 325
447 325
448 325
440 326
441 326
442 326
443 326
444 326
445 326
446 326
447 326
448 326
449 326
441 327
442 327
443 327
444 327
445 327
446 327
447 327
448 327
449 327
450 327
443 328
444 328
445 328
446 328
447 328
448 328
449 328
450 328
451 328
445 329
446 329
447 329
448 329
449 329
450 329
451 329

FRAME 179
452 255
453 255
454 255
455 255
456 255
451 256
452 256
453 256
454 256
455 256
456 256
457 256
450 257
451 257
452 257
453 257
454 257
455 257
456 257
457 257
450 258
451 258
452 258
453 258
454 258
455 258
456 258
457 258
450 259
451 259
452 259
453 259
454 259
455 259
456 259
457 259
450 260
451 260
452 260
453 260
454 260
455 260
456 260
457 260
449 261
450 261
451 261
452 261
453 261
454 261
455 261
456 261
445 262
446 262
447 262
448 262
449 262
450 262
451 262
452 262
453 262
454 262
455 262
456 262
443 263
444 263
445 263
446 263
447 263
448 263
449 263
450 263
451 263
452 263
453 263
454 263
455 263
456 263
441 264
442 264
443 264
444 264
445 264
446 264
447 264
448 264
449 264
450 264
451 264
452 264
453 264
454 264
455 264
456 264
439 265
440 265
441 265
442 265
443 265
444 265
445 265
446 265
447 265
448 265
449 265
450 265
451 265
452 265
453 265
454 265
455 265
437 266
438 266
439 266
440 266
441 266
442 266
443 266
444 266
445 266
446 266
447 266
448 266
449 266
450 266
451 266
452 266
453 266
454 266
455 266
437 267
438 267
439 267
440 267
441 267
442 267
443 267
444 267
445 267
446 267
447 267
448 267
449 267
450 267
451 267
452 267
453 267
454 267
455 267
438 268
439 268
440 268
441 268
442 268
443 268
444 268
445 268
446 268
447 268
448 268
449 268
450 268
451 268
452 268
453 268
454 268
439 269
440 269
441 269
442 269
443 269
444 269
445 269
446 269
447 269
448 269
449 269
450 269
451 269
452 269
453 269
454 269
441 270
442 270
443 270
444 270
445 270
446 270
447 270
448 270
449 270
450 270
451 270
452 270
453 270
454 270
441 271
442 271
443 271
444 271
445 271
446 271
447 271
448 271
449 271
450 271
451 271
452 271
453 271
454 271
441 272
442 272
443 272
444 272
445 272
446 272
447 272
448 272
449 272
450 272
451 272
452 272
453 272
454 272
441 273
442 273
443 273
444 273
445 273
446 273
447 273
448 273
449 273
450 273
451 273
452 273
453 273
454 273
440 274
441 274
442 274
443 274
444 274
445 274
446 274
447 274
448 274
449 274
450 274
451 274
452 274
453 274
454 274
440 275
441 275
442 275
443 275
444 275
445 275
446 275
447 275
448 275
449 275
450 275
451 275
452 275
453 275
454 275
440 276
441 276
442 276
443 276
444 276
445 276
446 276
447 276
448 276
449 276
450 276
451 276
452 276
453 276
454 276
439 277
440 277
441 277
442 277
443 277
444 277
445 277
446 277
447 277
448 277
449 277
450 277
451 277
452 277
453 277
454 277
439 278
440 278
441 278
442 278
443 278
444 278
445 278
446 278
447 278
448 278
449 278
450 278
451 278
452 278
453 278
438 279
439 279
440 279
441 279
442 279
443 279
444 279
445 279
446 279
447 279
448 279
449 279
450 279
451 279
452 279
453 279
438 280
439 280
440 280
441 280
442 280
443 280
444 280
445 280
446 280
447 280
448 280
449 280
450 280
451 280
452 280
453 280
437 281
438 281
439 281
440 281
441 281
442 281
443 281
444 281
445 281
446 281
447 281
448 281
449 281
450 281
451 281
452 281
453 281
437 282
438 282
439 282
440 282
441 282
442 282
443 282
444 282
445 282
446 282
447 282
448 282
449 282
450 282
451 282
452 282
436 283
437 283
438 283
439 283
440 283
441 283
442 283
443 283
444 283
445 283
446 283
447 283
448 283
449 283
450 283
451 283
452 283
436 284
437 284
438 284
439 284
440 284
441 284
442 284
443 284
444 284
445 284
446 284
447 284
448 284
449 284
450 284
451 284
452 284
436 285
437 285
438 285
439 285
440 285
441 285
442 285
443 285
444 285
445 285
446 285
447 285
448 285
449 285
450 285
451 285
452 285
453 285
436 286
437 286
438 286
439 286
440 286
441 286
442 286
443 286
444 286
445 286
446 286
447 286
448 286
449 286
450 286
451 286
452 286
453 286
436 287
437 287
438 287
439 287
440 287
441 287
442 287
443 287
444 287
445 287
446 287
447 287
448 287
449 287
450 287
451 287
452 287
453 287
436 288
437 288
438 288
439 288
440 288
441 288
442 288
443 288
444 288
445 288
446 288
447 288
448 288
449 288
450 288
451 288
452 288
453 288
436 289
437 289
438 289
439 289
440 289
441 289
442 289
443 289
444 289
445 289
446 289
447 289
448 289
449 289
450 289
451 289
452 289
453 289
437 290
438 290
439 290
440 290
441 290
442 290
443 290
444 290
445 290
446 290
447 290
448 290
449 290
450 290
451 290
452 290
453 290
454 290
438 291
439 291
440 291
441 291
442 291
443 291
444 291
445 291
446 291
447 291
448 291
449 291
450 291
451 291
452 291
453 291
454 291
439 292
440 292
441 292
442 292
443 292
444 292
445 292
446 292
447 292
448 292
449 292
450 292
451 292
452 292
453 292
454 292
440 293
441 293
442 293
443 293
444 293
445 293
446 293
447 293
448 293
449 293
450 293
451 293
452 293
453 293
454 293
441 294
442 294
443 294
444 294
445 294
446 294
447 294
448 294
449 294
450 294
451 294
452 294
453 294
454 294
455 294
441 295
442 295
443 295
444 295
445 295
446 295
447 295
448 295
449 295
450 295
451 295
452 295
453 295
454 295
455 295
441 296
442 296
443 296
444 296
445 296
446 296
447 296
448 296
449 296
450 296
451 296
452 296
453 296
454 296
442 297
443 297
444 297
445 297
446 297
447 297
448 297
449 297
450 297
451 297
452 297
453 297
454 297
442 298
443 298
444 298
445 298
446 298
447 298
448 298
449 298
450 298
451 298
452 298
453 298
454 298
443 299
444 299
445 299
446 299
447 299
448 299
449 299
450 299
451 299
452 299
453 299
454 299
444 300
445 300
446 300
447 300
448 300
449 300
450 300
451 300
452 300
453 300
454 300
444 301
445 301
446 301
447 301
448 301
449 301
450 301
451 301
452 301
453 301
444 302
445 302
446 302
447 302
448 302
449 302
450 302
451 302
452 302
453 302
444 303
445 303
446 303
447 303
448 303
449 303
450 303
451 303
452 303
453 303
445 304
446 304
447 304
448 304
449 304
450 304
451 304
452 304
453 304
445 305
446 305
447 305
448 305
449 305
450 305
451 305
452 305
453 305
444 306
445 306
446 306
447 306
448 306
449 306
450 306
451 306
452 306
453 306
444 307
445 307
446 307
447 307
448 307
449 307
450 307
451 307
452 307
453 307
454 307
444 308
445 308
446 308
447 308
448 308
449 308
450 308
451 308
452 308
453 308
454 308
444 309
445 309
446 309
447 309
448 309
449 309
450 309
451 309
452 309
453 309
454 309
444 310
445 310
446 310
447 310
448 310
449 310
450 310
451 310
452 310
453 310
454 310
455 310
444 311
445 311
446 311
447 311
448 311
449 311
450 311
451 311
452 311
453 311
454 311
455 311
456 311
444 312
445 312
446 312
447 312
448 312
449 312
450 312
451 312
452 312
453 312
454 312
455 312
456 312
457 312
458 312
459 312
443 313
444 313
445 313
446 313
447 313
448 313
449 313
450 313
451 313
452 313
453 313
454 313
455 313
456 313
457 313
458 313
459 313
443 314
444 314
445 314
446 314
447 314
448 314
449 314
450 314
451 314
452 314
453 314
454 314
455 314
456 314
457 314
458 314
459 314
460 314
443 315
444 315
445 315
446 315
447 315
448 315
449 315
450 315
451 315
452 315
453 315
454 315
455 315
456 315
457 315
458 315
459 315
443 316
444 316
445 316
446 316
447 316
453 316
454 316
442 317
443 317
444 317
445 317
446 317
447 317
442 318
443 318
444 318
445 318
446 318
442 319
443 319
444 319
445 319
446 319
441 320
442 320
443 320
444 320
445 320
446 320
441 321
442 321
443 321
444 321
445 321
446 321
447 321
440 322
441 322
442 322
443 322
444 322
445 322
446 322
447 322
441 323
442 323
443 323
444 323
445 323
446 323
447 323
442 324
443 324
444 324
445 324
446 324
447 324
448 324
443 325
444 325
445 325
446 325
447 325
448 325
449 325
444 326
445 326
446 326
447 326
448 326
449 326
450 326
445 327
446 327
447 327
448 327
449 327
450 327
451 327
447 328
448 328
449 328
450 328
451 328

FRAME 180
301 58
302 58
303 58
300 59
301 59
302 59
303 59
304 59
300 60
301 60
302 60
303 60
304 60
300 61
301 61
302 61
303 61
304 61
300 62
301 62
302 62
303 62
304 62
300 63
301 63
302 63
303 63
304 63
305 63
299 64
300 64
301 64
302 64
303 64
304 64
305 64
306 64
298 65
299 65
300 65
301 65
302 65
303 65
304 65
305 65
306 65
307 65
298 66
299 66
300 66
301 66
302 66
303 66
304 66
305 66
306 66
307 66
308 66
297 67
298 67
299 67
300 67
301 67
302 67
303 67
304 67
305 67
306 67
307 67
308 67
297 68
298 68
299 68
300 68
301 68
302 68
303 68
304 68
305 68
306 68
307 68
308 68
297 69
298 69
299 69
300 69
301 69
302 69
303 69
304 69
305 69
306 69
307 69
308 69
297 70
298 70
299 70
300 70
301 70
302 70
303 70
304 70
305 70
306 70
307 70
308 70
296 71
297 71
298 71
299 71
300 71
301 71
302 71
303 71
304 71
305 71
306 71
307 71
308 71
296 72
297 72
298 72
299 72
300 72
301 72
302 72
303 72
304 72
305 72
306 72
307 72
308 72
309 72
296 73
297 73
298 73
299 73
300 73
301 73
302 73
303 73
304 73
305 73
306 73
307 73
308 73
309 73
296 74
297 74
298 74
299 74
300 74
301 74
302 74
303 74
304 74
305 74
306 74
307 74
308 74
309 74
297 75
298 75
299 75
300 75
301 75
302 75
303 75
304 75
305 75
306 75
307 75
308 75
297 76
298 76
299 76
300 76
301 76
302 76
303 76
304 76
305 76
306 76
307 76
308 76
297 77
298 77
299 77
300 77
301 77
302 77
303 77
304 77
305 77
306 77
307 77
308 77
297 78
298 78
299 78
300 78
301 78
302 78
303 78
304 78
305 78
306 78
307 78
308 78
309 78
297 79
298 79
299 79
300 79
301 79
302 79
303 79
304 79
305 79
306 79
307 79
308 79
309 79
297 80
298 80
299 80
300 80
301 80
302 80
303 80
304 80
305 80
306 80
307 80
308 80
309 80
297 81
298 81
299 81
300 81
301 81
302 81
303 81
304 81
305 81
306 81
307 81
308 81
309 81
297 82
298 82
299 82
300 82
301 82
302 82
304 82
305 82
306 82
307 82
308 82
309 82
297 83
298 83
299 83
300 83
301 83
305 83
306 83
307 83
308 83
309 83
296 84
297 84
298 84
299 84
300 84
301 84
306 84
307 84
308 84
309 84
310 84
296 85
297 85
298 85
299 85
300 85
306 85
307 85
308 85
309 85
310 85
296 86
297 86
298 86
299 86
300 86
307 86
308 86
309 86
310 86
296 87
297 87
298 87
299 87
300 87
307 87
308 87
309 87
310 87
296 88
297 88
298 88
299 88
307 88
308 88
309 88
310 88
311 88
296 89
297 89
298 89
299 89
308 89
309 89
310 89
311 89
296 90
297 90
298 90
299 90
308 90
309 90
310 90
311 90
296 91
297 91
298 91
299 91
308 91
309 91
310 91
311 91
297 92
298 92
299 92
309 92
310 92
311 92
297 93
298 93
299 93
309 93
310 93
311 93
312 93
297 94
298 94
299 94
300 94
309 94
310 94
311 94
312 94
297 95
298 95
299 95
300 95
309 95
310 95
311 95
312 95
297 96
298 96
299 96
300 96
310 96
311 96
312 96
297 97
298 97
299 97
300 97
310 97
311 97
312 97
297 98
298 98
299 98
300 98
310 98
311 98
312 98
297 99
298 99
299 99
300 99
310 99
311 99
312 99
313 99
297 100
298 100
299 100
310 100
311 100
312 100
313 100
297 101
298 101
299 101
310 101
311 101
312 101
298 102
311 102

FRAME 182
303 57
304 57
305 57
306 57
302 58
303 58
304 58
305 58
306 58
302 59
303 59
304 59
305 59
306 59
302 60
303 60
304 60
305 60
306 60
302 61
303 61
304 61
305 61
306 61
307 61
302 62
303 62
304 62
305 62
306 62
307 62
301 63
302 63
303 63
304 63
305 63
306 63
307 63
308 63
300 64
301 64
302 64
303 64
304 64
305 64
306 64
307 64
308 64
309 64
300 65
301 65
302 65
303 65
304 65
305 65
306 65
307 65
308 65
309 65
299 66
300 66
301 66
302 66
303 66
304 66
305 66
306 66
307 66
308 66
309 66
310 66
299 67
300 67
301 67
302 67
303 67
304 67
305 67
306 67
307 67
308 67
309 67
310 67
311 67
299 68
300 68
301 68
302 68
303 68
304 68
305 68
306 68
307 68
308 68
309 68
310 68
311 68
299 69
300 69
301 69
302 69
303 69
304 69
305 69
306 69
307 69
308 69
309 69
310 69
311 69
299 70
300 70
301 70
302 70
303 70
304 70
305 70
306 70
307 70
308 70
309 70
310 70
311 70
299 71
300 71
301 71
302 71
303 71
304 71
305 71
306 71
307 71
308 71
309 71
310 71
311 71
299 72
300 72
301 72
302 72
303 72
304 72
305 72
306 72
307 72
308 72
309 72
310 72
311 72
299 73
300 73
301 73
302 73
303 73
304 73
305 73
306 73
307 73
308 73
309 73
310 73
311 73
299 74
300 74
301 74
302 74
303 74
304 74
305 74
306 74
307 74
308 74
309 74
310 74
311 74
299 75
300 75
301 75
302 75
303 75
304 75
305 75
306 75
307 75
308 75
309 75
310 75
311 75
299 76
300 76
301 76
302 76
303 76
304 76
305 76
306 76
307 76
308 76
309 76
310 76
311 76
299 77
300 77
301 77
302 77
303 77
304 77
305 77
306 77
307 77
308 77
309 77
310 77
311 77
299 78
300 78
301 78
302 78
303 78
304 78
305 78
306 78
307 78
308 78
309 78
310 78
311 78
299 79
300 79
301 79
302 79
303 79
304 79
305 79
306 79
307 79
308 79
309 79
310 79
311 79
299 80
300 80
301 80
302 80
303 80
304 80
305 80
306 80
307 80
308 80
309 80
310 80
311 80
299 81
300 81
301 81
302 81
303 81
304 81
307 81
308 81
309 81
310 81
311 81
299 82
300 82
301 82
302 82
303 82
307 82
308 82
309 82
310 82
311 82
299 83
300 83
301 83
302 83
303 83
308 83
309 83
310 83
311 83
299 84
300 84
301 84
302 84
308 84
309 84
310 84
311 84
312 84
299 85
300 85
301 85
302 85
308 85
309 85
310 85
311 85
312 85
299 86
300 86
301 86
302 86
309 86
310 86
311 86
312 86
299 87
300 87
301 87
302 87
303 87
309 87
310 87
311 87
312 87
300 88
301 88
302 88
303 88
310 88
311 88
312 88
300 89
301 89
302 89
303 89
310 89
311 89
312 89
301 90
302 90
303 90
310 90
311 90
312 90
313 90
301 91
302 91
303 91
310 91
311 91
312 91
313 91
301 92
302 92
303 92
304 92
311 92
312 92
313 92
302 93
303 93
304 93
311 93
312 93
313 93
302 94
303 94
304 94
311 94
312 94
313 94
314 94
302 95
303 95
304 95
311 95
312 95
313 95
314 95
302 96
303 96
304 96
311 96
312 96
313 96
314 96
302 97
303 97
304 97
312 97
313 97
314 97
302 98
303 98
304 98
312 98
313 98
314 98
302 99
303 99
304 99
312 99
313 99
314 99
303 100
312 100
313 100
314 100
312 101
313 101
314 101

FRAME 183
305 57
306 57
307 57
304 58
305 58
306 58
307 58
308 58
304 59
305 59
306 59
307 59
308 59
304 60
305 60
306 60
307 60
308 60
303 61
304 61
305 61
306 61
307 61
308 61
303 62
304 62
305 62
306 62
307 62
308 62
302 63
303 63
304 63
305 63
306 63
307 63
308 63
309 63
301 64
302 64
303 64
304 64
305 64
306 64
307 64
308 64
309 64
310 64
311 64
301 65
302 65
303 65
304 65
305 65
306 65
307 65
308 65
309 65
310 65
311 65
301 66
302 66
303 66
304 66
305 66
306 66
307 66
308 66
309 66
310 66
311 66
312 66
300 67
301 67
302 67
303 67
304 67
305 67
306 67
307 67
308 67
309 67
310 67
311 67
312 67
300 68
301 68
302 68
303 68
304 68
305 68
306 68
307 68
308 68
309 68
310 68
311 68
312 68
300 69
301 69
302 69
303 69
304 69
305 69
306 69
307 69
308 69
309 69
310 69
311 69
312 69
300 70
301 70
302 70
303 70
304 70
305 70
306 70
307 70
308 70
309 70
310 70
311 70
312 70
300 71
301 71
302 71
303 71
304 71
305 71
306 71
307 71
308 71
309 71
310 71
311 71
312 71
300 72
301 72
302 72
303 72
304 72
305 72
306 72
307 72
308 72
309 72
310 72
311 72
312 72
300 73
301 73
302 73
303 73
304 73
305 73
306 73
307 73
308 73
309 73
310 73
311 73
312 73
300 74
301 74
302 74
303 74
304 74
305 74
306 74
307 74
308 74
309 74
310 74
311 74
312 74
300 75
301 75
302 75
303 75
304 75
305 75
306 75
307 75
308 75
309 75
310 75
311 75
312 75
301 76
302 76
303 76
304 76
305 76
306 76
307 76
308 76
309 76
310 76
311 76
312 76
301 77
302 77
303 77
304 77
305 77
306 77
307 77
308 77
309 77
310 77
311 77
312 77
301 78
302 78
303 78
304 78
305 78
306 78
307 78
308 78
309 78
310 78
311 78
312 78
301 79
302 79
303 79
304 79
305 79
306 79
307 79
308 79
309 79
310 79
311 79
312 79
301 80
302 80
303 80
304 80
305 80
306 80
307 80
308 80
309 80
310 80
311 80
312 80
313 80
301 81
302 81
303 81
304 81
305 81
308 81
309 81
310 81
311 81
312 81
313 81
301 82
302 82
303 82
304 82
309 82
310 82
311 82
312 82
313 82
301 83
302 83
303 83
304 83
310 83
311 83
312 83
313 83
301 84
302 84
303 84
304 84
310 84
311 84
312 84
313 84
301 85
302 85
303 85
304 85
310 85
311 85
312 85
313 85
314 85
301 86
302 86
303 86
304 86
311 86
312 86
313 86
314 86
301 87
302 87
303 87
304 87
311 87
312 87
313 87
314 87
301 88
302 88
303 88
304 88
312 88
313 88
314 88
302 89
303 89
304 89
312 89
313 89
314 89
302 90
303 90
304 90
312 90
313 90
314 90
315 90
302 91
303 91
304 91
305 91
313 91
314 91
315 91
303 92
304 92
305 92
313 92
314 92
315 92
303 93
304 93
305 93
313 93
314 93
315 93
316 93
303 94
304 94
305 94
313 94
314 94
315 94
316 94
303 95
304 95
305 95
313 95
314 95
315 95
316 95
303 96
304 96
305 96
314 96
315 96
316 96
303 97
304 97
305 97
306 97
314 97
315 97
316 97
304 98
305 98
314 98
315 98
316 98
314 99
315 99
316 99
314 100
315 100
316 100
315 101
316 101

FRAME 184
305 57
306 57
307 57
308 57
305 58
306 58
307 58
308 58
309 58
305 59
306 59
307 59
308 59
309 59
304 60
305 60
306 60
307 60
308 60
309 60
304 61
305 61
306 61
307 61
308 61
309 61
304 62
305 62
306 62
307 62
308 62
309 62
303 63
304 63
305 63
306 63
307 63
308 63
309 63
310 63
302 64
303 64
304 64
305 64
306 64
307 64
308 64
309 64
310 64
311 64
301 65
302 65
303 65
304 65
305 65
306 65
307 65
308 65
309 65
310 65
311 65
312 65
301 66
302 66
303 66
304 66
305 66
306 66
307 66
308 66
309 66
310 66
311 66
312 66
301 67
302 67
303 67
304 67
305 67
306 67
307 67
308 67
309 67
310 67
311 67
312 67
301 68
302 68
303 68
304 68
305 68
306 68
307 68
308 68
309 68
310 68
311 68
312 68
313 68
301 69
302 69
303 69
304 69
305 69
306 69
307 69
308 69
309 69
310 69
311 69
312 69
313 69
301 70
302 70
303 70
304 70
305 70
306 70
307 70
308 70
309 70
310 70
311 70
312 70
313 70
301 71
302 71
303 71
304 71
305 71
306 71
307 71
308 71
309 71
310 71
311 71
312 71
313 71
301 72
302 72
303 72
304 72
305 72
306 72
307 72
308 72
309 72
310 72
311 72
312 72
313 72
301 73
302 73
303 73
304 73
305 73
306 73
307 73
308 73
309 73
310 73
311 73
312 73
313 73
301 74
302 74
303 74
304 74
305 74
306 74
307 74
308 74
309 74
310 74
311 74
312 74
313 74
301 75
302 75
303 75
304 75
305 75
306 75
307 75
308 75
309 75
310 75
311 75
312 75
313 75
301 76
302 76
303 76
304 76
305 76
306 76
307 76
308 76
309 76
310 76
311 76
312 76
313 76
301 77
302 77
303 77
304 77
305 77
306 77
307 77
308 77
309 77
310 77
311 77
312 77
313 77
301 78
302 78
303 78
304 78
305 78
306 78
307 78
308 78
309 78
310 78
311 78
312 78
313 78
301 79
302 79
303 79
304 79
305 79
306 79
307 79
308 79
309 79
310 79
311 79
312 79
313 79
301 80
302 80
303 80
304 80
305 80
306 80
307 80
308 80
309 80
310 80
311 80
312 80
313 80
301 81
302 81
303 81
304 81
305 81
309 81
310 81
311 81
312 81
313 81
301 82
302 82
303 82
304 82
305 82
310 82
311 82
312 82
313 82
314 82
301 83
302 83
303 83
304 83
305 83
310 83
311 83
312 83
313 83
314 83
301 84
302 84
303 84
304 84
305 84
311 84
312 84
313 84
314 84
301 85
302 85
303 85
304 85
305 85
311 85
312 85
313 85
314 85
315 85
301 86
302 86
303 86
304 86
305 86
312 86
313 86
314 86
315 86
302 87
303 87
304 87
305 87
312 87
313 87
314 87
315 87
302 88
303 88
304 88
305 88
313 88
314 88
315 88
302 89
303 89
304 89
313 89
314 89
315 89
316 89
302 90
303 90
304 90
313 90
314 90
315 90
316 90
303 91
304 91
314 91
315 91
316 91
303 92
304 92
305 92
314 92
315 92
316 92
303 93
304 93
305 93
315 93
316 93
317 93
303 94
304 94
305 94
315 94
316 94
317 94
303 95
304 95
305 95
315 95
316 95
317 95
303 96
304 96
305 96
315 96
316 96
317 96
303 97
304 97
305 97
315 97
316 97
317 97
318 97
304 98
305 98
315 98
316 98
317 98
318 98
315 99
316 99
317 99
318 99
316 100
317 100
318 100

FRAME 185
308 57
309 57
306 58
307 58
308 58
309 58
310 58
306 59
307 59
308 59
309 59
310 59
306 60
307 60
308 60
309 60
310 60
306 61
307 61
308 61
309 61
310 61
311 61
306 62
307 62
308 62
309 62
310 62
311 62
305 63
306 63
307 63
308 63
309 63
310 63
311 63
304 64
305 64
306 64
307 64
308 64
309 64
310 64
311 64
312 64
303 65
304 65
305 65
306 65
307 65
308 65
309 65
310 65
311 65
312 65
303 66
304 66
305 66
306 66
307 66
308 66
309 66
310 66
311 66
312 66
313 66
302 67
303 67
304 67
305 67
306 67
307 67
308 67
309 67
310 67
311 67
312 67
313 67
302 68
303 68
304 68
305 68
306 68
307 68
308 68
309 68
310 68
311 68
312 68
313 68
314 68
302 69
303 69
304 69
305 69
306 69
307 69
308 69
309 69
310 69
311 69
312 69
313 69
314 69
302 70
303 70
304 70
305 70
306 70
307 70
308 70
309 70
310 70
311 70
312 70
313 70
314 70
302 71
303 71
304 71
305 71
306 71
307 71
308 71
309 71
310 71
311 71
312 71
313 71
314 71
302 72
303 72
304 72
305 72
306 72
307 72
308 72
309 72
310 72
311 72
312 72
313 72
314 72
302 73
303 73
304 73
305 73
306 73
307 73
308 73
309 73
310 73
311 73
312 73
313 73
314 73
302 74
303 74
304 74
305 74
306 74
307 74
308 74
309 74
310 74
311 74
312 74
313 74
314 74
302 75
303 75
304 75
305 75
306 75
307 75
308 75
309 75
310 75
311 75
312 75
313 75
314 75
303 76
304 76
305 76
306 76
307 76
308 76
309 76
310 76
311 76
312 76
313 76
314 76
303 77
304 77
305 77
306 77
307 77
308 77
309 77
310 77
311 77
312 77
313 77
314 77
303 78
304 78
305 78
306 78
307 78
308 78
309 78
310 78
311 78
312 78
313 78
314 78
315 78
303 79
304 79
305 79
306 79
307 79
308 79
309 79
310 79
311 79
312 79
313 79
314 79
315 79
303 80
304 80
305 80
306 80
307 80
308 80
309 80
310 80
311 80
312 80
313 80
314 80
315 80
303 81
304 81
305 81
306 81
307 81
310 81
311 81
312 81
313 81
314 81
315 81
303 82
304 82
305 82
306 82
312 82
313 82
314 82
315 82
316 82
303 83
304 83
305 83
306 83
312 83
313 83
314 83
315 83
316 83
303 84
304 84
305 84
306 84
313 84
314 84
315 84
316 84
303 85
304 85
305 85
306 85
313 85
314 85
315 85
316 85
317 85
303 86
304 86
305 86
314 86
315 86
316 86
317 86
303 87
304 87
305 87
314 87
315 87
316 87
317 87
302 88
303 88
304 88
305 88
315 88
316 88
317 88
318 88
302 89
303 89
304 89
305 89
315 89
316 89
317 89
318 89
302 90
303 90
304 90
316 90
317 90
318 90
303 91
304 91
317 91
318 91
319 91
302 92
303 92
304 92
317 92
318 92
319 92
302 93
303 93
304 93
317 93
318 93
319 93
320 93
302 94
303 94
304 94
317 94
318 94
319 94
320 94
302 95
303 95
304 95
318 95
319 95
320 95
302 96
303 96
304 96
318 96
319 96
320 96
302 97
303 97
304 97
318 97
319 97
320 97
321 97
302 98
303 98
304 98
318 98
319 98
320 98
321 98
303 99
318 99
319 99
320 99
321 99
319 100
320 100
321 100

FRAME 186
308 58
309 58
310 58
311 58
308 59
309 59
310 59
311 59
307 60
308 60
309 60
310 60
311 60
307 61
308 61
309 61
310 61
311 61
312 61
307 62
308 62
309 62
310 62
311 62
312 62
307 63
308 63
309 63
310 63
311 63
312 63
305 64
306 64
307 64
308 64
309 64
310 64
311 64
312 64
313 64
305 65
306 65
307 65
308 65
309 65
310 65
311 65
312 65
313 65
304 66
305 66
306 66
307 66
308 66
309 66
310 66
311 66
312 66
313 66
314 66
304 67
305 67
306 67
307 67
308 67
309 67
310 67
311 67
312 67
313 67
314 67
303 68
304 68
305 68
306 68
307 68
308 68
309 68
310 68
311 68
312 68
313 68
314 68
303 69
304 69
305 69
306 69
307 69
308 69
309 69
310 69
311 69
312 69
313 69
314 69
315 69
303 70
304 70
305 70
306 70
307 70
308 70
309 70
310 70
311 70
312 70
313 70
314 70
315 70
303 71
304 71
305 71
306 71
307 71
308 71
309 71
310 71
311 71
312 71
313 71
314 71
315 71
303 72
304 72
305 72
306 72
307 72
308 72
309 72
310 72
311 72
312 72
313 72
314 72
315 72
303 73
304 73
305 73
306 73
307 73
308 73
309 73
310 73
311 73
312 73
313 73
314 73
315 73
303 74
304 74
305 74
306 74
307 74
308 74
309 74
310 74
311 74
312 74
313 74
314 74
315 74
303 75
304 75
305 75
306 75
307 75
308 75
309 75
310 75
311 75
312 75
313 75
314 75
315 75
316 75
304 76
305 76
306 76
307 76
308 76
309 76
310 76
311 76
312 76
313 76
314 76
315 76
316 76
304 77
305 77
306 77
307 77
308 77
309 77
310 77
311 77
312 77
313 77
314 77
315 77
316 77
304 78
305 78
306 78
307 78
308 78
309 78
310 78
311 78
312 78
313 78
314 78
315 78
316 78
304 79
305 79
306 79
307 79
308 79
309 79
310 79
311 79
312 79
313 79
314 79
315 79
316 79
304 80
305 80
306 80
307 80
308 80
309 80
310 80
311 80
312 80
313 80
314 80
315 80
316 80
317 80
304 81
305 81
306 81
307 81
308 81
309 81
312 81
313 81
314 81
315 81
316 81
317 81
304 82
305 82
306 82
307 82
308 82
314 82
315 82
316 82
317 82
304 83
305 83
306 83
307 83
314 83
315 83
316 83
317 83
318 83
304 84
305 84
306 84
307 84
315 84
316 84
317 84
318 84
303 85
304 85
305 85
306 85
307 85
315 85
316 85
317 85
318 85
319 85
303 86
304 86
305 86
306 86
316 86
317 86
318 86
319 86
303 87
304 87
305 87
306 87
317 87
318 87
319 87
320 87
303 88
304 88
305 88
317 88
318 88
319 88
320 88
303 89
304 89
305 89
318 89
319 89
320 89
303 90
304 90
305 90
318 90
319 90
320 90
321 90
302 91
303 91
304 91
319 91
320 91
321 91
302 92
303 92
304 92
319 92
320 92
321 92
322 92
302 93
303 93
304 93
320 93
321 93
322 93
302 94
303 94
304 94
320 94
321 94
322 94
323 94
302 95
303 95
304 95
320 95
321 95
322 95
323 95
301 96
302 96
303 96
304 96
321 96
322 96
323 96
324 96
301 97
302 97
303 97
304 97
321 97
322 97
323 97
324 97
301 98
302 98
303 98
304 98
322 98
323 98
324 98
302 99
303 99
322 99
323 99
324 99

FRAME 187
309 59
310 59
311 59
308 60
309 60
310 60
311 60
308 61
309 61
310 61
311 61
312 61
308 62
309 62
310 62
311 62
312 62
308 63
309 63
310 63
311 63
312 63
307 64
308 64
309 64
310 64
311 64
312 64
313 64
305 65
306 65
307 65
308 65
309 65
310 65
311 65
312 65
313 65
305 66
306 66
307 66
308 66
309 66
310 66
311 66
312 66
313 66
314 66
305 67
306 67
307 67
308 67
309 67
310 67
311 67
312 67
313 67
314 67
304 68
305 68
306 68
307 68
308 68
309 68
310 68
311 68
312 68
313 68
314 68
315 68
304 69
305 69
306 69
307 69
308 69
309 69
310 69
311 69
312 69
313 69
314 69
315 69
304 70
305 70
306 70
307 70
308 70
309 70
310 70
311 70
312 70
313 70
314 70
315 70
304 71
305 71
306 71
307 71
308 71
309 71
310 71
311 71
312 71
313 71
314 71
315 71
304 72
305 72
306 72
307 72
308 72
309 72
310 72
311 72
312 72
313 72
314 72
315 72
304 73
305 73
306 73
307 73
308 73
309 73
310 73
311 73
312 73
313 73
314 73
315 73
316 73
304 74
305 74
306 74
307 74
308 74
309 74
310 74
311 74
312 74
313 74
314 74
315 74
316 74
304 75
305 75
306 75
307 75
308 75
309 75
310 75
311 75
312 75
313 75
314 75
315 75
316 75
304 76
305 76
306 76
307 76
308 76
309 76
310 76
311 76
312 76
313 76
314 76
315 76
316 76
304 77
305 77
306 77
307 77
308 77
309 77
310 77
311 77
312 77
313 77
314 77
315 77
316 77
304 78
305 78
306 78
307 78
308 78
309 78
310 78
311 78
312 78
313 78
314 78
315 78
316 78
317 78
304 79
305 79
306 79
307 79
308 79
309 79
310 79
311 79
312 79
313 79
314 79
315 79
316 79
317 79
304 80
305 80
306 80
307 80
308 80
309 80
310 80
311 80
312 80
313 80
314 80
315 80
316 80
317 80
304 81
305 81
306 81
307 81
308 81
309 81
310 81
312 81
313 81
314 81
315 81
316 81
317 81
318 81
304 82
305 82
306 82
307 82
308 82
314 82
315 82
316 82
317 82
318 82
304 83
305 83
306 83
307 83
308 83
315 83
316 83
317 83
318 83
319 83
304 84
305 84
306 84
307 84
316 84
317 84
318 84
319 84
304 85
305 85
306 85
307 85
317 85
318 85
319 85
320 85
304 86
305 86
306 86
307 86
317 86
318 86
319 86
320 86
321 86
303 87
304 87
305 87
306 87
318 87
319 87
320 87
321 87
303 88
304 88
305 88
306 88
318 88
319 88
320 88
321 88
303 89
304 89
305 89
319 89
320 89
321 89
322 89
303 90
304 90
305 90
319 90
320 90
321 90
322 90
302 91
303 91
304 91
320 91
321 91
322 91
323 91
302 92
303 92
304 92
321 92
322 92
323 92
302 93
303 93
304 93
321 93
322 93
323 93
324 93
302 94
303 94
304 94
321 94
322 94
323 94
324 94
301 95
302 95
303 95
304 95
322 95
323 95
324 95
301 96
302 96
303 96
322 96
323 96
324 96
325 96
301 97
302 97
303 97
323 97
324 97
325 97
326 97
301 98
302 98
303 98
323 98
324 98
325 98
326 98
301 99
302 99
303 99
324 99
325 99
326 99

FRAME 188
310 60
311 60
312 60
309 61
310 61
311 61
312 61
309 62
310 62
311 62
312 62
313 62
309 63
310 63
311 63
312 63
313 63
309 64
310 64
311 64
312 64
313 64
308 65
309 65
310 65
311 65
312 65
313 65
314 65
307 66
308 66
309 66
310 66
311 66
312 66
313 66
314 66
306 67
307 67
308 67
309 67
310 67
311 67
312 67
313 67
314 67
315 67
306 68
307 68
308 68
309 68
310 68
311 68
312 68
313 68
314 68
315 68
316 68
306 69
307 69
308 69
309 69
310 69
311 69
312 69
313 69
314 69
315 69
316 69
305 70
306 70
307 70
308 70
309 70
310 70
311 70
312 70
313 70
314 70
315 70
316 70
305 71
306 71
307 71
308 71
309 71
310 71
311 71
312 71
313 71
314 71
315 71
316 71
305 72
306 72
307 72
308 72
309 72
310 72
311 72
312 72
313 72
314 72
315 72
316 72
305 73
306 73
307 73
308 73
309 73
310 73
311 73
312 73
313 73
314 73
315 73
316 73
317 73
305 74
306 74
307 74
308 74
309 74
310 74
311 74
312 74
313 74
314 74
315 74
316 74
317 74
305 75
306 75
307 75
308 75
309 75
310 75
311 75
312 75
313 75
314 75
315 75
316 75
317 75
306 76
307 76
308 76
309 76
310 76
311 76
312 76
313 76
314 76
315 76
316 76
317 76
306 77
307 77
308 77
309 77
310 77
311 77
312 77
313 77
314 77
315 77
316 77
317 77
318 77
306 78
307 78
308 78
309 78
310 78
311 78
312 78
313 78
314 78
315 78
316 78
317 78
318 78
306 79
307 79
308 79
309 79
310 79
311 79
312 79
313 79
314 79
315 79
316 79
317 79
318 79
319 79
306 80
307 80
308 80
309 80
310 80
311 80
312 80
313 80
314 80
315 80
316 80
317 80
318 80
319 80
306 81
307 81
308 81
309 81
310 81
311 81
312 81
313 81
314 81
315 81
316 81
317 81
318 81
319 81
306 82
307 82
308 82
309 82
310 82
311 82
312 82
314 82
315 82
316 82
317 82
318 82
319 82
320 82
305 83
306 83
307 83
308 83
309 83
316 83
317 83
318 83
319 83
320 83
321 83
305 84
306 84
307 84
308 84
309 84
317 84
318 84
319 84
320 84
321 84
304 85
305 85
306 85
307 85
308 85
318 85
319 85
320 85
321 85
322 85
304 86
305 86
306 86
307 86
308 86
319 86
320 86
321 86
322 86
323 86
304 87
305 87
306 87
307 87
320 87
321 87
322 87
323 87
304 88
305 88
306 88
307 88
320 88
321 88
322 88
323 88
324 88
303 89
304 89
305 89
306 89
321 89
322 89
323 89
324 89
303 90
304 90
305 90
306 90
322 90
323 90
324 90
325 90
303 91
304 91
305 91
323 91
324 91
325 91
302 92
303 92
304 92
305 92
323 92
324 92
325 92
326 92
302 93
303 93
304 93
324 93
325 93
326 93
302 94
303 94
324 94
325 94
326 94
327 94
301 95
302 95
303 95
324 95
325 95
326 95
327 95
328 95
301 96
302 96
303 96
325 96
326 96
327 96
328 96
301 97
302 97
303 97
326 97
327 97
328 97
301 98
302 98
303 98
327 98
328 98
301 99
302 99
303 99

FRAME 189
313 61
312 62
313 62
314 62
315 62
311 63
312 63
313 63
314 63
315 63
311 64
312 64
313 64
314 64
315 64
310 65
311 65
312 65
313 65
314 65
315 65
310 66
311 66
312 66
313 66
314 66
315 66
316 66
309 67
310 67
311 67
312 67
313 67
314 67
315 67
316 67
308 68
309 68
310 68
311 68
312 68
313 68
314 68
315 68
316 68
317 68
308 69
309 69
310 69
311 69
312 69
313 69
314 69
315 69
316 69
317 69
318 69
307 70
308 70
309 70
310 70
311 70
312 70
313 70
314 70
315 70
316 70
317 70
318 70
307 71
308 71
309 71
310 71
311 71
312 71
313 71
314 71
315 71
316 71
317 71
318 71
307 72
308 72
309 72
310 72
311 72
312 72
313 72
314 72
315 72
316 72
317 72
318 72
307 73
308 73
309 73
310 73
311 73
312 73
313 73
314 73
315 73
316 73
317 73
318 73
307 74
308 74
309 74
310 74
311 74
312 74
313 74
314 74
315 74
316 74
317 74
318 74
307 75
308 75
309 75
310 75
311 75
312 75
313 75
314 75
315 75
316 75
317 75
318 75
307 76
308 76
309 76
310 76
311 76
312 76
313 76
314 76
315 76
316 76
317 76
318 76
319 76
307 77
308 77
309 77
310 77
311 77
312 77
313 77
314 77
315 77
316 77
317 77
318 77
319 77
307 78
308 78
309 78
310 78
311 78
312 78
313 78
314 78
315 78
316 78
317 78
318 78
319 78
307 79
308 79
309 79
310 79
311 79
312 79
313 79
314 79
315 79
316 79
317 79
318 79
319 79
320 79
307 80
308 80
309 80
310 80
311 80
312 80
313 80
314 80
315 80
316 80
317 80
318 80
319 80
320 80
321 80
307 81
308 81
309 81
310 81
311 81
312 81
313 81
314 81
315 81
316 81
317 81
318 81
319 81
320 81
321 81
307 82
308 82
309 82
310 82
311 82
312 82
313 82
314 82
315 82
316 82
317 82
318 82
319 82
320 82
321 82
322 82
306 83
307 83
308 83
309 83
310 83
311 83
317 83
318 83
319 83
320 83
321 83
322 83
306 84
307 84
308 84
309 84
310 84
319 84
320 84
321 84
322 84
323 84
306 85
307 85
308 85
309 85
320 85
321 85
322 85
323 85
305 86
306 86
307 86
308 86
309 86
320 86
321 86
322 86
323 86
324 86
305 87
306 87
307 87
308 87
321 87
322 87
323 87
324 87
325 87
304 88
305 88
306 88
307 88
308 88
322 88
323 88
324 88
325 88
326 88
304 89
305 89
306 89
307 89
323 89
324 89
325 89
326 89
304 90
305 90
306 90
307 90
323 90
324 90
325 90
326 90
327 90
303 91
304 91
305 91
306 91
324 91
325 91
326 91
327 91
303 92
304 92
305 92
306 92
325 92
326 92
327 92
328 92
303 93
304 93
305 93
325 93
326 93
327 93
328 93
329 93
302 94
303 94
304 94
326 94
327 94
328 94
329 94
302 95
303 95
304 95
327 95
328 95
329 95
330 95
301 96
302 96
303 96
304 96
327 96
328 96
329 96
330 96
301 97
302 97
303 97
328 97
329 97
301 98
302 98
303 98
301 99
302 99
303 99

FRAME 190
313 62
314 62
315 62
316 62
312 63
313 63
314 63
315 63
316 63
312 64
313 64
314 64
315 64
316 64
311 65
312 65
313 65
314 65
315 65
316 65
317 65
311 66
312 66
313 66
314 66
315 66
316 66
317 66
318 66
310 67
311 67
312 67
313 67
314 67
315 67
316 67
317 67
318 67
319 67
310 68
311 68
312 68
313 68
314 68
315 68
316 68
317 68
318 68
319 68
310 69
311 69
312 69
313 69
314 69
315 69
316 69
317 69
318 69
319 69
320 69
309 70
310 70
311 70
312 70
313 70
314 70
315 70
316 70
317 70
318 70
319 70
320 70
309 71
310 71
311 71
312 71
313 71
314 71
315 71
316 71
317 71
318 71
319 71
320 71
309 72
310 72
311 72
312 72
313 72
314 72
315 72
316 72
317 72
318 72
319 72
320 72
308 73
309 73
310 73
311 73
312 73
313 73
314 73
315 73
316 73
317 73
318 73
319 73
320 73
308 74
309 74
310 74
311 74
312 74
313 74
314 74
315 74
316 74
317 74
318 74
319 74
320 74
308 75
309 75
310 75
311 75
312 75
313 75
314 75
315 75
316 75
317 75
318 75
319 75
320 75
308 76
309 76
310 76
311 76
312 76
313 76
314 76
315 76
316 76
317 76
318 76
319 76
320 76
308 77
309 77
310 77
311 77
312 77
313 77
314 77
315 77
316 77
317 77
318 77
319 77
320 77
321 77
308 78
309 78
310 78
311 78
312 78
313 78
314 78
315 78
316 78
317 78
318 78
319 78
320 78
321 78
308 79
309 79
310 79
311 79
312 79
313 79
314 79
315 79
316 79
317 79
318 79
319 79
320 79
321 79
308 80
309 80
310 80
311 80
312 80
313 80
314 80
315 80
316 80
317 80
318 80
319 80
320 80
321 80
322 80
308 81
309 81
310 81
311 81
312 81
313 81
314 81
315 81
316 81
317 81
318 81
319 81
320 81
321 81
322 81
307 82
308 82
309 82
310 82
311 82
312 82
313 82
314 82
315 82
316 82
317 82
318 82
319 82
320 82
321 82
322 82
323 82
307 83
308 83
309 83
310 83
311 83
312 83
317 83
318 83
319 83
320 83
321 83
322 83
323 83
307 84
308 84
309 84
310 84
311 84
319 84
320 84
321 84
322 84
323 84
324 84
306 85
307 85
308 85
309 85
310 85
320 85
321 85
322 85
323 85
324 85
306 86
307 86
308 86
309 86
310 86
321 86
322 86
323 86
324 86
325 86
306 87
307 87
308 87
309 87
322 87
323 87
324 87
325 87
326 87
305 88
306 88
307 88
308 88
309 88
323 88
324 88
325 88
326 88
327 88
304 89
305 89
306 89
307 89
308 89
324 89
325 89
326 89
327 89
304 90
305 90
306 90
307 90
324 90
325 90
326 90
327 90
304 91
305 91
306 91
307 91
325 91
326 91
327 91
328 91
303 92
304 92
305 92
306 92
325 92
326 92
327 92
328 92
303 93
304 93
305 93
326 93
327 93
328 93
329 93
303 94
304 94
326 94
327 94
328 94
329 94
330 94
302 95
303 95
304 95
327 95
328 95
329 95
330 95
331 95
301 96
302 96
303 96
304 96
328 96
329 96
330 96
301 97
302 97
303 97
301 98
302 98
303 98
301 99
302 99
303 99

FRAME 191
316 62
317 62
318 62
319 62
316 63
317 63
318 63
319 63
315 64
316 64
317 64
318 64
319 64
314 65
315 65
316 65
317 65
318 65
319 65
320 65
313 66
314 66
315 66
316 66
317 66
318 66
319 66
320 66
313 67
314 67
315 67
316 67
317 67
318 67
319 67
320 67
321 67
313 68
314 68
315 68
316 68
317 68
318 68
319 68
320 68
321 68
312 69
313 69
314 69
315 69
316 69
317 69
318 69
319 69
320 69
321 69
322 69
311 70
312 70
313 70
314 70
315 70
316 70
317 70
318 70
319 70
320 70
321 70
322 70
311 71
312 71
313 71
314 71
315 71
316 71
317 71
318 71
319 71
320 71
321 71
322 71
311 72
312 72
313 72
314 72
315 72
316 72
317 72
318 72
319 72
320 72
321 72
322 72
323 72
311 73
312 73
313 73
314 73
315 73
316 73
317 73
318 73
319 73
320 73
321 73
322 73
323 73
311 74
312 74
313 74
314 74
315 74
316 74
317 74
318 74
319 74
320 74
321 74
322 74
323 74
311 75
312 75
313 75
314 75
315 75
316 75
317 75
318 75
319 75
320 75
321 75
322 75
323 75
311 76
312 76
313 76
314 76
315 76
316 76
317 76
318 76
319 76
320 76
321 76
322 76
323 76
310 77
311 77
312 77
313 77
314 77
315 77
316 77
317 77
318 77
319 77
320 77
321 77
322 77
323 77
324 77
310 78
311 78
312 78
313 78
314 78
315 78
316 78
317 78
318 78
319 78
320 78
321 78
322 78
323 78
324 78
310 79
311 79
312 79
313 79
314 79
315 79
316 79
317 79
318 79
319 79
320 79
321 79
322 79
323 79
324 79
310 80
311 80
312 80
313 80
314 80
315 80
316 80
317 80
318 80
319 80
320 80
321 80
322 80
323 80
324 80
325 80
310 81
311 81
312 81
313 81
314 81
315 81
316 81
317 81
318 81
319 81
320 81
321 81
322 81
323 81
324 81
325 81
309 82
310 82
311 82
312 82
313 82
314 82
315 82
316 82
317 82
318 82
319 82
320 82
321 82
322 82
323 82
324 82
325 82
326 82
309 83
310 83
311 83
312 83
313 83
314 83
320 83
321 83
322 83
323 83
324 83
325 83
326 83
309 84
310 84
311 84
312 84
313 84
322 84
323 84
324 84
325 84
326 84
327 84
308 85
309 85
310 85
311 85
312 85
323 85
324 85
325 85
326 85
327 85
308 86
309 86
310 86
311 86
312 86
324 86
325 86
326 86
327 86
328 86
307 87
308 87
309 87
310 87
311 87
324 87
325 87
326 87
327 87
328 87
306 88
307 88
308 88
309 88
310 88
311 88
324 88
325 88
326 88
327 88
328 88
306 89
307 89
308 89
309 89
310 89
325 89
326 89
327 89
328 89
305 90
306 90
307 90
308 90
309 90
325 90
326 90
327 90
328 90
304 91
305 91
306 91
307 91
308 91
325 91
326 91
327 91
328 91
303 92
304 92
305 92
306 92
307 92
325 92
326 92
327 92
328 92
303 93
304 93
305 93
306 93
325 93
326 93
327 93
328 93
329 93
302 94
303 94
304 94
305 94
325 94
326 94
327 94
328 94
329 94
330 94
302 95
303 95
304 95
326 95
327 95
328 95
329 95
330 95
301 96
302 96
303 96
304 96
328 96
329 96
301 97
302 97
303 97
301 98
302 98
303 98
301 99
302 99
303 99

FRAME 192
320 61
321 61
322 61
323 61
320 62
321 62
322 62
323 62
319 63
320 63
321 63
322 63
323 63
324 63
319 64
320 64
321 64
322 64
323 64
324 64
318 65
319 65
320 65
321 65
322 65
323 65
324 65
318 66
319 66
320 66
321 66
322 66
323 66
324 66
325 66
317 67
318 67
319 67
320 67
321 67
322 67
323 67
324 67
325 67
316 68
317 68
318 68
319 68
320 68
321 68
322 68
323 68
324 68
325 68
326 68
315 69
316 69
317 69
318 69
319 69
320 69
321 69
322 69
323 69
324 69
325 69
326 69
315 70
316 70
317 70
318 70
319 70
320 70
321 70
322 70
323 70
324 70
325 70
326 70
314 71
315 71
316 71
317 71
318 71
319 71
320 71
321 71
322 71
323 71
324 71
325 71
326 71
314 72
315 72
316 72
317 72
318 72
319 72
320 72
321 72
322 72
323 72
324 72
325 72
326 72
314 73
315 73
316 73
317 73
318 73
319 73
320 73
321 73
322 73
323 73
324 73
325 73
326 73
314 74
315 74
316 74
317 74
318 74
319 74
320 74
321 74
322 74
323 74
324 74
325 74
326 74
314 75
315 75
316 75
317 75
318 75
319 75
320 75
321 75
322 75
323 75
324 75
325 75
326 75
313 76
314 76
315 76
316 76
317 76
318 76
319 76
320 76
321 76
322 76
323 76
324 76
325 76
326 76
313 77
314 77
315 77
316 77
317 77
318 77
319 77
320 77
321 77
322 77
323 77
324 77
325 77
326 77
313 78
314 78
315 78
316 78
317 78
318 78
319 78
320 78
321 78
322 78
323 78
324 78
325 78
326 78
313 79
314 79
315 79
316 79
317 79
318 79
319 79
320 79
321 79
322 79
323 79
324 79
325 79
326 79
327 79
313 80
314 80
315 80
316 80
317 80
318 80
319 80
320 80
321 80
322 80
323 80
324 80
325 80
326 80
327 80
313 81
314 81
315 81
316 81
317 81
318 81
319 81
320 81
321 81
322 81
323 81
324 81
325 81
326 81
327 81
328 81
312 82
313 82
314 82
315 82
316 82
317 82
322 82
323 82
324 82
325 82
326 82
327 82
328 82
312 83
313 83
314 83
315 83
316 83
324 83
325 83
326 83
327 83
328 83
311 84
312 84
313 84
314 84
315 84
325 84
326 84
327 84
328 84
329 84
311 85
312 85
313 85
314 85
325 85
326 85
327 85
328 85
329 85
310 86
311 86
312 86
313 86
314 86
325 86
326 86
327 86
328 86
329 86
310 87
311 87
312 87
313 87
325 87
326 87
327 87
328 87
329 87
309 88
310 88
311 88
312 88
313 88
325 88
326 88
327 88
328 88
308 89
309 89
310 89
311 89
312 89
324 89
325 89
326 89
327 89
328 89
306 90
307 90
308 90
309 90
310 90
311 90
324 90
325 90
326 90
327 90
305 91
306 91
307 91
308 91
309 91
323 91
324 91
325 91
326 91
304 92
305 92
306 92
307 92
308 92
323 92
324 92
325 92
326 92
303 93
304 93
305 93
306 93
307 93
323 93
324 93
325 93
326 93
302 94
303 94
304 94
305 94
306 94
323 94
324 94
325 94
326 94
327 94
302 95
303 95
304 95
305 95
324 95
325 95
326 95
327 95
328 95
301 96
302 96
303 96
304 96
325 96
326 96
327 96
328 96
301 97
302 97
303 97
304 97
326 97
301 98
302 98
303 98

FRAME 193
324 59
325 59
323 60
324 60
325 60
326 60
322 61
323 61
324 61
325 61
326 61
321 62
322 62
323 62
324 62
325 62
326 62
321 63
322 63
323 63
324 63
325 63
326 63
327 63
321 64
322 64
323 64
324 64
325 64
326 64
327 64
320 65
321 65
322 65
323 65
324 65
325 65
326 65
327 65
320 66
321 66
322 66
323 66
324 66
325 66
326 66
327 66
319 67
320 67
321 67
322 67
323 67
324 67
325 67
326 67
327 67
318 68
319 68
320 68
321 68
322 68
323 68
324 68
325 68
326 68
327 68
328 68
317 69
318 69
319 69
320 69
321 69
322 69
323 69
324 69
325 69
326 69
327 69
328 69
316 70
317 70
318 70
319 70
320 70
321 70
322 70
323 70
324 70
325 70
326 70
327 70
328 70
316 71
317 71
318 71
319 71
320 71
321 71
322 71
323 71
324 71
325 71
326 71
327 71
328 71
315 72
316 72
317 72
318 72
319 72
320 72
321 72
322 72
323 72
324 72
325 72
326 72
327 72
328 72
315 73
316 73
317 73
318 73
319 73
320 73
321 73
322 73
323 73
324 73
325 73
326 73
327 73
328 73
315 74
316 74
317 74
318 74
319 74
320 74
321 74
322 74
323 74
324 74
325 74
326 74
327 74
328 74
315 75
316 75
317 75
318 75
319 75
320 75
321 75
322 75
323 75
324 75
325 75
326 75
327 75
328 75
315 76
316 76
317 76
318 76
319 76
320 76
321 76
322 76
323 76
324 76
325 76
326 76
327 76
328 76
315 77
316 77
317 77
318 77
319 77
320 77
321 77
322 77
323 77
324 77
325 77
326 77
327 77
328 77
315 78
316 78
317 78
318 78
319 78
320 78
321 78
322 78
323 78
324 78
325 78
326 78
327 78
328 78
314 79
315 79
316 79
317 79
318 79
319 79
320 79
321 79
322 79
323 79
324 79
325 79
326 79
327 79
328 79
314 80
315 80
316 80
317 80
318 80
319 80
320 80
321 80
322 80
323 80
324 80
325 80
326 80
327 80
328 80
314 81
315 81
316 81
317 81
318 81
319 81
320 81
321 81
322 81
323 81
324 81
325 81
326 81
327 81
328 81
329 81
314 82
315 82
316 82
317 82
318 82
319 82
323 82
324 82
325 82
326 82
327 82
328 82
329 82
313 83
314 83
315 83
316 83
317 83
324 83
325 83
326 83
327 83
328 83
329 83
330 83
313 84
314 84
315 84
316 84
325 84
326 84
327 84
328 84
329 84
330 84
312 85
313 85
314 85
315 85
316 85
326 85
327 85
328 85
329 85
330 85
312 86
313 86
314 86
315 86
326 86
327 86
328 86
329 86
330 86
311 87
312 87
313 87
314 87
315 87
325 87
326 87
327 87
328 87
329 87
330 87
310 88
311 88
312 88
313 88
314 88
325 88
326 88
327 88
328 88
329 88
308 89
309 89
310 89
311 89
312 89
313 89
324 89
325 89
326 89
327 89
328 89
307 90
308 90
309 90
310 90
311 90
312 90
323 90
324 90
325 90
326 90
306 91
307 91
308 91
309 91
310 91
322 91
323 91
324 91
325 91
304 92
305 92
306 92
307 92
308 92
309 92
322 92
323 92
324 92
325 92
303 93
304 93
305 93
306 93
307 93
322 93
323 93
324 93
325 93
303 94
304 94
305 94
306 94
322 94
323 94
324 94
325 94
326 94
302 95
303 95
304 95
305 95
323 95
324 95
325 95
326 95
302 96
303 96
304 96
323 96
324 96
325 96
326 96
301 97
302 97
303 97
304 97
325 97
326 97
301 98
302 98
303 98
301 99
302 99
303 99

FRAME 194
326 60
327 60
328 60
325 61
326 61
327 61
328 61
329 61
325 62
326 62
327 62
328 62
329 62
324 63
325 63
326 63
327 63
328 63
329 63
330 63
324 64
325 64
326 64
327 64
328 64
329 64
330 64
323 65
324 65
325 65
326 65
327 65
328 65
329 65
330 65
323 66
324 66
325 66
326 66
327 66
328 66
329 66
330 66
322 67
323 67
324 67
325 67
326 67
327 67
328 67
329 67
330 67
331 67
321 68
322 68
323 68
324 68
325 68
326 68
327 68
328 68
329 68
330 68
331 68
321 69
322 69
323 69
324 69
325 69
326 69
327 69
328 69
329 69
330 69
331 69
320 70
321 70
322 70
323 70
324 70
325 70
326 70
327 70
328 70
329 70
330 70
331 70
319 71
320 71
321 71
322 71
323 71
324 71
325 71
326 71
327 71
328 71
329 71
330 71
331 71
318 72
319 72
320 72
321 72
322 72
323 72
324 72
325 72
326 72
327 72
328 72
329 72
330 72
331 72
318 73
319 73
320 73
321 73
322 73
323 73
324 73
325 73
326 73
327 73
328 73
329 73
330 73
331 73
318 74
319 74
320 74
321 74
322 74
323 74
324 74
325 74
326 74
327 74
328 74
329 74
330 74
331 74
318 75
319 75
320 75
321 75
322 75
323 75
324 75
325 75
326 75
327 75
328 75
329 75
330 75
318 76
319 76
320 76
321 76
322 76
323 76
324 76
325 76
326 76
327 76
328 76
329 76
330 76
318 77
319 77
320 77
321 77
322 77
323 77
324 77
325 77
326 77
327 77
328 77
329 77
318 78
319 78
320 78
321 78
322 78
323 78
324 78
325 78
326 78
327 78
328 78
329 78
318 79
319 79
320 79
321 79
322 79
323 79
324 79
325 79
326 79
327 79
328 79
329 79
317 80
318 80
319 80
320 80
321 80
322 80
323 80
324 80
325 80
326 80
327 80
328 80
329 80
317 81
318 81
319 81
320 81
321 81
322 81
323 81
324 81
325 81
326 81
327 81
328 81
329 81
317 82
318 82
319 82
320 82
321 82
322 82
323 82
324 82
325 82
326 82
327 82
328 82
329 82
330 82
316 83
317 83
318 83
319 83
320 83
321 83
322 83
325 83
326 83
327 83
328 83
329 83
330 83
316 84
317 84
318 84
319 84
320 84
326 84
327 84
328 84
329 84
330 84
315 85
316 85
317 85
318 85
319 85
327 85
328 85
329 85
330 85
331 85
314 86
315 86
316 86
317 86
318 86
319 86
327 86
328 86
329 86
330 86
331 86
313 87
314 87
315 87
316 87
317 87
318 87
326 87
327 87
328 87
329 87
330 87
331 87
312 88
313 88
314 88
315 88
316 88
317 88
325 88
326 88
327 88
328 88
329 88
330 88
310 89
311 89
312 89
313 89
314 89
315 89
316 89
323 89
324 89
325 89
326 89
327 89
328 89
329 89
309 90
310 90
311 90
312 90
313 90
314 90
315 90
321 90
322 90
323 90
324 90
325 90
326 90
327 90
328 90
307 91
308 91
309 91
310 91
311 91
312 91
313 91
320 91
321 91
322 91
323 91
324 91
325 91
306 92
307 92
308 92
309 92
310 92
311 92
320 92
321 92
322 92
323 92
305 93
306 93
307 93
308 93
309 93
319 93
320 93
321 93
322 93
323 93
304 94
305 94
306 94
307 94
308 94
320 94
321 94
322 94
323 94
304 95
305 95
306 95
307 95
320 95
321 95
322 95
323 95
303 96
304 96
305 96
306 96
321 96
322 96
323 96
303 97
304 97
305 97
323 97
303 98
304 98
305 98
303 99

FRAME 195
330 59
331 59
332 59
333 59
329 60
330 60
331 60
332 60
333 60
334 60
329 61
330 61
331 61
332 61
333 61
334 61
328 62
329 62
330 62
331 62
332 62
333 62
334 62
328 63
329 63
330 63
331 63
332 63
333 63
334 63
335 63
328 64
329 64
330 64
331 64
332 64
333 64
334 64
335 64
327 65
328 65
329 65
330 65
331 65
332 65
333 65
334 65
335 65
326 66
327 66
328 66
329 66
330 66
331 66
332 66
333 66
334 66
335 66
336 66
325 67
326 67
327 67
328 67
329 67
330 67
331 67
332 67
333 67
334 67
335 67
336 67
324 68
325 68
326 68
327 68
328 68
329 68
330 68
331 68
332 68
333 68
334 68
335 68
336 68
323 69
324 69
325 69
326 69
327 69
328 69
329 69
330 69
331 69
332 69
333 69
334 69
335 69
336 69
322 70
323 70
324 70
325 70
326 70
327 70
328 70
329 70
330 70
331 70
332 70
333 70
334 70
335 70
336 70
322 71
323 71
324 71
325 71
326 71
327 71
328 71
329 71
330 71
331 71
332 71
333 71
334 71
335 71
322 72
323 72
324 72
325 72
326 72
327 72
328 72
329 72
330 72
331 72
332 72
333 72
334 72
335 72
322 73
323 73
324 73
325 73
326 73
327 73
328 73
329 73
330 73
331 73
332 73
333 73
334 73
322 74
323 74
324 74
325 74
326 74
327 74
328 74
329 74
330 74
331 74
332 74
333 74
322 75
323 75
324 75
325 75
326 75
327 75
328 75
329 75
330 75
331 75
332 75
322 76
323 76
324 76
325 76
326 76
327 76
328 76
329 76
330 76
331 76
321 77
322 77
323 77
324 77
325 77
326 77
327 77
328 77
329 77
330 77
331 77
321 78
322 78
323 78
324 78
325 78
326 78
327 78
328 78
329 78
330 78
321 79
322 79
323 79
324 79
325 79
326 79
327 79
328 79
329 79
330 79
321 80
322 80
323 80
324 80
325 80
326 80
327 80
328 80
329 80
330 80
321 81
322 81
323 81
324 81
325 81
326 81
327 81
328 81
329 81
330 81
321 82
322 82
323 82
324 82
325 82
326 82
327 82
328 82
329 82
330 82
321 83
322 83
323 83
324 83
325 83
326 83
327 83
328 83
329 83
330 83
321 84
322 84
323 84
324 84
325 84
326 84
327 84
328 84
329 84
330 84
320 85
321 85
322 85
323 85
324 85
325 85
326 85
327 85
328 85
329 85
330 85
319 86
320 86
321 86
322 86
323 86
324 86
325 86
326 86
327 86
328 86
329 86
330 86
317 87
318 87
319 87
320 87
321 87
322 87
323 87
324 87
325 87
326 87
327 87
328 87
329 87
330 87
331 87
315 88
316 88
317 88
318 88
319 88
320 88
321 88
322 88
323 88
324 88
325 88
326 88
327 88
328 88
329 88
330 88
331 88
312 89
313 89
314 89
315 89
316 89
317 89
318 89
319 89
320 89
321 89
322 89
323 89
324 89
325 89
326 89
327 89
328 89
329 89
330 89
309 90
310 90
311 90
312 90
313 90
314 90
315 90
316 90
317 90
318 90
319 90
320 90
321 90
322 90
323 90
324 90
325 90
326 90
327 90
328 90
329 90
308 91
309 91
310 91
311 91
312 91
313 91
314 91
315 91
316 91
317 91
318 91
319 91
320 91
321 91
322 91
323 91
324 91
325 91
326 91
327 91
308 92
309 92
310 92
311 92
312 92
313 92
318 92
319 92
320 92
321 92
322 92
323 92
324 92
325 92
308 93
309 93
310 93
311 93
318 93
319 93
320 93
321 93
322 93
307 94
308 94
309 94
310 94
318 94
319 94
320 94
321 94
322 94
307 95
308 95
309 95
318 95
319 95
320 95
321 95
322 95
307 96
308 96
309 96
319 96
320 96
321 96
322 96
321 97
322 97

FRAME 196
332 59
333 59
334 59
331 60
332 60
333 60
334 60
335 60
331 61
332 61
333 61
334 61
335 61
330 62
331 62
332 62
333 62
334 62
335 62
330 63
331 63
332 63
333 63
334 63
335 63
329 64
330 64
331 64
332 64
333 64
334 64
335 64
329 65
330 65
331 65
332 65
333 65
334 65
335 65
336 65
328 66
329 66
330 66
331 66
332 66
333 66
334 66
335 66
336 66
326 67
327 67
328 67
329 67
330 67
331 67
332 67
333 67
334 67
335 67
336 67
337 67
325 68
326 68
327 68
328 68
329 68
330 68
331 68
332 68
333 68
334 68
335 68
336 68
337 68
324 69
325 69
326 69
327 69
328 69
329 69
330 69
331 69
332 69
333 69
334 69
335 69
336 69
337 69
338 69
324 70
325 70
326 70
327 70
328 70
329 70
330 70
331 70
332 70
333 70
334 70
335 70
336 70
337 70
338 70
323 71
324 71
325 71
326 71
327 71
328 71
329 71
330 71
331 71
332 71
333 71
334 71
335 71
336 71
337 71
338 71
323 72
324 72
325 72
326 72
327 72
328 72
329 72
330 72
331 72
332 72
333 72
334 72
335 72
336 72
337 72
323 73
324 73
325 73
326 73
327 73
328 73
329 73
330 73
331 73
332 73
333 73
334 73
335 73
336 73
323 74
324 74
325 74
326 74
327 74
328 74
329 74
330 74
331 74
332 74
333 74
334 74
323 75
324 75
325 75
326 75
327 75
328 75
329 75
330 75
331 75
332 75
333 75
323 76
324 76
325 76
326 76
327 76
328 76
329 76
330 76
331 76
332 76
323 77
324 77
325 77
326 77
327 77
328 77
329 77
330 77
331 77
323 78
324 78
325 78
326 78
327 78
328 78
329 78
330 78
331 78
323 79
324 79
325 79
326 79
327 79
328 79
329 79
330 79
331 79
323 80
324 80
325 80
326 80
327 80
328 80
329 80
330 80
331 80
323 81
324 81
325 81
326 81
327 81
328 81
329 81
330 81
331 81
322 82
323 82
324 82
325 82
326 82
327 82
328 82
329 82
330 82
331 82
322 83
323 83
324 83
325 83
326 83
327 83
328 83
329 83
330 83
331 83
322 84
323 84
324 84
325 84
326 84
327 84
328 84
329 84
330 84
331 84
322 85
323 85
324 85
325 85
326 85
327 85
328 85
329 85
330 85
331 85
321 86
322 86
323 86
324 86
325 86
326 86
327 86
328 86
329 86
330 86
331 86
319 87
320 87
321 87
322 87
323 87
324 87
325 87
326 87
327 87
328 87
329 87
330 87
331 87
316 88
317 88
318 88
319 88
320 88
321 88
322 88
323 88
324 88
325 88
326 88
327 88
328 88
329 88
330 88
331 88
311 89
312 89
313 89
314 89
315 89
316 89
317 89
318 89
319 89
320 89
321 89
322 89
323 89
324 89
325 89
326 89
327 89
328 89
329 89
330 89
311 90
312 90
313 90
314 90
315 90
316 90
317 90
318 90
319 90
320 90
321 90
322 90
323 90
324 90
325 90
326 90
327 90
328 90
329 90
311 91
312 91
313 91
314 91
315 91
316 91
317 91
318 91
319 91
320 91
321 91
322 91
323 91
324 91
325 91
326 91
327 91
310 92
311 92
312 92
313 92
314 92
315 92
316 92
317 92
318 92
319 92
320 92
321 92
322 92
323 92
324 92
310 93
311 93
312 93
313 93
314 93
317 93
318 93
319 93
320 93
321 93
322 93
310 94
311 94
312 94
313 94
317 94
318 94
319 94
320 94
321 94
322 94
310 95
311 95
312 95
318 95
319 95
320 95
321 95
322 95
311 96
318 96
319 96
320 96
321 96
322 96
320 97
321 97
322 97

FRAME 197
336 59
334 60
335 60
336 60
337 60
338 60
334 61
335 61
336 61
337 61
338 61
333 62
334 62
335 62
336 62
337 62
338 62
339 62
332 63
333 63
334 63
335 63
336 63
337 63
338 63
339 63
331 64
332 64
333 64
334 64
335 64
336 64
337 64
338 64
339 64
331 65
332 65
333 65
334 65
335 65
336 65
337 65
338 65
339 65
330 66
331 66
332 66
333 66
334 66
335 66
336 66
337 66
338 66
339 66
340 66
329 67
330 67
331 67
332 67
333 67
334 67
335 67
336 67
337 67
338 67
339 67
340 67
341 67
342 67
328 68
329 68
330 68
331 68
332 68
333 68
334 68
335 68
336 68
337 68
338 68
339 68
340 68
341 68
342 68
343 68
344 68
327 69
328 69
329 69
330 69
331 69
332 69
333 69
334 69
335 69
336 69
337 69
338 69
339 69
340 69
341 69
342 69
343 69
327 70
328 70
329 70
330 70
331 70
332 70
333 70
334 70
335 70
336 70
337 70
338 70
339 70
340 70
341 70
342 70
327 71
328 71
329 71
330 71
331 71
332 71
333 71
334 71
335 71
336 71
337 71
338 71
339 71
340 71
341 71
327 72
328 72
329 72
330 72
331 72
332 72
333 72
334 72
335 72
336 72
337 72
338 72
339 72
340 72
341 72
327 73
328 73
329 73
330 73
331 73
332 73
333 73
334 73
335 73
336 73
337 73
338 73
339 73
340 73
341 73
327 74
328 74
329 74
330 74
331 74
332 74
333 74
334 74
335 74
336 74
337 74
327 75
328 75
329 75
330 75
331 75
332 75
333 75
334 75
335 75
336 75
326 76
327 76
328 76
329 76
330 76
331 76
332 76
333 76
334 76
326 77
327 77
328 77
329 77
330 77
331 77
332 77
333 77
326 78
327 78
328 78
329 78
330 78
331 78
332 78
333 78
326 79
327 79
328 79
329 79
330 79
331 79
332 79
326 80
327 80
328 80
329 80
330 80
331 80
332 80
326 81
327 81
328 81
329 81
330 81
331 81
332 81
326 82
327 82
328 82
329 82
330 82
331 82
332 82
326 83
327 83
328 83
329 83
330 83
331 83
332 83
326 84
327 84
328 84
329 84
330 84
331 84
332 84
326 85
327 85
328 85
329 85
330 85
331 85
332 85
325 86
326 86
327 86
328 86
329 86
330 86
331 86
332 86
322 87
323 87
324 87
325 87
326 87
327 87
328 87
329 87
330 87
331 87
332 87
319 88
320 88
321 88
322 88
323 88
324 88
325 88
326 88
327 88
328 88
329 88
330 88
331 88
332 88
318 89
319 89
320 89
321 89
322 89
323 89
324 89
325 89
326 89
327 89
328 89
329 89
330 89
331 89
318 90
319 90
320 90
321 90
322 90
323 90
324 90
325 90
326 90
327 90
328 90
329 90
330 90
318 91
319 91
320 91
321 91
322 91
323 91
324 91
325 91
326 91
327 91
328 91
318 92
319 92
320 92
321 92
322 92
323 92
324 92
325 92
317 93
318 93
319 93
320 93
321 93
322 93
323 93
318 94
319 94
320 94
321 94
322 94
318 95
319 95
320 95
321 95
322 95
319 96
320 96
321 96
322 96
321 97
322 97

FRAME 198
340 59
341 59
339 60
340 60
341 60
338 61
339 61
340 61
341 61
342 61
337 62
338 62
339 62
340 62
341 62
342 62
337 63
338 63
339 63
340 63
341 63
342 63
343 63
335 64
336 64
337 64
338 64
339 64
340 64
341 64
342 64
343 64
334 65
335 65
336 65
337 65
338 65
339 65
340 65
341 65
342 65
343 65
344 65
333 66
334 66
335 66
336 66
337 66
338 66
339 66
340 66
341 66
342 66
343 66
344 66
345 66
332 67
333 67
334 67
335 67
336 67
337 67
338 67
339 67
340 67
341 67
342 67
343 67
344 67
345 67
346 67
332 68
333 68
334 68
335 68
336 68
337 68
338 68
339 68
340 68
341 68
342 68
343 68
344 68
345 68
346 68
331 69
332 69
333 69
334 69
335 69
336 69
337 69
338 69
339 69
340 69
341 69
342 69
343 69
344 69
345 69
331 70
332 70
333 70
334 70
335 70
336 70
337 70
338 70
339 70
340 70
341 70
342 70
343 70
344 70
345 70
331 71
332 71
333 71
334 71
335 71
336 71
337 71
338 71
339 71
340 71
341 71
342 71
343 71
344 71
331 72
332 72
333 72
334 72
335 72
336 72
337 72
338 72
339 72
340 72
341 72
342 72
343 72
331 73
332 73
333 73
334 73
335 73
336 73
337 73
338 73
339 73
340 73
341 73
342 73
331 74
332 74
333 74
334 74
335 74
336 74
337 74
338 74
339 74
340 74
330 75
331 75
332 75
333 75
334 75
335 75
336 75
337 75
338 75
330 76
331 76
332 76
333 76
334 76
335 76
336 76
337 76
330 77
331 77
332 77
333 77
334 77
335 77
336 77
337 77
330 78
331 78
332 78
333 78
334 78
335 78
336 78
330 79
331 79
332 79
333 79
334 79
335 79
336 79
330 80
331 80
332 80
333 80
334 80
335 80
336 80
330 81
331 81
332 81
333 81
334 81
335 81
336 81
330 82
331 82
332 82
333 82
334 82
335 82
336 82
330 83
331 83
332 83
333 83
334 83
335 83
336 83
337 83
330 84
331 84
332 84
333 84
334 84
335 84
336 84
337 84
338 84
330 85
331 85
332 85
333 85
334 85
335 85
336 85
337 85
338 85
330 86
331 86
332 86
333 86
334 86
335 86
336 86
337 86
338 86
328 87
329 87
330 87
331 87
332 87
333 87
334 87
335 87
336 87
337 87
338 87
326 88
327 88
328 88
329 88
330 88
331 88
332 88
333 88
334 88
335 88
336 88
337 88
324 89
325 89
326 89
327 89
328 89
329 89
330 89
331 89
332 89
333 89
334 89
335 89
336 89
321 90
322 90
323 90
324 90
325 90
326 90
327 90
328 90
329 90
330 90
320 91
321 91
322 91
323 91
324 91
325 91
326 91
327 91
328 91
329 91
319 92
320 92
321 92
322 92
323 92
324 92
325 92
318 93
319 93
320 93
321 93
322 93
323 93
318 94
319 94
320 94
321 94
322 94
323 94
319 95
320 95
321 95
322 95
323 95
320 96
321 96
322 96
323 96
321 97
322 97
323 97

FRAME 199
342 58
343 58
344 58
345 58
346 58
340 59
341 59
342 59
343 59
344 59
345 59
346 59
347 59
340 60
341 60
342 60
343 60
344 60
345 60
346 60
347 60
348 60
349 60
339 61
340 61
341 61
342 61
343 61
344 61
345 61
346 61
347 61
348 61
349 61
350 61
339 62
340 62
341 62
342 62
343 62
344 62
345 62
346 62
347 62
348 62
349 62
350 62
351 62
338 63
339 63
340 63
341 63
342 63
343 63
344 63
345 63
346 63
347 63
348 63
349 63
350 63
351 63
337 64
338 64
339 64
340 64
341 64
342 64
343 64
344 64
345 64
346 64
347 64
348 64
349 64
350 64
351 64
336 65
337 65
338 65
339 65
340 65
341 65
342 65
343 65
344 65
345 65
346 65
347 65
348 65
349 65
350 65
351 65
334 66
335 66
336 66
337 66
338 66
339 66
340 66
341 66
342 66
343 66
344 66
345 66
346 66
347 66
348 66
349 66
350 66
351 66
334 67
335 67
336 67
337 67
338 67
339 67
340 67
341 67
342 67
343 67
344 67
345 67
346 67
347 67
348 67
349 67
350 67
351 67
333 68
334 68
335 68
336 68
337 68
338 68
339 68
340 68
341 68
342 68
343 68
344 68
345 68
346 68
347 68
348 68
349 68
350 68
333 69
334 69
335 69
336 69
337 69
338 69
339 69
340 69
341 69
342 69
343 69
344 69
345 69
346 69
347 69
348 69
349 69
333 70
334 70
335 70
336 70
337 70
338 70
339 70
340 70
341 70
342 70
343 70
344 70
345 70
346 70
347 70
333 71
334 71
335 71
336 71
337 71
338 71
339 71
340 71
341 71
342 71
343 71
344 71
345 71
346 71
333 72
334 72
335 72
336 72
337 72
338 72
339 72
340 72
341 72
342 72
343 72
344 72
333 73
334 73
335 73
336 73
337 73
338 73
339 73
340 73
341 73
342 73
343 73
332 74
333 74
334 74
335 74
336 74
337 74
338 74
339 74
340 74
341 74
342 74
332 75
333 75
334 75
335 75
336 75
337 75
338 75
339 75
340 75
341 75
332 76
333 76
334 76
335 76
336 76
337 76
338 76
339 76
332 77
333 77
334 77
335 77
336 77
337 77
338 77
339 77
331 78
332 78
333 78
334 78
335 78
336 78
337 78
338 78
339 78
331 79
332 79
333 79
334 79
335 79
336 79
337 79
338 79
339 79
331 80
332 80
333 80
334 80
335 80
336 80
337 80
338 80
339 80
331 81
332 81
333 81
334 81
335 81
336 81
337 81
338 81
339 81
340 81
331 82
332 82
333 82
334 82
335 82
336 82
337 82
338 82
339 82
340 82
341 82
331 83
332 83
333 83
334 83
335 83
336 83
337 83
338 83
339 83
340 83
341 83
331 84
332 84
333 84
334 84
335 84
336 84
337 84
338 84
339 84
340 84
341 84
330 85
331 85
332 85
333 85
334 85
335 85
336 85
337 85
338 85
339 85
340 85
341 85
342 85
328 86
329 86
330 86
331 86
332 86
333 86
334 86
335 86
336 86
337 86
338 86
339 86
340 86
341 86
327 87
328 87
329 87
330 87
331 87
332 87
333 87
334 87
335 87
336 87
337 87
338 87
339 87
340 87
341 87
325 88
326 88
327 88
328 88
329 88
330 88
331 88
332 88
333 88
334 88
335 88
336 88
337 88
338 88
339 88
324 89
325 89
326 89
327 89
328 89
329 89
330 89
331 89
332 89
333 89
334 89
335 89
336 89
337 89
338 89
322 90
323 90
324 90
325 90
326 90
327 90
328 90
329 90
330 90
331 90
332 90
333 90
321 91
322 91
323 91
324 91
325 91
326 91
327 91
330 91
331 91
332 91
320 92
321 92
322 92
323 92
324 92
331 92
319 93
320 93
321 93
322 93
323 93
319 94
320 94
321 94
322 94
323 94
320 95
321 95
322 95
323 95
320 96
321 96
322 96
323 96
323 97

FRAME 200
346 57
345 58
346 58
347 58
348 58
344 59
345 59
346 59
347 59
348 59
349 59
344 60
345 60
346 60
347 60
348 60
349 60
350 60
343 61
344 61
345 61
346 61
347 61
348 61
349 61
350 61
351 61
343 62
344 62
345 62
346 62
347 62
348 62
349 62
350 62
351 62
342 63
343 63
344 63
345 63
346 63
347 63
348 63
349 63
350 63
351 63
352 63
342 64
343 64
344 64
345 64
346 64
347 64
348 64
349 64
350 64
351 64
352 64
341 65
342 65
343 65
344 65
345 65
346 65
347 65
348 65
349 65
350 65
351 65
352 65
340 66
341 66
342 66
343 66
344 66
345 66
346 66
347 66
348 66
349 66
350 66
351 66
352 66
339 67
340 67
341 67
342 67
343 67
344 67
345 67
346 67
347 67
348 67
349 67
350 67
351 67
352 67
339 68
340 68
341 68
342 68
343 68
344 68
345 68
346 68
347 68
348 68
349 68
350 68
351 68
338 69
339 69
340 69
341 69
342 69
343 69
344 69
345 69
346 69
347 69
348 69
349 69
350 69
351 69
338 70
339 70
340 70
341 70
342 70
343 70
344 70
345 70
346 70
347 70
348 70
349 70
350 70
351 70
337 71
338 71
339 71
340 71
341 71
342 71
343 71
344 71
345 71
346 71
347 71
348 71
349 71
350 71
336 72
337 72
338 72
339 72
340 72
341 72
342 72
343 72
344 72
345 72
346 72
347 72
348 72
349 72
336 73
337 73
338 73
339 73
340 73
341 73
342 73
343 73
344 73
345 73
346 73
347 73
348 73
349 73
336 74
337 74
338 74
339 74
340 74
341 74
342 74
343 74
344 74
345 74
346 74
347 74
348 74
336 75
337 75
338 75
339 75
340 75
341 75
342 75
343 75
344 75
345 75
346 75
347 75
336 76
337 76
338 76
339 76
340 76
341 76
342 76
343 76
344 76
345 76
346 76
336 77
337 77
338 77
339 77
340 77
341 77
342 77
343 77
344 77
345 77
346 77
335 78
336 78
337 78
338 78
339 78
340 78
341 78
342 78
343 78
344 78
345 78
346 78
335 79
336 79
337 79
338 79
339 79
340 79
341 79
342 79
343 79
344 79
345 79
346 79
335 80
336 80
337 80
338 80
339 80
340 80
341 80
342 80
343 80
344 80
345 80
346 80
335 81
336 81
337 81
338 81
339 81
340 81
341 81
342 81
343 81
344 81
345 81
346 81
334 82
335 82
336 82
337 82
338 82
339 82
340 82
341 82
342 82
343 82
344 82
345 82
346 82
333 83
334 83
335 83
336 83
337 83
338 83
339 83
342 83
343 83
344 83
345 83
346 83
347 83
332 84
333 84
334 84
335 84
336 84
337 84
342 84
343 84
344 84
345 84
346 84
347 84
330 85
331 85
332 85
333 85
334 85
335 85
336 85
342 85
343 85
344 85
345 85
346 85
329 86
330 86
331 86
332 86
333 86
334 86
335 86
341 86
342 86
343 86
344 86
345 86
346 86
327 87
328 87
329 87
330 87
331 87
332 87
333 87
334 87
341 87
342 87
343 87
344 87
345 87
326 88
327 88
328 88
329 88
330 88
331 88
332 88
340 88
341 88
342 88
343 88
324 89
325 89
326 89
327 89
328 89
329 89
330 89
338 89
339 89
340 89
341 89
342 89
323 90
324 90
325 90
326 90
327 90
338 90
339 90
340 90
341 90
323 91
324 91
325 91
326 91
337 91
338 91
339 91
340 91
341 91
322 92
323 92
324 92
325 92
337 92
338 92
339 92
340 92
341 92
322 93
323 93
324 93
325 93
337 93
338 93
339 93
340 93
341 93
322 94
323 94
324 94
338 94
339 94
340 94
341 94
322 95
323 95
339 95
340 95
341 95
322 96
323 96
341 96

FRAME 201
348 58
349 58
350 58
347 59
348 59
349 59
350 59
351 59
347 60
348 60
349 60
350 60
351 60
352 60
346 61
347 61
348 61
349 61
350 61
351 61
352 61
346 62
347 62
348 62
349 62
350 62
351 62
352 62
346 63
347 63
348 63
349 63
350 63
351 63
352 63
345 64
346 64
347 64
348 64
349 64
350 64
351 64
352 64
353 64
344 65
345 65
346 65
347 65
348 65
349 65
350 65
351 65
352 65
353 65
343 66
344 66
345 66
346 66
347 66
348 66
349 66
350 66
351 66
352 66
353 66
342 67
343 67
344 67
345 67
346 67
347 67
348 67
349 67
350 67
351 67
352 67
353 67
341 68
342 68
343 68
344 68
345 68
346 68
347 68
348 68
349 68
350 68
351 68
352 68
353 68
354 68
341 69
342 69
343 69
344 69
345 69
346 69
347 69
348 69
349 69
350 69
351 69
352 69
353 69
354 69
341 70
342 70
343 70
344 70
345 70
346 70
347 70
348 70
349 70
350 70
351 70
352 70
353 70
354 70
355 70
341 71
342 71
343 71
344 71
345 71
346 71
347 71
348 71
349 71
352 71
353 71
354 71
355 71
341 72
342 72
343 72
344 72
345 72
346 72
347 72
348 72
349 72
353 72
354 72
355 72
356 72
340 73
341 73
342 73
343 73
344 73
345 73
346 73
347 73
348 73
349 73
353 73
354 73
355 73
340 74
341 74
342 74
343 74
344 74
345 74
346 74
347 74
348 74
349 74
350 74
351 74
352 74
353 74
354 74
340 75
341 75
342 75
343 75
344 75
345 75
346 75
347 75
348 75
349 75
350 75
351 75
352 75
353 75
354 75
340 76
341 76
342 76
343 76
344 76
345 76
346 76
347 76
348 76
349 76
350 76
351 76
352 76
353 76
340 77
341 77
342 77
343 77
344 77
345 77
346 77
347 77
348 77
349 77
350 77
351 77
340 78
341 78
342 78
343 78
344 78
345 78
346 78
347 78
348 78
349 78
340 79
341 79
342 79
343 79
344 79
345 79
346 79
347 79
348 79
340 80
341 80
342 80
343 80
344 80
345 80
346 80
347 80
348 80
349 80
340 81
341 81
342 81
343 81
344 81
345 81
346 81
347 81
348 81
349 81
339 82
340 82
341 82
342 82
343 82
344 82
345 82
346 82
347 82
348 82
349 82
350 82
338 83
339 83
340 83
341 83
342 83
343 83
344 83
345 83
346 83
347 83
348 83
349 83
350 83
337 84
338 84
339 84
340 84
341 84
342 84
344 84
345 84
346 84
347 84
348 84
349 84
350 84
335 85
336 85
337 85
338 85
339 85
340 85
341 85
342 85
345 85
346 85
347 85
348 85
349 85
350 85
331 86
332 86
333 86
334 86
335 86
336 86
337 86
338 86
339 86
340 86
341 86
345 86
346 86
347 86
348 86
349 86
350 86
328 87
329 87
330 87
331 87
332 87
333 87
334 87
335 87
336 87
337 87
338 87
339 87
340 87
345 87
346 87
347 87
348 87
327 88
328 88
329 88
330 88
331 88
332 88
333 88
334 88
335 88
336 88
337 88
338 88
345 88
346 88
347 88
348 88
326 89
327 89
328 89
329 89
330 89
331 89
332 89
333 89
334 89
343 89
344 89
345 89
346 89
347 89
326 90
327 90
328 90
329 90
343 90
344 90
345 90
346 90
326 91
327 91
328 91
342 91
343 91
344 91
345 91
325 92
326 92
327 92
342 92
343 92
344 92
345 92
325 93
326 93
342 93
343 93
344 93
345 93
341 94
342 94
343 94
344 94
345 94
341 95
342 95
343 95
344 95
345 95
342 96
343 96
344 96
345 96
346 96
343 97
344 97
345 97
346 97
345 98
346 98

FRAME 202
350 59
351 59
352 59
353 59
349 60
350 60
351 60
352 60
353 60
349 61
350 61
351 61
352 61
353 61
348 62
349 62
350 62
351 62
352 62
353 62
348 63
349 63
350 63
351 63
352 63
353 63
348 64
349 64
350 64
351 64
352 64
353 64
346 65
347 65
348 65
349 65
350 65
351 65
352 65
353 65
354 65
344 66
345 66
346 66
347 66
348 66
349 66
350 66
351 66
352 66
353 66
354 66
343 67
344 67
345 67
346 67
347 67
348 67
349 67
350 67
351 67
352 67
353 67
354 67
342 68
343 68
344 68
345 68
346 68
347 68
348 68
349 68
350 68
351 68
352 68
353 68
354 68
342 69
343 69
344 69
345 69
346 69
347 69
348 69
349 69
350 69
351 69
352 69
353 69
354 69
342 70
343 70
344 70
345 70
346 70
347 70
348 70
349 70
350 70
351 70
352 70
342 71
343 71
344 71
345 71
346 71
347 71
348 71
349 71
350 71
351 71
342 72
343 72
344 72
345 72
346 72
347 72
348 72
349 72
356 72
342 73
343 73
344 73
345 73
346 73
347 73
348 73
349 73
350 73
356 73
342 74
343 74
344 74
345 74
346 74
347 74
348 74
349 74
350 74
351 74
355 74
356 74
357 74
342 75
343 75
344 75
345 75
346 75
347 75
348 75
349 75
350 75
351 75
352 75
353 75
354 75
355 75
356 75
357 75
342 76
343 76
344 76
345 76
346 76
347 76
348 76
349 76
350 76
351 76
352 76
353 76
354 76
355 76
356 76
342 77
343 77
344 77
345 77
346 77
347 77
348 77
349 77
350 77
351 77
352 77
353 77
354 77
342 78
343 78
344 78
345 78
346 78
347 78
348 78
349 78
342 79
343 79
344 79
345 79
346 79
347 79
348 79
349 79
343 80
344 80
345 80
346 80
347 80
348 80
349 80
350 80
343 81
344 81
345 81
346 81
347 81
348 81
349 81
350 81
343 82
344 82
345 82
346 82
347 82
348 82
349 82
350 82
351 82
343 83
344 83
345 83
346 83
347 83
348 83
349 83
350 83
351 83
342 84
343 84
344 84
345 84
346 84
347 84
348 84
349 84
350 84
351 84
337 85
338 85
339 85
340 85
341 85
342 85
343 85
344 85
345 85
346 85
347 85
348 85
349 85
350 85
351 85
331 86
332 86
333 86
334 86
335 86
336 86
337 86
338 86
339 86
340 86
341 86
342 86
343 86
344 86
345 86
346 86
347 86
348 86
349 86
350 86
351 86
331 87
332 87
333 87
334 87
335 87
336 87
337 87
338 87
339 87
340 87
341 87
342 87
343 87
344 87
345 87
346 87
347 87
348 87
349 87
350 87
351 87
330 88
331 88
332 88
333 88
334 88
335 88
336 88
337 88
338 88
339 88
340 88
341 88
342 88
343 88
344 88
345 88
346 88
347 88
348 88
349 88
350 88
330 89
331 89
332 89
333 89
334 89
335 89
342 89
343 89
344 89
345 89
346 89
347 89
348 89
349 89
329 90
330 90
331 90
332 90
343 90
344 90
345 90
346 90
347 90
348 90
329 91
330 91
331 91
343 91
344 91
345 91
346 91
347 91
343 92
344 92
345 92
346 92
342 93
343 93
344 93
345 93
346 93
342 94
343 94
344 94
345 94
341 95
342 95
343 95
344 95
345 95
346 95
341 96
342 96
343 96
344 96
345 96
346 96
342 97
343 97
344 97
345 97
346 97
344 98
345 98
346 98

FRAME 203
356 57
357 57
358 57
359 57
355 58
356 58
357 58
358 58
359 58
360 58
354 59
355 59
356 59
357 59
358 59
359 59
360 59
354 60
355 60
356 60
357 60
358 60
359 60
360 60
354 61
355 61
356 61
357 61
358 61
359 61
360 61
361 61
353 62
354 62
355 62
356 62
357 62
358 62
359 62
360 62
361 62
352 63
353 63
354 63
355 63
356 63
357 63
358 63
359 63
360 63
350 64
351 64
352 64
353 64
354 64
355 64
356 64
357 64
358 64
359 64
360 64
348 65
349 65
350 65
351 65
352 65
353 65
354 65
355 65
356 65
357 65
358 65
359 65
360 65
361 65
348 66
349 66
350 66
351 66
352 66
353 66
354 66
355 66
356 66
357 66
358 66
359 66
360 66
361 66
347 67
348 67
349 67
350 67
351 67
352 67
353 67
354 67
355 67
356 67
357 67
358 67
359 67
360 67
361 67
347 68
348 68
349 68
350 68
351 68
352 68
353 68
354 68
355 68
356 68
357 68
358 68
359 68
360 68
361 68
347 69
348 69
349 69
350 69
351 69
352 69
353 69
354 69
355 69
356 69
357 69
358 69
359 69
360 69
361 69
346 70
347 70
348 70
349 70
350 70
351 70
352 70
353 70
354 70
355 70
356 70
357 70
358 70
359 70
360 70
361 70
346 71
347 71
348 71
349 71
350 71
351 71
352 71
353 71
354 71
355 71
356 71
357 71
358 71
359 71
360 71
361 71
346 72
347 72
348 72
349 72
350 72
351 72
352 72
353 72
354 72
355 72
356 72
357 72
358 72
359 72
360 72
361 72
362 72
345 73
346 73
347 73
348 73
349 73
350 73
351 73
352 73
353 73
354 73
355 73
356 73
357 73
358 73
359 73
360 73
361 73
362 73
345 74
346 74
347 74
348 74
349 74
350 74
351 74
352 74
353 74
354 74
355 74
356 74
357 74
358 74
359 74
360 74
361 74
362 74
363 74
345 75
346 75
347 75
348 75
349 75
350 75
351 75
352 75
353 75
354 75
355 75
356 75
357 75
358 75
359 75
360 75
361 75
362 75
345 76
346 76
347 76
348 76
349 76
350 76
351 76
352 76
359 76
360 76
361 76
345 77
346 77
347 77
348 77
349 77
350 77
351 77
352 77
345 78
346 78
347 78
348 78
349 78
350 78
351 78
352 78
346 79
347 79
348 79
349 79
350 79
351 79
352 79
346 80
347 80
348 80
349 80
350 80
351 80
352 80
346 81
347 81
348 81
349 81
350 81
351 81
352 81
353 81
347 82
348 82
349 82
350 82
351 82
352 82
353 82
347 83
348 83
349 83
350 83
351 83
352 83
353 83
346 84
347 84
348 84
349 84
350 84
351 84
352 84
353 84
345 85
346 85
347 85
348 85
349 85
350 85
351 85
352 85
353 85
338 86
339 86
340 86
341 86
342 86
343 86
344 86
345 86
346 86
347 86
348 86
349 86
350 86
351 86
352 86
353 86
338 87
339 87
340 87
341 87
342 87
343 87
344 87
345 87
346 87
347 87
348 87
349 87
350 87
351 87
352 87
338 88
339 88
340 88
341 88
342 88
343 88
344 88
345 88
346 88
347 88
348 88
349 88
350 88
351 88
352 88
339 89
340 89
341 89
342 89
343 89
344 89
345 89
346 89
347 89
348 89
349 89
350 89
351 89
344 90
345 90
346 90
347 90
348 90
349 90
350 90
343 91
344 91
345 91
346 91
347 91
348 91
343 92
344 92
345 92
346 92
347 92
342 93
343 93
344 93
345 93
346 93
341 94
342 94
343 94
344 94
345 94
346 94
341 95
342 95
343 95
344 95
345 95
346 95
341 96
342 96
343 96
344 96
345 96
346 96
341 97
342 97
343 97
344 97
345 97
346 97
342 98
343 98
344 98
345 98
346 98

FRAME 204
360 55
361 55
359 56
360 56
361 56
362 56
358 57
359 57
360 57
361 57
362 57
358 58
359 58
360 58
361 58
362 58
358 59
359 59
360 59
361 59
362 59
358 60
359 60
360 60
361 60
362 60
363 60
358 61
359 61
360 61
361 61
362 61
363 61
357 62
358 62
359 62
360 62
361 62
362 62
363 62
356 63
357 63
358 63
359 63
360 63
361 63
362 63
363 63
355 64
356 64
357 64
358 64
359 64
360 64
361 64
362 64
363 64
354 65
355 65
356 65
357 65
358 65
359 65
360 65
361 65
362 65
363 65
364 65
353 66
354 66
355 66
356 66
357 66
358 66
359 66
360 66
361 66
362 66
363 66
364 66
353 67
354 67
355 67
356 67
357 67
358 67
359 67
360 67
361 67
362 67
363 67
352 68
353 68
354 68
355 68
356 68
357 68
358 68
359 68
360 68
361 68
362 68
352 69
353 69
354 69
355 69
356 69
357 69
358 69
359 69
360 69
361 69
362 69
351 70
352 70
353 70
354 70
355 70
356 70
357 70
358 70
359 70
360 70
361 70
362 70
350 71
351 71
352 71
353 71
354 71
355 71
356 71
357 71
358 71
359 71
360 71
361 71
362 71
350 72
351 72
352 72
353 72
354 72
355 72
356 72
357 72
358 72
359 72
360 72
361 72
362 72
363 72
364 72
365 72
366 72
350 73
351 73
352 73
353 73
354 73
355 73
356 73
357 73
358 73
359 73
360 73
361 73
362 73
363 73
364 73
365 73
366 73
367 73
349 74
350 74
351 74
352 74
353 74
354 74
355 74
356 74
357 74
362 74
363 74
364 74
365 74
366 74
349 75
350 75
351 75
352 75
353 75
354 75
355 75
356 75
349 76
350 76
351 76
352 76
353 76
354 76
355 76
356 76
349 77
350 77
351 77
352 77
353 77
354 77
355 77
356 77
357 77
349 78
350 78
351 78
352 78
353 78
354 78
355 78
356 78
357 78
349 79
350 79
351 79
352 79
353 79
354 79
355 79
356 79
357 79
350 80
351 80
352 80
353 80
354 80
355 80
356 80
357 80
358 80
350 81
351 81
352 81
353 81
354 81
355 81
356 81
357 81
358 81
350 82
351 82
352 82
353 82
354 82
355 82
356 82
357 82
358 82
350 83
351 83
352 83
353 83
354 83
355 83
356 83
357 83
358 83
359 83
350 84
351 84
352 84
353 84
354 84
355 84
356 84
357 84
358 84
359 84
350 85
351 85
352 85
353 85
354 85
355 85
356 85
357 85
358 85
359 85
349 86
350 86
351 86
352 86
353 86
354 86
355 86
356 86
357 86
358 86
359 86
348 87
349 87
350 87
351 87
352 87
353 87
354 87
355 87
356 87
357 87
347 88
348 88
349 88
350 88
351 88
352 88
353 88
354 88
355 88
346 89
347 89
348 89
349 89
350 89
351 89
352 89
353 89
345 90
346 90
347 90
348 90
349 90
350 90
351 90
352 90
344 91
345 91
346 91
347 91
348 91
349 91
350 91
351 91
343 92
344 92
345 92
346 92
347 92
348 92
349 92
342 93
343 93
344 93
345 93
346 93
347 93
348 93
342 94
343 94
344 94
345 94
346 94
341 95
342 95
343 95
344 95
345 95
346 95
341 96
342 96
343 96
344 96
345 96
346 96
341 97
342 97
343 97
344 97
345 97
346 97
342 98
343 98
344 98
345 98
346 98

FRAME 205
361 56
362 56
363 56
360 57
361 57
362 57
363 57
364 57
360 58
361 58
362 58
363 58
364 58
365 58
359 59
360 59
361 59
362 59
363 59
364 59
365 59
359 60
360 60
361 60
362 60
363 60
364 60
365 60
358 61
359 61
360 61
361 61
362 61
363 61
364 61
365 61
358 62
359 62
360 62
361 62
362 62
363 62
364 62
365 62
366 62
357 63
358 63
359 63
360 63
361 63
362 63
363 63
364 63
365 63
366 63
356 64
357 64
358 64
359 64
360 64
361 64
362 64
363 64
364 64
365 64
366 64
356 65
357 65
358 65
359 65
360 65
361 65
362 65
363 65
364 65
365 65
366 65
355 66
356 66
357 66
358 66
359 66
360 66
361 66
362 66
363 66
364 66
365 66
366 66
354 67
355 67
356 67
357 67
358 67
359 67
360 67
361 67
362 67
363 67
364 67
365 67
366 67
354 68
355 68
356 68
357 68
358 68
359 68
360 68
361 68
362 68
363 68
364 68
365 68
368 68
353 69
354 69
355 69
356 69
357 69
358 69
359 69
360 69
361 69
362 69
363 69
364 69
365 69
367 69
368 69
353 70
354 70
355 70
356 70
357 70
358 70
359 70
360 70
361 70
362 70
363 70
364 70
365 70
367 70
368 70
352 71
353 71
354 71
355 71
356 71
357 71
358 71
359 71
360 71
361 71
362 71
363 71
364 71
365 71
366 71
367 71
368 71
351 72
352 72
353 72
354 72
355 72
356 72
357 72
358 72
359 72
360 72
361 72
362 72
363 72
364 72
365 72
366 72
367 72
368 72
351 73
352 73
353 73
354 73
355 73
356 73
357 73
358 73
359 73
360 73
361 73
362 73
363 73
364 73
365 73
366 73
367 73
368 73
351 74
352 74
353 74
354 74
355 74
356 74
357 74
358 74
359 74
360 74
361 74
362 74
363 74
364 74
365 74
351 75
352 75
353 75
354 75
355 75
356 75
357 75
358 75
359 75
360 75
351 76
352 76
353 76
354 76
355 76
356 76
357 76
358 76
359 76
351 77
352 77
353 77
354 77
355 77
356 77
357 77
358 77
359 77
360 77
361 77
351 78
352 78
353 78
354 78
355 78
356 78
357 78
358 78
359 78
360 78
361 78
351 79
352 79
353 79
354 79
355 79
356 79
357 79
358 79
359 79
360 79
361 79
362 79
351 80
352 80
353 80
354 80
355 80
356 80
357 80
358 80
359 80
360 80
361 80
362 80
351 81
352 81
353 81
354 81
355 81
356 81
357 81
358 81
359 81
360 81
361 81
362 81
363 81
351 82
352 82
353 82
354 82
355 82
356 82
357 82
358 82
359 82
360 82
361 82
362 82
363 82
351 83
352 83
353 83
354 83
355 83
356 83
357 83
358 83
359 83
360 83
361 83
362 83
363 83
351 84
352 84
353 84
354 84
355 84
356 84
357 84
358 84
359 84
360 84
361 84
362 84
363 84
351 85
352 85
353 85
354 85
355 85
356 85
357 85
358 85
359 85
360 85
361 85
362 85
350 86
351 86
352 86
353 86
354 86
355 86
356 86
357 86
358 86
359 86
360 86
361 86
350 87
351 87
352 87
353 87
354 87
355 87
356 87
357 87
358 87
359 87
348 88
349 88
350 88
351 88
352 88
353 88
354 88
355 88
356 88
357 88
347 89
348 89
349 89
350 89
351 89
352 89
353 89
354 89
355 89
346 90
347 90
348 90
349 90
350 90
351 90
352 90
353 90
354 90
345 91
346 91
347 91
348 91
349 91
350 91
351 91
352 91
353 91
344 92
345 92
346 92
347 92
348 92
349 92
343 93
344 93
345 93
346 93
347 93
342 94
343 94
344 94
345 94
346 94
347 94
342 95
343 95
344 95
345 95
346 95
342 96
343 96
344 96
345 96
346 96
342 97
343 97
344 97
345 97
346 97
344 98
345 98
346 98

FRAME 206
438 235
439 235
440 235
441 235
437 236
438 236
439 236
440 236
441 236
442 236
436 237
437 237
438 237
439 237
440 237
441 237
442 237
436 238
437 238
438 238
439 238
440 238
441 238
442 238
436 239
437 239
438 239
439 239
440 239
441 239
442 239
436 240
437 240
438 240
439 240
440 240
441 240
442 240
436 241
437 241
438 241
439 241
440 241
441 241
442 241
436 242
437 242
438 242
439 242
440 242
441 242
442 242
436 243
437 243
438 243
439 243
440 243
441 243
442 243
422 244
423 244
435 244
436 244
437 244
438 244
439 244
440 244
441 244
442 244
422 245
423 245
424 245
425 245
433 245
434 245
435 245
436 245
437 245
438 245
439 245
440 245
441 245
442 245
443 245
423 246
424 246
425 246
426 246
431 246
432 246
433 246
434 246
435 246
436 246
437 246
438 246
439 246
440 246
441 246
442 246
443 246
444 246
423 247
424 247
425 247
426 247
427 247
428 247
429 247
430 247
431 247
432 247
433 247
434 247
435 247
436 247
437 247
438 247
439 247
440 247
441 247
442 247
443 247
444 247
445 247
425 248
426 248
427 248
428 248
429 248
430 248
431 248
432 248
433 248
434 248
435 248
436 248
437 248
438 248
439 248
440 248
441 248
442 248
443 248
444 248
445 248
446 248
425 249
426 249
427 249
428 249
429 249
430 249
431 249
432 249
433 249
434 249
435 249
436 249
437 249
438 249
439 249
440 249
441 249
442 249
443 249
444 249
445 249
446 249
447 249
426 250
427 250
428 250
429 250
430 250
431 250
432 250
433 250
434 250
435 250
436 250
437 250
438 250
439 250
440 250
441 250
442 250
443 250
444 250
445 250
446 250
447 250
426 251
427 251
428 251
429 251
430 251
431 251
432 251
433 251
434 251
435 251
436 251
437 251
438 251
439 251
440 251
441 251
442 251
443 251
444 251
445 251
446 251
447 251
448 251
427 252
428 252
429 252
430 252
431 252
432 252
433 252
434 252
435 252
436 252
437 252
438 252
439 252
440 252
441 252
442 252
443 252
444 252
445 252
446 252
447 252
448 252
427 253
428 253
429 253
430 253
431 253
432 253
433 253
434 253
435 253
436 253
437 253
438 253
439 253
440 253
441 253
442 253
443 253
444 253
445 253
446 253
447 253
448 253
427 254
428 254
429 254
430 254
431 254
432 254
433 254
434 254
435 254
436 254
437 254
438 254
439 254
440 254
441 254
442 254
443 254
444 254
445 254
446 254
447 254
448 254
427 255
428 255
429 255
430 255
431 255
432 255
433 255
434 255
435 255
436 255
437 255
438 255
439 255
440 255
441 255
442 255
443 255
444 255
445 255
446 255
447 255
448 255
426 256
427 256
428 256
429 256
430 256
431 256
432 256
433 256
434 256
435 256
436 256
437 256
438 256
439 256
440 256
441 256
442 256
443 256
444 256
445 256
446 256
447 256
448 256
426 257
427 257
428 257
429 257
430 257
431 257
432 257
433 257
434 257
435 257
436 257
437 257
438 257
439 257
440 257
441 257
442 257
443 257
444 257
445 257
446 257
447 257
448 257
426 258
427 258
428 258
429 258
430 258
431 258
432 258
433 258
434 258
435 258
436 258
437 258
438 258
439 258
440 258
441 258
442 258
443 258
444 258
445 258
446 258
447 258
448 258
449 258
426 259
427 259
428 259
429 259
430 259
431 259
432 259
433 259
434 259
435 259
436 259
437 259
438 259
439 259
440 259
441 259
442 259
443 259
444 259
445 259
446 259
447 259
448 259
449 259
426 260
427 260
428 260
429 260
430 260
431 260
432 260
433 260
434 260
435 260
436 260
437 260
438 260
439 260
440 260
441 260
442 260
443 260
444 260
445 260
446 260
447 260
448 260
426 261
427 261
428 261
429 261
430 261
431 261
432 261
433 261
434 261
435 261
436 261
437 261
438 261
439 261
440 261
441 261
442 261
443 261
444 261
445 261
446 261
426 262
427 262
428 262
429 262
430 262
431 262
432 262
433 262
434 262
435 262
436 262
437 262
438 262
439 262
440 262
441 262
442 262
443 262
444 262
445 262
425 263
426 263
427 263
428 263
430 263
431 263
432 263
433 263
434 263
435 263
436 263
437 263
438 263
439 263
440 263
441 263
442 263
443 263
444 263
445 263
425 264
426 264
427 264
430 264
431 264
432 264
433 264
434 264
435 264
436 264
437 264
438 264
439 264
440 264
441 264
442 264
443 264
444 264
445 264
446 264
425 265
426 265
427 265
431 265
432 265
433 265
434 265
435 265
436 265
437 265
438 265
439 265
440 265
441 265
442 265
443 265
444 265
445 265
446 265
425 266
426 266
427 266
431 266
432 266
433 266
434 266
435 266
436 266
437 266
438 266
439 266
440 266
441 266
442 266
443 266
444 266
445 266
446 266
425 267
426 267
427 267
430 267
431 267
432 267
433 267
434 267
435 267
436 267
437 267
438 267
439 267
440 267
441 267
442 267
443 267
444 267
445 267
446 267
424 268
425 268
426 268
427 268
431 268
432 268
433 268
434 268
435 268
436 268
437 268
438 268
439 268
440 268
441 268
442 268
443 268
444 268
445 268
446 268
447 268
424 269
425 269
426 269
427 269
431 269
432 269
433 269
434 269
435 269
436 269
437 269
438 269
439 269
440 269
441 269
442 269
443 269
444 269
445 269
446 269
447 269
424 270
425 270
426 270
431 270
432 270
433 270
434 270
435 270
436 270
437 270
438 270
439 270
440 270
441 270
442 270
443 270
444 270
445 270
446 270
447 270
424 271
425 271
426 271
431 271
432 271
433 271
434 271
435 271
436 271
437 271
438 271
439 271
440 271
441 271
442 271
443 271
444 271
445 271
446 271
447 271
431 272
432 272
433 272
434 272
435 272
436 272
437 272
438 272
439 272
440 272
441 272
442 272
443 272
444 272
445 272
446 272
447 272
431 273
432 273
433 273
434 273
435 273
436 273
437 273
438 273
439 273
440 273
441 273
442 273
443 273
444 273
445 273
446 273
447 273
448 273
431 274
432 274
433 274
434 274
435 274
436 274
437 274
438 274
439 274
440 274
441 274
442 274
443 274
444 274
445 274
446 274
447 274
448 274
431 275
432 275
433 275
434 275
435 275
436 275
437 275
438 275
439 275
440 275
441 275
442 275
443 275
444 275
445 275
446 275
447 275
448 275
431 276
432 276
433 276
434 276
435 276
436 276
437 276
438 276
442 276
443 276
444 276
445 276
446 276
447 276
448 276
432 277
433 277
434 277
435 277
436 277
437 277
442 277
443 277
444 277
445 277
446 277
447 277
448 277
432 278
433 278
434 278
435 278
436 278
437 278
443 278
444 278
445 278
446 278
447 278
448 278
432 279
433 279
434 279
435 279
436 279
437 279
443 279
444 279
445 279
446 279
447 279
448 279
432 280
433 280
434 280
435 280
436 280
437 280
443 280
444 280
445 280
446 280
447 280
448 280
449 280
432 281
433 281
434 281
435 281
436 281
437 281
438 281
444 281
445 281
446 281
447 281
448 281
449 281
433 282
434 282
435 282
436 282
437 282
438 282
439 282
444 282
445 282
446 282
447 282
448 282
449 282
433 283
434 283
435 283
436 283
437 283
438 283
439 283
440 283
444 283
445 283
446 283
447 283
448 283
449 283
434 284
435 284
436 284
437 284
438 284
439 284
440 284
441 284
445 284
446 284
447 284
448 284
449 284
435 285
436 285
437 285
438 285
439 285
440 285
441 285
442 285
445 285
446 285
447 285
448 285
449 285
450 285
436 286
437 286
438 286
439 286
440 286
441 286
442 286
445 286
446 286
447 286
448 286
449 286
450 286
437 287
438 287
439 287
440 287
441 287
442 287
443 287
444 287
445 287
446 287
447 287
448 287
449 287
450 287
438 288
439 288
440 288
441 288
442 288
443 288
444 288
445 288
446 288
447 288
448 288
449 288
450 288
438 289
439 289
440 289
441 289
442 289
443 289
446 289
447 289
448 289
449 289
450 289
438 290
439 290
440 290
441 290
442 290
447 290
448 290
449 290
450 290
438 291
439 291
440 291
441 291
442 291
443 291
447 291
448 291
449 291
450 291
439 292
440 292
441 292
442 292
447 292
448 292
449 292
450 292
451 292
439 293
440 293
441 293
442 293
447 293
448 293
449 293
450 293
451 293
439 294
440 294
441 294
442 294
447 294
448 294
449 294
450 294
451 294
439 295
440 295
441 295
442 295
447 295
448 295
449 295
450 295
451 295
452 295
439 296
440 296
441 296
442 296
448 296
449 296
450 296
451 296
452 296
453 296
439 297
440 297
441 297
448 297
449 297
450 297
451 297
452 297
453 297
448 298
449 298
450 298
451 298
452 298
453 298
454 298
448 299
449 299
450 299
451 299
452 299
453 299
448 300
449 300
450 300
451 300
452 300
453 300
449 301
450 301
451 301

FRAME 207
370 58
371 58
372 58
373 58
369 59
370 59
371 59
372 59
373 59
374 59
375 59
368 60
369 60
370 60
371 60
372 60
373 60
374 60
375 60
367 61
368 61
369 61
370 61
371 61
372 61
373 61
374 61
375 61
366 62
367 62
368 62
369 62
370 62
371 62
372 62
373 62
374 62
375 62
365 63
366 63
367 63
368 63
369 63
370 63
371 63
372 63
373 63
374 63
364 64
365 64
366 64
367 64
368 64
369 64
370 64
371 64
372 64
373 64
374 64
364 65
365 65
366 65
367 65
368 65
369 65
370 65
371 65
372 65
373 65
374 65
363 66
364 66
365 66
366 66
367 66
368 66
369 66
370 66
371 66
372 66
373 66
374 66
375 66
376 66
363 67
364 67
365 67
366 67
367 67
368 67
369 67
370 67
371 67
372 67
373 67
374 67
375 67
376 67
377 67
378 67
362 68
363 68
364 68
365 68
366 68
367 68
368 68
369 68
370 68
371 68
372 68
373 68
374 68
375 68
376 68
377 68
378 68
362 69
363 69
364 69
365 69
366 69
367 69
368 69
369 69
370 69
371 69
372 69
373 69
374 69
375 69
376 69
377 69
378 69
362 70
363 70
364 70
365 70
366 70
367 70
368 70
369 70
370 70
371 70
372 70
373 70
374 70
375 70
376 70
377 70
361 71
362 71
363 71
364 71
365 71
366 71
367 71
368 71
369 71
370 71
371 71
372 71
373 71
374 71
375 71
376 71
361 72
362 72
363 72
364 72
365 72
366 72
367 72
368 72
369 72
370 72
372 72
373 72
374 72
361 73
362 73
363 73
364 73
365 73
366 73
367 73
368 73
369 73
361 74
362 74
363 74
364 74
365 74
366 74
367 74
368 74
361 75
362 75
363 75
364 75
365 75
366 75
367 75
368 75
361 76
362 76
363 76
364 76
365 76
366 76
367 76
368 76
361 77
362 77
363 77
364 77
365 77
366 77
367 77
368 77
369 77
361 78
362 78
363 78
364 78
365 78
366 78
367 78
368 78
369 78
361 79
362 79
363 79
364 79
365 79
366 79
367 79
368 79
369 79
370 79
371 79
361 80
362 80
363 80
364 80
365 80
366 80
367 80
368 80
369 80
370 80
371 80
362 81
363 81
364 81
365 81
366 81
367 81
368 81
369 81
370 81
371 81
361 82
362 82
363 82
364 82
365 82
366 82
367 82
368 82
369 82
370 82
371 82
361 83
362 83
363 83
364 83
365 83
366 83
367 83
368 83
369 83
370 83
371 83
360 84
361 84
362 84
363 84
364 84
365 84
366 84
367 84
368 84
369 84
370 84
371 84
359 85
360 85
361 85
362 85
363 85
364 85
365 85
367 85
368 85
369 85
370 85
371 85
357 86
358 86
359 86
360 86
361 86
362 86
363 86
364 86
365 86
367 86
368 86
369 86
370 86
371 86
355 87
356 87
357 87
358 87
359 87
360 87
361 87
362 87
363 87
364 87
367 87
368 87
369 87
370 87
352 88
353 88
354 88
355 88
356 88
357 88
358 88
359 88
360 88
361 88
362 88
367 88
368 88
369 88
370 88
351 89
352 89
353 89
354 89
355 89
356 89
357 89
358 89
359 89
360 89
361 89
366 89
367 89
368 89
369 89
350 90
351 90
352 90
353 90
354 90
355 90
356 90
357 90
366 90
367 90
368 90
369 90
370 90
350 91
351 91
352 91
353 91
354 91
366 91
367 91
368 91
369 91
350 92
351 92
352 92
366 92
367 92
368 92
369 92
370 92
349 93
350 93
351 93
366 93
367 93
368 93
369 93
370 93
350 94
351 94
366 94
367 94
368 94
369 94
370 94
366 95
367 95
368 95
369 95
370 95
367 96
368 96

FRAME 208
435 232
436 232
433 233
434 233
435 233
436 233
437 233
433 234
434 234
435 234
436 234
437 234
438 234
432 235
433 235
434 235
435 235
436 235
437 235
438 235
432 236
433 236
434 236
435 236
436 236
437 236
438 236
432 237
433 237
434 237
435 237
436 237
437 237
438 237
432 238
433 238
434 238
435 238
436 238
437 238
438 238
432 239
433 239
434 239
435 239
436 239
437 239
438 239
433 240
434 240
435 240
436 240
437 240
438 240
432 241
433 241
434 241
435 241
436 241
437 241
438 241
415 242
416 242
417 242
431 242
432 242
433 242
434 242
435 242
436 242
437 242
438 242
439 242
415 243
416 243
417 243
418 243
429 243
430 243
431 243
432 243
433 243
434 243
435 243
436 243
437 243
438 243
439 243
440 243
416 244
417 244
418 244
419 244
420 244
428 244
429 244
430 244
431 244
432 244
433 244
434 244
435 244
436 244
437 244
438 244
439 244
440 244
441 244
417 245
418 245
419 245
420 245
421 245
427 245
428 245
429 245
430 245
431 245
432 245
433 245
434 245
435 245
436 245
437 245
438 245
439 245
440 245
441 245
442 245
443 245
417 246
418 246
419 246
420 246
421 246
422 246
423 246
424 246
425 246
426 246
427 246
428 246
429 246
430 246
431 246
432 246
433 246
434 246
435 246
436 246
437 246
438 246
439 246
440 246
441 246
442 246
443 246
418 247
419 247
420 247
421 247
422 247
423 247
424 247
425 247
426 247
427 247
428 247
429 247
430 247
431 247
432 247
433 247
434 247
435 247
436 247
437 247
438 247
439 247
440 247
441 247
442 247
443 247
420 248
421 248
422 248
423 248
424 248
425 248
426 248
427 248
428 248
429 248
430 248
431 248
432 248
433 248
434 248
435 248
436 248
437 248
438 248
439 248
440 248
441 248
442 248
443 248
421 249
422 249
423 249
424 249
425 249
426 249
427 249
428 249
429 249
430 249
431 249
432 249
433 249
434 249
435 249
436 249
437 249
438 249
439 249
440 249
441 249
442 249
443 249
444 249
422 250
423 250
424 250
425 250
426 250
427 250
428 250
429 250
430 250
431 250
432 250
433 250
434 250
435 250
436 250
437 250
438 250
439 250
440 250
441 250
442 250
443 250
444 250
422 251
423 251
424 251
425 251
426 251
427 251
428 251
429 251
430 251
431 251
432 251
433 251
434 251
435 251
436 251
437 251
438 251
439 251
440 251
441 251
442 251
443 251
444 251
422 252
423 252
424 252
425 252
426 252
427 252
428 252
429 252
430 252
431 252
432 252
433 252
434 252
435 252
436 252
437 252
438 252
439 252
440 252
441 252
442 252
443 252
444 252
422 253
423 253
424 253
425 253
426 253
427 253
428 253
429 253
430 253
431 253
432 253
433 253
434 253
435 253
436 253
437 253
438 253
439 253
440 253
441 253
442 253
443 253
444 253
421 254
422 254
423 254
424 254
425 254
426 254
427 254
428 254
429 254
430 254
431 254
432 254
433 254
434 254
435 254
436 254
437 254
438 254
439 254
440 254
441 254
442 254
443 254
421 255
422 255
423 255
424 255
425 255
427 255
428 255
429 255
430 255
431 255
432 255
433 255
434 255
435 255
436 255
437 255
438 255
439 255
440 255
441 255
442 255
443 255
421 256
422 256
423 256
424 256
429 256
430 256
431 256
432 256
433 256
434 256
435 256
436 256
437 256
438 256
439 256
440 256
441 256
442 256
443 256
421 257
422 257
423 257
424 257
429 257
430 257
431 257
432 257
433 257
434 257
435 257
436 257
437 257
438 257
439 257
440 257
441 257
442 257
443 257
421 258
422 258
423 258
424 258
429 258
430 258
431 258
432 258
433 258
434 258
435 258
436 258
437 258
438 258
439 258
440 258
441 258
442 258
443 258
420 259
421 259
422 259
423 259
428 259
429 259
430 259
431 259
432 259
433 259
434 259
435 259
436 259
437 259
438 259
439 259
440 259
441 259
442 259
420 260
421 260
422 260
423 260
428 260
429 260
430 260
431 260
432 260
433 260
434 260
435 260
436 260
437 260
438 260
439 260
440 260
441 260
442 260
420 261
421 261
422 261
423 261
428 261
429 261
430 261
431 261
432 261
433 261
434 261
435 261
436 261
437 261
438 261
439 261
440 261
441 261
442 261
420 262
421 262
422 262
423 262
428 262
429 262
430 262
431 262
432 262
433 262
434 262
435 262
436 262
437 262
438 262
439 262
440 262
441 262
442 262
420 263
421 263
422 263
428 263
429 263
430 263
431 263
432 263
433 263
434 263
435 263
436 263
437 263
438 263
439 263
440 263
441 263
442 263
419 264
420 264
421 264
422 264
428 264
429 264
430 264
431 264
432 264
433 264
434 264
435 264
436 264
437 264
438 264
439 264
440 264
441 264
442 264
443 264
419 265
420 265
421 265
422 265
428 265
429 265
430 265
431 265
432 265
433 265
434 265
435 265
436 265
437 265
438 265
439 265
440 265
441 265
442 265
443 265
419 266
420 266
421 266
422 266
427 266
428 266
429 266
430 266
431 266
432 266
433 266
434 266
435 266
436 266
437 266
438 266
439 266
440 266
441 266
442 266
443 266
419 267
420 267
421 267
427 267
428 267
429 267
430 267
431 267
432 267
433 267
434 267
435 267
436 267
437 267
438 267
439 267
440 267
441 267
442 267
443 267
444 267
427 268
428 268
429 268
430 268
431 268
432 268
433 268
434 268
435 268
436 268
437 268
438 268
439 268
440 268
441 268
442 268
443 268
444 268
428 269
429 269
430 269
431 269
432 269
433 269
434 269
435 269
436 269
437 269
438 269
439 269
440 269
441 269
442 269
443 269
444 269
428 270
429 270
430 270
431 270
432 270
433 270
434 270
435 270
436 270
437 270
438 270
439 270
440 270
441 270
442 270
443 270
444 270
445 270
428 271
429 271
430 271
431 271
432 271
433 271
434 271
435 271
437 271
438 271
439 271
440 271
441 271
442 271
443 271
444 271
445 271
428 272
429 272
430 272
431 272
432 272
433 272
437 272
438 272
439 272
440 272
441 272
442 272
443 272
444 272
445 272
428 273
429 273
430 273
431 273
432 273
438 273
439 273
440 273
441 273
442 273
443 273
444 273
445 273
428 274
429 274
430 274
431 274
432 274
439 274
440 274
441 274
442 274
443 274
444 274
445 274
428 275
429 275
430 275
431 275
432 275
440 275
441 275
442 275
443 275
444 275
445 275
429 276
430 276
431 276
432 276
433 276
441 276
442 276
443 276
444 276
445 276
446 276
429 277
430 277
431 277
432 277
433 277
441 277
442 277
443 277
444 277
445 277
446 277
429 278
430 278
431 278
432 278
433 278
442 278
443 278
444 278
445 278
446 278
429 279
430 279
431 279
432 279
433 279
442 279
443 279
444 279
445 279
446 279
447 279
430 280
431 280
432 280
433 280
443 280
444 280
445 280
446 280
447 280
430 281
431 281
432 281
433 281
443 281
444 281
445 281
446 281
447 281
448 281
430 282
431 282
432 282
433 282
444 282
445 282
446 282
447 282
448 282
430 283
431 283
432 283
433 283
434 283
444 283
445 283
446 283
447 283
448 283
449 283
430 284
431 284
432 284
433 284
434 284
444 284
445 284
446 284
447 284
448 284
449 284
430 285
431 285
432 285
433 285
434 285
445 285
446 285
447 285
448 285
449 285
430 286
431 286
432 286
433 286
434 286
445 286
446 286
447 286
448 286
449 286
430 287
431 287
432 287
433 287
434 287
445 287
446 287
447 287
448 287
449 287
429 288
430 288
431 288
432 288
433 288
434 288
445 288
446 288
447 288
448 288
449 288
428 289
429 289
430 289
431 289
432 289
433 289
434 289
446 289
447 289
448 289
449 289
427 290
428 290
429 290
430 290
431 290
432 290
433 290
434 290
446 290
447 290
448 290
449 290
450 290
428 291
429 291
430 291
431 291
432 291
433 291
446 291
447 291
448 291
449 291
450 291
428 292
429 292
430 292
431 292
432 292
447 292
448 292
449 292
450 292
447 293
448 293
449 293
450 293
447 294
448 294
449 294
450 294
451 294
447 295
448 295
449 295
450 295
451 295
452 295
447 296
448 296
449 296
450 296
451 296
452 296
453 296
447 297
448 297
449 297
450 297
451 297
452 297
453 297
448 298
449 298
450 298
451 298
452 298
453 298
454 298
448 299
449 299
450 299
451 299
452 299
453 299
450 300
451 300
452 300
